#pragma once
unsigned char sysData[34608] = 	{
	0x58, 0x4F, 0x85, 0x15, 0x16, 0x15, 0x15, 0x15, 0x11, 0x15, 0x15, 0x15, 0xEA, 0xEA, 0x15, 0x15, 0xAD, 0x15, 0x15, 0x15, 0x15, 0x15, 0x15, 0x15, 0x55, 0x15, 0x15, 0x15, 0x15, 0x15, 
	0x15, 0x15, 0x15, 0x15, 0x15, 0x15, 0x15, 0x15, 0x15, 0x15, 0x15, 0x15, 0x15, 0x15, 0x15, 0x15, 0x15, 0x15, 0x15, 0x15, 0x15, 0x15, 0x15, 0x15, 0x15, 0x15, 0x15, 0x15, 0x15, 0x15, 
	0xC5, 0x15, 0x15, 0x15, 0x1B, 0x0A, 0xAF, 0x1B, 0x15, 0xA1, 0x1C, 0xD8, 0x34, 0xAD, 0x14, 0x59, 0xD8, 0x34, 0x41, 0x7D, 0x7C, 0x66, 0x35, 0x65, 0x67, 0x7A, 0x72, 0x67, 0x74, 0x78, 
	0x35, 0x76, 0x74, 0x7B, 0x7B, 0x7A, 0x61, 0x35, 0x77, 0x70, 0x35, 0x67, 0x60, 0x7B, 0x35, 0x7C, 0x7B, 0x35, 0x51, 0x5A, 0x46, 0x35, 0x78, 0x7A, 0x71, 0x70, 0x3B, 0x18, 0x18, 0x1F, 
	0x31, 0x15, 0x15, 0x15, 0x15, 0x15, 0x15, 0x15, 0xF0, 0x80, 0x61, 0xF9, 0xB4, 0xE1, 0x0F, 0xAA, 0xB4, 0xE1, 0x0F, 0xAA, 0xB4, 0xE1, 0x0F, 0xAA, 0xB4, 0xE1, 0x0E, 0xAA, 0xA0, 0xE1, 
	0x0F, 0xAA, 0xD9, 0xBC, 0x0E, 0xAB, 0xB7, 0xE1, 0x0F, 0xAA, 0xD9, 0xBC, 0x0C, 0xAB, 0xB6, 0xE1, 0x0F, 0xAA, 0xD9, 0xBC, 0x0B, 0xAB, 0xB1, 0xE1, 0x0F, 0xAA, 0x26, 0xBF, 0x0B, 0xAB, 
	0xB7, 0xE1, 0x0F, 0xAA, 0x26, 0xBF, 0x0D, 0xAB, 0xB5, 0xE1, 0x0F, 0xAA, 0x47, 0x7C, 0x76, 0x7D, 0xB4, 0xE1, 0x0F, 0xAA, 0x15, 0x15, 0x15, 0x15, 0x15, 0x15, 0x15, 0x15, 0x45, 0x50, 
	0x15, 0x15, 0x71, 0x93, 0x12, 0x15, 0xDC, 0x26, 0x3B, 0x74, 0x15, 0x15, 0x15, 0x15, 0x15, 0x15, 0x15, 0x15, 0xE5, 0x15, 0x37, 0x15, 0x1E, 0x17, 0x1B, 0x15, 0x15, 0x19, 0x15, 0x15, 
	0x15, 0x65, 0x15, 0x15, 0x15, 0x15, 0x15, 0x15, 0x15, 0xD5, 0x15, 0x15, 0x15, 0x05, 0x15, 0x15, 0x15, 0x15, 0x15, 0x55, 0x14, 0x15, 0x15, 0x15, 0x15, 0x05, 0x15, 0x15, 0x15, 0x17, 
	0x15, 0x15, 0x1F, 0x15, 0x15, 0x15, 0x1F, 0x15, 0x15, 0x15, 0x13, 0x15, 0x14, 0x15, 0x15, 0x15, 0x15, 0x15, 0x15, 0xF5, 0x15, 0x15, 0x15, 0x11, 0x15, 0x15, 0x4A, 0xD1, 0x15, 0x15, 
	0x14, 0x15, 0x75, 0x14, 0x15, 0x15, 0x05, 0x15, 0x15, 0x15, 0x15, 0x15, 0x15, 0x05, 0x15, 0x15, 0x15, 0x15, 0x15, 0x15, 0x15, 0x15, 0x05, 0x15, 0x15, 0x15, 0x15, 0x15, 0x15, 0x05, 
	0x15, 0x15, 0x15, 0x15, 0x15, 0x15, 0x15, 0x15, 0x15, 0x15, 0x05, 0x15, 0x15, 0x15, 0x15, 0x15, 0x15, 0x15, 0x15, 0x15, 0x15, 0x15, 0x85, 0xD5, 0x15, 0x15, 0x3D, 0x15, 0x15, 0x15, 
	0x15, 0x15, 0x15, 0x15, 0x15, 0x15, 0x15, 0x15, 0x15, 0xB5, 0x15, 0x15, 0x41, 0x15, 0x15, 0x15, 0x15, 0x95, 0x15, 0x15, 0x25, 0x12, 0x15, 0x15, 0x15, 0xC5, 0x15, 0x15, 0x01, 0x15, 
	0x15, 0x15, 0x95, 0x35, 0x15, 0x15, 0x2D, 0x15, 0x15, 0x15, 0x15, 0x15, 0x15, 0x15, 0x15, 0x15, 0x15, 0x15, 0x15, 0x15, 0x15, 0x15, 0x15, 0x15, 0x15, 0x15, 0x15, 0x15, 0x15, 0x15, 
	0x15, 0x15, 0x15, 0x15, 0xD5, 0x35, 0x15, 0x15, 0xC5, 0x15, 0x15, 0x15, 0x15, 0x15, 0x15, 0x15, 0x15, 0x15, 0x15, 0x15, 0x15, 0x35, 0x15, 0x15, 0x65, 0x15, 0x15, 0x15, 0x15, 0x15, 
	0x15, 0x15, 0x15, 0x15, 0x15, 0x15, 0x15, 0x15, 0x15, 0x15, 0x15, 0x15, 0x15, 0x15, 0x15, 0x15, 0x15, 0x15, 0x15, 0x15, 0x15, 0x15, 0x3B, 0x61, 0x70, 0x6D, 0x61, 0x15, 0x15, 0x15, 
	0xEF, 0x13, 0x15, 0x15, 0x15, 0x05, 0x15, 0x15, 0x15, 0x1D, 0x15, 0x15, 0x15, 0x11, 0x15, 0x15, 0x15, 0x15, 0x15, 0x15, 0x15, 0x15, 0x15, 0x15, 0x15, 0x15, 0x15, 0x15, 0x35, 0x15, 
	0x15, 0x7D, 0x3B, 0x67, 0x71, 0x74, 0x61, 0x74, 0x15, 0x15, 0x71, 0x16, 0x15, 0x15, 0x15, 0x35, 0x15, 0x15, 0x15, 0x11, 0x15, 0x15, 0x15, 0x19, 0x15, 0x15, 0x15, 0x15, 0x15, 0x15, 
	0x15, 0x15, 0x15, 0x15, 0x15, 0x15, 0x15, 0x15, 0x55, 0x15, 0x15, 0x5D, 0x3B, 0x71, 0x74, 0x61, 0x74, 0x15, 0x15, 0x15, 0x45, 0x71, 0x15, 0x15, 0x15, 0x25, 0x15, 0x15, 0x15, 0x73, 
	0x15, 0x15, 0x15, 0x05, 0x15, 0x15, 0x15, 0x15, 0x15, 0x15, 0x15, 0x15, 0x15, 0x15, 0x15, 0x15, 0x15, 0x15, 0x55, 0x15, 0x15, 0xDD, 0x3B, 0x65, 0x71, 0x74, 0x61, 0x74, 0x15, 0x15, 
	0x41, 0x15, 0x15, 0x15, 0x15, 0xB5, 0x15, 0x15, 0x15, 0x17, 0x15, 0x15, 0x15, 0x63, 0x15, 0x15, 0x15, 0x15, 0x15, 0x15, 0x15, 0x15, 0x15, 0x15, 0x15, 0x15, 0x15, 0x15, 0x55, 0x15, 
	0x15, 0x5D, 0x3B, 0x72, 0x73, 0x7C, 0x71, 0x66, 0x15, 0x15, 0x11, 0x15, 0x15, 0x15, 0x15, 0xA5, 0x15, 0x15, 0x15, 0x17, 0x15, 0x15, 0x15, 0x6D, 0x15, 0x15, 0x15, 0x15, 0x15, 0x15, 
	0x15, 0x15, 0x15, 0x15, 0x15, 0x15, 0x15, 0x15, 0x55, 0x15, 0x15, 0x5D, 0x5C, 0x5B, 0x5C, 0x41, 0x15, 0x15, 0x15, 0x15, 0x3F, 0x17, 0x15, 0x15, 0x15, 0xD5, 0x15, 0x15, 0x15, 0x11, 
	0x15, 0x15, 0x15, 0x6F, 0x15, 0x15, 0x15, 0x15, 0x15, 0x15, 0x15, 0x15, 0x15, 0x15, 0x15, 0x15, 0x15, 0x15, 0x35, 0x15, 0x15, 0x77, 0x3B, 0x67, 0x70, 0x79, 0x7A, 0x76, 0x15, 0x15, 
	0x01, 0x15, 0x15, 0x15, 0x15, 0xC5, 0x15, 0x15, 0x15, 0x17, 0x15, 0x15, 0x15, 0x6B, 0x15, 0x15, 0x15, 0x15, 0x15, 0x15, 0x15, 0x15, 0x15, 0x15, 0x15, 0x15, 0x15, 0x15, 0x55, 0x15, 
	0x15, 0x57, 0x15, 0x15, 0x15, 0x15, 0x15, 0x15, 0x15, 0x15, 0x15, 0x15, 0x15, 0x15, 0x15, 0x15, 0x15, 0x15, 0x15, 0x15, 0x15, 0x15, 0x15, 0x15, 0x15, 0x15, 0x15, 0x15, 0x15, 0x15, 
	0x15, 0x15, 0x15, 0x15, 0x15, 0x15, 0x15, 0x15, 0x15, 0x15, 0x15, 0x15, 0x15, 0x15, 0x15, 0x15, 0x15, 0x15, 0x15, 0x15, 0x15, 0x15, 0x15, 0x15, 0x15, 0x15, 0x15, 0x15, 0x15, 0x15, 
	0x15, 0x15, 0x15, 0x15, 0x15, 0x15, 0x15, 0x15, 0x15, 0x15, 0x15, 0x15, 0x15, 0x15, 0x15, 0x15, 0x15, 0x15, 0x15, 0x15, 0x15, 0x15, 0x15, 0x15, 0x15, 0x15, 0x15, 0x15, 0x15, 0x15, 
	0x15, 0x15, 0x15, 0x15, 0x15, 0x15, 0x15, 0x15, 0x15, 0x15, 0x15, 0x15, 0x15, 0x15, 0x15, 0x15, 0x15, 0x15, 0x15, 0x15, 0x15, 0x15, 0x15, 0x15, 0x15, 0x15, 0x15, 0x15, 0x15, 0x15, 
	0x15, 0x15, 0x15, 0x15, 0x15, 0x15, 0x15, 0x15, 0x15, 0x15, 0x15, 0x15, 0x15, 0x15, 0x15, 0x15, 0x15, 0x15, 0x15, 0x15, 0x15, 0x15, 0x15, 0x15, 0x15, 0x15, 0x15, 0x15, 0x15, 0x15, 
	0x15, 0x15, 0x15, 0x15, 0x15, 0x15, 0x15, 0x15, 0x15, 0x15, 0x15, 0x15, 0x15, 0x15, 0x15, 0x15, 0x15, 0x15, 0x15, 0x15, 0x15, 0x15, 0x15, 0x15, 0x15, 0x15, 0x15, 0x15, 0x15, 0x15, 
	0x15, 0x15, 0x15, 0x15, 0x15, 0x15, 0x15, 0x15, 0x15, 0x15, 0x15, 0x15, 0x15, 0x15, 0x15, 0x15, 0x15, 0x15, 0x15, 0x15, 0x15, 0x15, 0x15, 0x15, 0x15, 0x15, 0x15, 0x15, 0x15, 0x15, 
	0x15, 0x15, 0x15, 0x15, 0x15, 0x15, 0x15, 0x15, 0x15, 0x15, 0x15, 0x15, 0x15, 0x15, 0x15, 0x15, 0x15, 0x15, 0x15, 0x15, 0x15, 0x15, 0x15, 0x15, 0x15, 0x15, 0x15, 0x15, 0x15, 0x15, 
	0x15, 0x15, 0x15, 0x15, 0x15, 0x15, 0x15, 0x15, 0x15, 0x15, 0x15, 0x15, 0x15, 0x15, 0x15, 0x15, 0x15, 0x15, 0x15, 0x15, 0x15, 0x15, 0x15, 0x15, 0x15, 0x15, 0x15, 0x15, 0x15, 0x15, 
	0x15, 0x15, 0x15, 0x15, 0x5D, 0x9C, 0x41, 0x31, 0x05, 0x5D, 0x9C, 0x59, 0x31, 0x1D, 0x5D, 0x96, 0xF9, 0x2D, 0x5D, 0x9E, 0x51, 0x31, 0x55, 0x5D, 0x9E, 0x55, 0x3D, 0x5D, 0x9C, 0x51, 
	0x31, 0x35, 0x5D, 0x96, 0x69, 0x31, 0x35, 0x15, 0x61, 0x1B, 0x5D, 0x9E, 0x51, 0x31, 0x35, 0x5D, 0x9E, 0x5D, 0x45, 0xFD, 0x2B, 0x16, 0x15, 0x15, 0x5D, 0x9E, 0x59, 0x31, 0x5D, 0xFD, 
	0x21, 0x15, 0x15, 0x15, 0x5D, 0x9E, 0x51, 0x31, 0x55, 0x5D, 0x98, 0x18, 0x0D, 0x15, 0x15, 0x15, 0x5D, 0x9C, 0x5D, 0x7D, 0xAD, 0x14, 0x15, 0x15, 0xD5, 0x5D, 0x96, 0xD1, 0x2D, 0xD6, 
	0xD9, 0xD9, 0xD9, 0xD9, 0xD9, 0xD9, 0xD9, 0xD9, 0xD9, 0xD9, 0x5D, 0x9C, 0x59, 0x31, 0x1D, 0xD6, 0xD9, 0xD9, 0xD9, 0xD9, 0xD9, 0xD9, 0xD9, 0xD9, 0xD9, 0xD9, 0x5D, 0x9C, 0x59, 0x31, 
	0x1D, 0x43, 0x42, 0x5D, 0x94, 0xF9, 0xDD, 0x15, 0x15, 0x15, 0x59, 0x98, 0x10, 0x6E, 0x10, 0x15, 0x15, 0x5D, 0x9E, 0x91, 0x31, 0xF5, 0x15, 0x15, 0x15, 0x5D, 0x9E, 0x45, 0x1D, 0x26, 
	0xDC, 0xEA, 0x00, 0x6A, 0x1A, 0x15, 0x15, 0x59, 0x98, 0x10, 0x95, 0x10, 0x15, 0x15, 0x5D, 0x9E, 0x91, 0x31, 0xF5, 0x15, 0x15, 0x15, 0x5D, 0x9E, 0x45, 0x1D, 0x26, 0xDC, 0xEA, 0x00, 
	0x71, 0x1A, 0x15, 0x15, 0x59, 0x98, 0x10, 0x90, 0x10, 0x15, 0x15, 0x5D, 0x9E, 0x91, 0x31, 0xF5, 0x15, 0x15, 0x15, 0x5D, 0x9E, 0x45, 0x1D, 0x26, 0xDC, 0xEA, 0x00, 0x5C, 0x1A, 0x15, 
	0x15, 0x59, 0x98, 0x10, 0x9F, 0x10, 0x15, 0x15, 0x5D, 0x9E, 0x91, 0x31, 0xF5, 0x15, 0x15, 0x15, 0x5D, 0x9E, 0x45, 0x1D, 0x26, 0xDC, 0xEA, 0x00, 0x3B, 0x1A, 0x15, 0x15, 0x59, 0x98, 
	0x10, 0x6A, 0x10, 0x15, 0x15, 0x5D, 0x9E, 0x91, 0x31, 0xF5, 0x15, 0x15, 0x15, 0x5D, 0x9E, 0x45, 0x1D, 0x26, 0xDC, 0xEA, 0x00, 0x06, 0x1A, 0x15, 0x15, 0x59, 0x98, 0x10, 0x61, 0x10, 
	0x15, 0x15, 0x5D, 0x9E, 0x91, 0x31, 0xF5, 0x15, 0x15, 0x15, 0x5D, 0x9E, 0x45, 0x1D, 0x26, 0xDC, 0xEA, 0x00, 0xED, 0x1B, 0x15, 0x15, 0x5D, 0x9E, 0x91, 0x31, 0xF5, 0x15, 0x15, 0x15, 
	0x1A, 0xA2, 0x55, 0x17, 0x10, 0x15, 0x14, 0x15, 0x15, 0x5D, 0x8D, 0x5D, 0x9E, 0xC5, 0xAC, 0x14, 0x15, 0x15, 0x15, 0xEA, 0x00, 0xAA, 0x1B, 0x15, 0x15, 0x5D, 0x9C, 0x51, 0x31, 0x35, 
	0x5D, 0x9E, 0x91, 0x31, 0xF5, 0x15, 0x15, 0x15, 0x1A, 0xA2, 0x55, 0x17, 0x10, 0x15, 0x14, 0x15, 0x15, 0x5D, 0x8D, 0x5D, 0x9C, 0x51, 0x31, 0x5D, 0x5D, 0x9E, 0x69, 0x31, 0x35, 0x26, 
	0xD5, 0x5D, 0x9E, 0x59, 0x31, 0x5D, 0xE6, 0xBF, 0x5D, 0x9E, 0x91, 0x31, 0xF5, 0x15, 0x15, 0x15, 0x1A, 0xA2, 0x15, 0x5D, 0x9E, 0x99, 0x31, 0xF5, 0x15, 0x15, 0x15, 0x5D, 0x9E, 0x69, 
	0x31, 0x35, 0x5D, 0x9E, 0x64, 0x1D, 0x9E, 0xDD, 0xE6, 0xB1, 0x5D, 0x9E, 0x51, 0x31, 0x35, 0x5D, 0x9C, 0x51, 0x31, 0x25, 0x5D, 0x96, 0x79, 0x31, 0x25, 0x17, 0x5D, 0x96, 0x51, 0x31, 
	0x25, 0x17, 0x5D, 0x9E, 0x51, 0x31, 0x25, 0x73, 0x96, 0x2D, 0x15, 0x60, 0xFA, 0x5D, 0x9E, 0x51, 0x31, 0x25, 0x5D, 0x98, 0x18, 0xC2, 0x11, 0x15, 0x15, 0x5D, 0x9E, 0xED, 0x5D, 0x9E, 
	0xE4, 0xAC, 0x19, 0x15, 0x15, 0x15, 0xE6, 0xB1, 0x59, 0x98, 0x10, 0xC6, 0x11, 0x15, 0x15, 0x5D, 0x9E, 0x41, 0x31, 0x35, 0x26, 0xDC, 0xEA, 0x00, 0x2B, 0x1B, 0x15, 0x15, 0x59, 0x98, 
	0x10, 0xCA, 0x11, 0x15, 0x15, 0x5D, 0x9E, 0x41, 0x31, 0x35, 0x26, 0xDC, 0xEA, 0x00, 0x3F, 0x1B, 0x15, 0x15, 0x59, 0x98, 0x10, 0xFE, 0x11, 0x15, 0x15, 0x5D, 0x9E, 0x41, 0x31, 0x35, 
	0x26, 0xDC, 0xEA, 0x00, 0x03, 0x1B, 0x15, 0x15, 0x5D, 0xD2, 0x51, 0x31, 0x2D, 0x15, 0x15, 0x15, 0x15, 0xD2, 0x51, 0x31, 0x45, 0x15, 0x15, 0x15, 0x15, 0x5D, 0x98, 0x51, 0x31, 0x4D, 
	0x5D, 0x9E, 0xED, 0x26, 0xD5, 0xAC, 0x3D, 0x15, 0x15, 0x15, 0xE6, 0xBF, 0x5D, 0x9E, 0x41, 0x31, 0x35, 0x5D, 0x98, 0x99, 0x31, 0xA5, 0x15, 0x15, 0x15, 0xEA, 0x00, 0xCC, 0x18, 0x15, 
	0x15, 0xD2, 0x51, 0x31, 0x45, 0x25, 0x15, 0x15, 0x15, 0x5D, 0xD2, 0x51, 0x31, 0x4D, 0x15, 0x15, 0x15, 0x15, 0xD2, 0x51, 0x31, 0x7D, 0x55, 0x15, 0x15, 0x15, 0x5D, 0x98, 0x91, 0x31, 
	0xA5, 0x15, 0x15, 0x15, 0x5D, 0x9C, 0x51, 0x31, 0x75, 0x5D, 0xD2, 0x51, 0x31, 0x65, 0x15, 0x15, 0x15, 0x15, 0x5D, 0xD2, 0x51, 0x31, 0x6D, 0x15, 0x15, 0x15, 0x15, 0x59, 0x98, 0x51, 
	0x31, 0x45, 0xAF, 0x2A, 0x15, 0x1A, 0x15, 0x5D, 0x98, 0x59, 0x31, 0x2D, 0xEA, 0x00, 0xA9, 0x18, 0x15, 0x15, 0x9C, 0x51, 0x31, 0x3D, 0x96, 0x69, 0x31, 0x3D, 0x15, 0x69, 0x03, 0x5D, 
	0x9E, 0x59, 0x31, 0x2D, 0xEA, 0x00, 0xBB, 0x18, 0x15, 0x15, 0x5D, 0x9E, 0x59, 0x31, 0x2D, 0xEA, 0x00, 0x86, 0x18, 0x15, 0x15, 0x26, 0xC7, 0x5D, 0x9E, 0x59, 0x31, 0x35, 0xEA, 0x00, 
	0x43, 0x18, 0x15, 0x15, 0x5D, 0xD2, 0x51, 0x31, 0x55, 0x15, 0x15, 0x15, 0x15, 0xD2, 0x91, 0x31, 0x95, 0x15, 0x15, 0x15, 0x15, 0x15, 0x15, 0x15, 0x5D, 0x98, 0x91, 0x31, 0x9D, 0x15, 
	0x15, 0x15, 0x5D, 0x9E, 0xED, 0x26, 0xD5, 0xAC, 0x3D, 0x15, 0x15, 0x15, 0xE6, 0xBF, 0xD2, 0x91, 0x31, 0x95, 0x15, 0x15, 0x15, 0x25, 0x15, 0x15, 0x15, 0x5D, 0xD2, 0x91, 0x31, 0x9D, 
	0x15, 0x15, 0x15, 0x15, 0x15, 0x15, 0x15, 0xD2, 0x91, 0x31, 0x8D, 0x15, 0x15, 0x15, 0x55, 0x15, 0x15, 0x15, 0x5D, 0x9E, 0x91, 0x31, 0xF5, 0x15, 0x15, 0x15, 0x5D, 0x9C, 0x91, 0x31, 
	0x85, 0x15, 0x15, 0x15, 0x5D, 0xD2, 0x91, 0x31, 0xB5, 0x15, 0x15, 0x15, 0x15, 0x15, 0x15, 0x15, 0x5D, 0xD2, 0x91, 0x31, 0xBD, 0x15, 0x15, 0x15, 0x15, 0x15, 0x15, 0x15, 0x59, 0x98, 
	0x91, 0x31, 0x95, 0x15, 0x15, 0x15, 0xAF, 0x2A, 0x15, 0x1A, 0x15, 0x5D, 0x98, 0x59, 0x31, 0x55, 0xEA, 0x00, 0x11, 0x18, 0x15, 0x15, 0x9C, 0x51, 0x31, 0x3D, 0x96, 0x69, 0x31, 0x3D, 
	0x15, 0x69, 0x0F, 0x5D, 0x9E, 0x59, 0x31, 0x55, 0xEA, 0x00, 0xE3, 0x19, 0x15, 0x15, 0x5D, 0x9E, 0x59, 0x31, 0x55, 0xEA, 0x00, 0xCE, 0x19, 0x15, 0x15, 0x26, 0xD5, 0xFE, 0x10, 0xAD, 
	0x14, 0x15, 0x15, 0xD5, 0x5D, 0x94, 0xD1, 0xDD, 0x15, 0x15, 0x15, 0x4A, 0x4B, 0xD6, 0x5D, 0x9C, 0x59, 0x31, 0x1D, 0x42, 0x5D, 0x94, 0xF9, 0xC5, 0x15, 0x15, 0x15, 0xD2, 0x91, 0x31, 
	0x8D, 0x15, 0x15, 0x15, 0x15, 0x15, 0x15, 0x15, 0x5D, 0x98, 0x91, 0x31, 0xB5, 0x15, 0x15, 0x15, 0x5D, 0x9E, 0xED, 0x26, 0xD5, 0xAC, 0x3D, 0x15, 0x15, 0x15, 0xE6, 0xBF, 0x5D, 0xD2, 
	0x51, 0x31, 0x65, 0x15, 0x15, 0x15, 0x15, 0xD2, 0x91, 0x31, 0x9D, 0x15, 0x15, 0x15, 0x15, 0x15, 0x15, 0x15, 0x5D, 0x98, 0x91, 0x31, 0x99, 0x15, 0x15, 0x15, 0x5D, 0x9E, 0xED, 0x26, 
	0xD5, 0xAC, 0x11, 0x15, 0x15, 0x15, 0xE6, 0xBF, 0x5D, 0x98, 0x91, 0x31, 0x85, 0x15, 0x15, 0x15, 0x5D, 0x9E, 0xED, 0x26, 0xD5, 0xAC, 0x1D, 0x15, 0x15, 0x15, 0xE6, 0xBF, 0x26, 0xD5, 
	0x73, 0x9C, 0x51, 0x31, 0x6D, 0x5D, 0x98, 0x51, 0x31, 0x6F, 0x5D, 0x9E, 0xED, 0x26, 0xD5, 0xAC, 0x1B, 0x15, 0x15, 0x15, 0xE6, 0xBF, 0x5D, 0x9E, 0x81, 0x31, 0xF5, 0x15, 0x15, 0x15, 
	0x5D, 0x98, 0x59, 0x31, 0x6D, 0xEA, 0x00, 0x18, 0x19, 0x15, 0x15, 0xD2, 0x91, 0x31, 0x8D, 0x15, 0x15, 0x15, 0x25, 0x15, 0x15, 0x15, 0x5D, 0xD2, 0x91, 0x31, 0xB5, 0x15, 0x15, 0x15, 
	0x15, 0x15, 0x15, 0x15, 0xD2, 0x91, 0x31, 0xA5, 0x15, 0x15, 0x15, 0x55, 0x15, 0x15, 0x15, 0x5D, 0x98, 0x51, 0x31, 0x6D, 0x5D, 0x9C, 0x91, 0x31, 0xBD, 0x15, 0x15, 0x15, 0x5D, 0xD2, 
	0x91, 0x31, 0xAD, 0x15, 0x15, 0x15, 0x15, 0x15, 0x15, 0x15, 0x5D, 0xD2, 0x91, 0x31, 0xD5, 0x15, 0x15, 0x15, 0x15, 0x15, 0x15, 0x15, 0xD9, 0xD2, 0x51, 0x31, 0x45, 0x15, 0x15, 0x15, 
	0x15, 0x5D, 0xD2, 0x51, 0x31, 0x5D, 0x15, 0x15, 0x15, 0x15, 0xD2, 0x51, 0x31, 0x55, 0x55, 0x15, 0x15, 0x15, 0xD2, 0x51, 0x31, 0x2D, 0x16, 0x15, 0x15, 0x15, 0xD2, 0x51, 0x31, 0x25, 
	0x14, 0x15, 0x15, 0x15, 0xD2, 0x51, 0x31, 0x3D, 0x95, 0x15, 0x15, 0x15, 0x5D, 0xD2, 0x51, 0x31, 0x35, 0x15, 0x15, 0x15, 0x15, 0x59, 0x98, 0x99, 0x31, 0x9D, 0x15, 0x15, 0x15, 0x59, 
	0x98, 0x91, 0x31, 0x8D, 0x15, 0x15, 0x15, 0xAF, 0x15, 0x15, 0x15, 0x95, 0x5D, 0x98, 0x59, 0x31, 0x65, 0xEA, 0x00, 0x9E, 0x1E, 0x15, 0x15, 0x9C, 0x51, 0x31, 0x75, 0x96, 0x69, 0x31, 
	0x75, 0x15, 0x68, 0x1C, 0x9E, 0x51, 0x31, 0x75, 0xFC, 0xA1, 0x15, 0x15, 0x15, 0x5D, 0xD2, 0x51, 0x31, 0x7D, 0x15, 0x15, 0x15, 0x15, 0x5D, 0xD2, 0x51, 0x31, 0x3D, 0x15, 0x15, 0x15, 
	0x15, 0x5D, 0x98, 0x51, 0x31, 0x7D, 0x5D, 0x9C, 0x51, 0x31, 0x35, 0x50, 0x26, 0xDC, 0x5D, 0x9E, 0x10, 0x6C, 0x1E, 0x15, 0x15, 0x59, 0x9E, 0x15, 0xAF, 0xEA, 0x14, 0x0A, 0x15, 0x5D, 
	0x9E, 0x59, 0x31, 0x65, 0xEA, 0x00, 0x3B, 0x1E, 0x15, 0x15, 0x9C, 0x51, 0x31, 0x75, 0x96, 0x69, 0x31, 0x75, 0x15, 0x68, 0x04, 0x5D, 0x9E, 0x59, 0x31, 0x65, 0xEA, 0x00, 0x25, 0x1E, 
	0x15, 0x15, 0x9E, 0x51, 0x31, 0x75, 0xFE, 0x4A, 0x5D, 0x9E, 0x51, 0x31, 0x7D, 0xD3, 0x55, 0x59, 0x14, 0x5D, 0x9E, 0x51, 0x31, 0x7D, 0xD3, 0x55, 0x5C, 0x15, 0x5D, 0x9E, 0x51, 0x31, 
	0x7D, 0x5D, 0x9E, 0x55, 0x3D, 0x5D, 0xD2, 0x15, 0x15, 0x15, 0x15, 0x15, 0x5D, 0x9E, 0x51, 0x31, 0x7D, 0x5D, 0x9E, 0x55, 0x3D, 0x5D, 0xD2, 0x55, 0x05, 0x15, 0x15, 0x15, 0x15, 0x5D, 
	0x9E, 0x59, 0x31, 0x7D, 0xEA, 0x00, 0xC9, 0x1F, 0x15, 0x15, 0x5D, 0x9E, 0x59, 0x31, 0x65, 0xEA, 0x00, 0xF4, 0x1F, 0x15, 0x15, 0x5D, 0x98, 0x99, 0x31, 0x8D, 0x15, 0x15, 0x15, 0xEA, 
	0x00, 0xFE, 0x1F, 0x15, 0x15, 0x9C, 0x51, 0x31, 0x75, 0x9E, 0x51, 0x31, 0x75, 0x5D, 0x94, 0xD1, 0xC5, 0x15, 0x15, 0x15, 0x4A, 0xD6, 0xD9, 0xD9, 0xD9, 0xD9, 0xD9, 0xD9, 0xD9, 0xD9, 
	0xD9, 0xD9, 0xD9, 0xD9, 0xD9, 0xD9, 0xD9, 0xD9, 0x73, 0x73, 0x1A, 0x0A, 0x91, 0x15, 0x15, 0x15, 0x15, 0x15, 0x5D, 0x2E, 0x18, 0xB4, 0x6B, 0x15, 0x15, 0x60, 0x05, 0x5D, 0xD4, 0xD4, 
	0x05, 0x73, 0xE2, 0xD4, 0xEA, 0xEA, 0x60, 0x14, 0xD6, 0x5D, 0xD4, 0xDC, 0x05, 0xFC, 0x17, 0x15, 0x15, 0x15, 0xD9, 0xD9, 0x5D, 0x96, 0xF9, 0x2D, 0x5D, 0x96, 0x71, 0x31, 0x35, 0x15, 
	0x5D, 0x9E, 0xC4, 0x59, 0x9E, 0x18, 0x69, 0x6B, 0x15, 0x15, 0xAC, 0xE2, 0x15, 0x15, 0x15, 0x59, 0x9E, 0x10, 0x7D, 0x6B, 0x15, 0x15, 0xEA, 0x00, 0x9F, 0x1F, 0x15, 0x15, 0xD9, 0xD9, 
	0xD7, 0x15, 0x15, 0xD9, 0xD9, 0xD9, 0xD9, 0xD9, 0xD9, 0xD9, 0xD9, 0xD9, 0xD9, 0xD9, 0x73, 0x73, 0x1A, 0x0A, 0x91, 0x15, 0x15, 0x15, 0x15, 0x15, 0xEA, 0xF5, 0xD9, 0xD9, 0xD9, 0xD9, 
	0xD9, 0xD9, 0xD9, 0xD9, 0xD9, 0xD9, 0xD9, 0xD9, 0xD9, 0xD9, 0x51, 0x15, 0x7C, 0x15, 0x66, 0x15, 0x65, 0x15, 0x79, 0x15, 0x74, 0x15, 0x6C, 0x15, 0x5B, 0x15, 0x74, 0x15, 0x78, 0x15, 
	0x70, 0x15, 0x15, 0x15, 0xD9, 0xD9, 0xD9, 0xD9, 0xD9, 0xD9, 0xD9, 0xD9, 0x50, 0x15, 0x67, 0x15, 0x67, 0x15, 0x7A, 0x15, 0x67, 0x15, 0x56, 0x15, 0x7A, 0x15, 0x7B, 0x15, 0x61, 0x15, 
	0x67, 0x15, 0x7A, 0x15, 0x79, 0x15, 0x15, 0x15, 0xD9, 0xD9, 0xD9, 0xD9, 0xD9, 0xD9, 0x5C, 0x15, 0x78, 0x15, 0x74, 0x15, 0x72, 0x15, 0x70, 0x15, 0x45, 0x15, 0x74, 0x15, 0x61, 0x15, 
	0x7D, 0x15, 0x15, 0x15, 0xD9, 0xD9, 0xD9, 0xD9, 0xD9, 0xD9, 0xD9, 0xD9, 0xD9, 0xD9, 0xD9, 0xD9, 0x46, 0x15, 0x61, 0x15, 0x74, 0x15, 0x67, 0x15, 0x61, 0x15, 0x15, 0x15, 0xD9, 0xD9, 
	0xD9, 0xD9, 0x41, 0x15, 0x6C, 0x15, 0x65, 0x15, 0x70, 0x15, 0x15, 0x15, 0xD9, 0xD9, 0xD9, 0xD9, 0xD9, 0xD9, 0x42, 0x15, 0x5A, 0x15, 0x42, 0x15, 0x23, 0x15, 0x21, 0x15, 0x15, 0x15, 
	0xD9, 0xD9, 0xD9, 0xD9, 0x49, 0x15, 0x50, 0x15, 0x7B, 0x15, 0x60, 0x15, 0x78, 0x15, 0x15, 0x15, 0xD9, 0xD9, 0xD9, 0xD9, 0x70, 0x15, 0x7B, 0x15, 0x60, 0x15, 0x78, 0x15, 0x45, 0x15, 
	0x74, 0x15, 0x61, 0x15, 0x7D, 0x15, 0x15, 0x15, 0xD9, 0xD9, 0xD9, 0xD9, 0xD9, 0xD9, 0xD9, 0xD9, 0xD9, 0xD9, 0xD9, 0xD9, 0xD9, 0xD9, 0x5C, 0x15, 0x5B, 0x15, 0x5C, 0x15, 0x41, 0x15, 
	0x46, 0x15, 0x41, 0x15, 0x54, 0x15, 0x47, 0x15, 0x41, 0x15, 0x53, 0x15, 0x54, 0x15, 0x5C, 0x15, 0x59, 0x15, 0x50, 0x15, 0x51, 0x15, 0x15, 0x15, 0x5B, 0x15, 0x70, 0x15, 0x6D, 0x15, 
	0x61, 0x15, 0x5C, 0x15, 0x7B, 0x15, 0x66, 0x15, 0x61, 0x15, 0x74, 0x15, 0x7B, 0x15, 0x76, 0x15, 0x70, 0x15, 0x15, 0x15, 0x15, 0x15, 0x15, 0x15, 0x15, 0x15, 0x15, 0x15, 0x15, 0x15, 
	0x15, 0x15, 0x15, 0x15, 0x15, 0x15, 0x15, 0x15, 0x15, 0x15, 0x15, 0x15, 0x15, 0x15, 0x15, 0x15, 0x15, 0x15, 0x15, 0x15, 0x15, 0x15, 0x15, 0x15, 0x15, 0x15, 0x15, 0x15, 0x15, 0x15, 
	0x15, 0x15, 0x15, 0x15, 0x15, 0x15, 0x15, 0x15, 0x15, 0x15, 0x15, 0x15, 0x15, 0x15, 0x15, 0x15, 0x15, 0x15, 0x15, 0x15, 0x15, 0x15, 0x15, 0x15, 0x15, 0x15, 0x15, 0x15, 0x15, 0x15, 
	0x15, 0x15, 0x15, 0x15, 0x15, 0x15, 0x15, 0x15, 0x15, 0x15, 0x15, 0x15, 0x15, 0x15, 0x15, 0x15, 0x15, 0x15, 0x15, 0x15, 0x15, 0x15, 0x15, 0x15, 0x15, 0x15, 0x15, 0x15, 0x15, 0x15, 
	0x15, 0x15, 0x15, 0x15, 0x15, 0x15, 0x15, 0x15, 0x15, 0x15, 0x15, 0x15, 0x15, 0x15, 0x15, 0x15, 0x15, 0x15, 0x15, 0x15, 0x15, 0x15, 0x15, 0x15, 0x15, 0x15, 0x15, 0x15, 0x15, 0x15, 
	0x15, 0x15, 0x15, 0x15, 0x15, 0x15, 0x15, 0x15, 0x15, 0x15, 0x15, 0x15, 0x15, 0x15, 0x15, 0x15, 0x15, 0x15, 0x15, 0x15, 0x15, 0x15, 0x15, 0x15, 0x15, 0x15, 0x15, 0x15, 0x15, 0x15, 
	0x15, 0x15, 0x15, 0x15, 0x15, 0x15, 0x15, 0x15, 0x15, 0x15, 0x15, 0x15, 0x15, 0x15, 0x15, 0x15, 0x15, 0x15, 0x15, 0x15, 0x15, 0x15, 0x15, 0x15, 0x15, 0x15, 0x15, 0x15, 0x15, 0x15, 
	0x15, 0x15, 0x15, 0x15, 0x15, 0x15, 0x15, 0x15, 0x15, 0x15, 0x15, 0x15, 0x15, 0x15, 0x15, 0x15, 0x15, 0x15, 0x15, 0x15, 0x15, 0x15, 0x15, 0x15, 0x15, 0x15, 0x15, 0x15, 0x15, 0x15, 
	0x15, 0x15, 0x15, 0x15, 0x15, 0x15, 0x15, 0x15, 0x15, 0x15, 0x15, 0x15, 0x15, 0x15, 0x15, 0x15, 0x15, 0x15, 0x15, 0x15, 0x15, 0x15, 0x15, 0x15, 0x15, 0x15, 0x15, 0x15, 0x15, 0x15, 
	0x15, 0x15, 0x15, 0x15, 0x15, 0x15, 0x15, 0x15, 0x15, 0x15, 0x15, 0x15, 0x3D, 0xD4, 0x15, 0x15, 0x15, 0x15, 0x15, 0x15, 0x2F, 0xD4, 0x15, 0x15, 0x15, 0x15, 0x15, 0x15, 0x5B, 0xD4, 
	0x15, 0x15, 0x15, 0x15, 0x15, 0x15, 0x73, 0xD4, 0x15, 0x15, 0x15, 0x15, 0x15, 0x15, 0x95, 0xD4, 0x15, 0x15, 0x15, 0x15, 0x15, 0x15, 0x89, 0xD4, 0x15, 0x15, 0x15, 0x15, 0x15, 0x15, 
	0xA1, 0xD4, 0x15, 0x15, 0x15, 0x15, 0x15, 0x15, 0xD1, 0xD4, 0x15, 0x15, 0x15, 0x15, 0x15, 0x15, 0xDB, 0xD4, 0x15, 0x15, 0x15, 0x15, 0x15, 0x15, 0xCF, 0xD4, 0x15, 0x15, 0x15, 0x15, 
	0x15, 0x15, 0xFD, 0xD4, 0x15, 0x15, 0x15, 0x15, 0x15, 0x15, 0xED, 0xD4, 0x15, 0x15, 0x15, 0x15, 0x15, 0x15, 0x19, 0xD7, 0x15, 0x15, 0x15, 0x15, 0x15, 0x15, 0x15, 0x15, 0x15, 0x15, 
	0x15, 0x15, 0x15, 0x15, 0xCD, 0x00, 0x15, 0x55, 0x14, 0x15, 0x15, 0x15, 0xE5, 0x00, 0x15, 0x55, 0x14, 0x15, 0x15, 0x15, 0x15, 0x15, 0x15, 0x15, 0xDC, 0x26, 0x3B, 0x74, 0x15, 0x15, 
	0x15, 0x15, 0x17, 0x15, 0x15, 0x15, 0x47, 0x15, 0x15, 0x15, 0x85, 0x34, 0x15, 0x15, 0x85, 0x18, 0x15, 0x15, 0x15, 0x15, 0x15, 0x15, 0xDC, 0x26, 0x3B, 0x74, 0x15, 0x15, 0x15, 0x15, 
	0x18, 0x15, 0x15, 0x15, 0x39, 0x14, 0x15, 0x15, 0xF1, 0x34, 0x15, 0x15, 0xF1, 0x18, 0x15, 0x15, 0x15, 0x15, 0x15, 0x15, 0x15, 0x15, 0x15, 0x15, 0xC5, 0x15, 0x15, 0x15, 0x15, 0x15, 
	0x15, 0x15, 0x15, 0x15, 0x15, 0x15, 0x15, 0x15, 0x15, 0x15, 0x15, 0x15, 0x15, 0x15, 0x15, 0x15, 0x15, 0x15, 0x15, 0x15, 0x15, 0x15, 0x15, 0x15, 0x15, 0x15, 0x15, 0x15, 0x15, 0x15, 
	0x15, 0x15, 0x15, 0x15, 0x15, 0x15, 0x15, 0x15, 0x15, 0x15, 0x15, 0x15, 0x15, 0x15, 0x15, 0x15, 0x15, 0x15, 0x15, 0x15, 0x15, 0x15, 0x15, 0x15, 0x15, 0x15, 0x15, 0x15, 0x15, 0x15, 
	0x15, 0x15, 0x15, 0x15, 0x15, 0x15, 0x15, 0x15, 0x15, 0x15, 0x15, 0x15, 0x15, 0x15, 0x15, 0x15, 0x15, 0x15, 0x15, 0x15, 0x15, 0x15, 0x2D, 0x81, 0x15, 0x55, 0x14, 0x15, 0x15, 0x15, 
	0x15, 0x15, 0x15, 0x15, 0x15, 0x15, 0x15, 0x15, 0x15, 0x15, 0x15, 0x15, 0x15, 0x15, 0x15, 0x15, 0x65, 0x35, 0x15, 0x55, 0x14, 0x15, 0x15, 0x15, 0x6D, 0x35, 0x15, 0x55, 0x14, 0x15, 
	0x15, 0x15, 0x15, 0x15, 0x15, 0x15, 0x15, 0x15, 0x15, 0x15, 0x15, 0x15, 0x15, 0x15, 0x15, 0x15, 0x15, 0x15, 0x15, 0x14, 0x15, 0x15, 0x15, 0x15, 0x15, 0x15, 0x15, 0x15, 0x15, 0x15, 
	0x15, 0x15, 0x15, 0x15, 0x15, 0x15, 0x15, 0x15, 0x15, 0x15, 0x15, 0x15, 0x15, 0x15, 0x15, 0x15, 0x15, 0x15, 0x15, 0x15, 0x15, 0x15, 0x15, 0x15, 0x15, 0x15, 0x15, 0x15, 0x15, 0x15, 
	0x15, 0x15, 0x15, 0x15, 0x15, 0x15, 0x15, 0x15, 0x15, 0x15, 0x15, 0x15, 0x15, 0x15, 0x15, 0x15, 0x15, 0x15, 0x15, 0x15, 0x15, 0x15, 0x47, 0x46, 0x51, 0x46, 0xBF, 0xC7, 0x73, 0x80, 
	0x90, 0x47, 0xDE, 0x5E, 0x83, 0x57, 0x23, 0xEF, 0x6B, 0xFF, 0x62, 0xBB, 0x14, 0x15, 0x15, 0x15, 0x50, 0x2F, 0x49, 0x71, 0x67, 0x7C, 0x63, 0x70, 0x67, 0x4A, 0x65, 0x67, 0x7A, 0x7F, 
	0x70, 0x76, 0x61, 0x49, 0x6F, 0x7F, 0x49, 0x6F, 0x7F, 0x20, 0x49, 0x6F, 0x66, 0x49, 0x67, 0x62, 0x49, 0x6D, 0x23, 0x21, 0x49, 0x51, 0x70, 0x77, 0x60, 0x72, 0x49, 0x51, 0x67, 0x7C, 
	0x63, 0x70, 0x67, 0x59, 0x7A, 0x74, 0x71, 0x70, 0x67, 0x3B, 0x65, 0x71, 0x77, 0x15, 0x15, 0x15, 0x15, 0x15, 0x15, 0x15, 0x15, 0x05, 0x15, 0x15, 0xF5, 0x10, 0x15, 0x15, 0x3B, 0x61, 
	0x70, 0x6D, 0x61, 0x31, 0x78, 0x7B, 0x15, 0x15, 0x15, 0x15, 0xF5, 0x00, 0x15, 0x15, 0x35, 0x15, 0x15, 0x15, 0x3B, 0x61, 0x70, 0x6D, 0x61, 0x31, 0x78, 0x7B, 0x31, 0x25, 0x25, 0x15, 
	0x15, 0x03, 0x15, 0x15, 0xEF, 0x15, 0x15, 0x15, 0x3B, 0x61, 0x70, 0x6D, 0x61, 0x31, 0x66, 0x15, 0x15, 0x35, 0x15, 0x15, 0x65, 0x15, 0x15, 0x15, 0x3B, 0x7C, 0x71, 0x74, 0x61, 0x74, 
	0x31, 0x20, 0x15, 0x15, 0x15, 0x15, 0x65, 0x35, 0x15, 0x15, 0x05, 0x15, 0x15, 0x15, 0x3B, 0x25, 0x25, 0x76, 0x73, 0x72, 0x15, 0x15, 0x95, 0x35, 0x15, 0x15, 0x05, 0x14, 0x15, 0x15, 
	0x3B, 0x67, 0x71, 0x74, 0x61, 0x74, 0x15, 0x15, 0x85, 0x34, 0x15, 0x15, 0x95, 0x14, 0x15, 0x15, 0x3B, 0x67, 0x71, 0x74, 0x61, 0x74, 0x31, 0x6F, 0x6F, 0x6F, 0x71, 0x77, 0x72, 0x15, 
	0x15, 0x15, 0x05, 0x36, 0x15, 0x15, 0x41, 0x15, 0x15, 0x15, 0x3B, 0x6D, 0x71, 0x74, 0x61, 0x74, 0x15, 0x15, 0x15, 0x25, 0x15, 0x15, 0x45, 0x71, 0x15, 0x15, 0x3B, 0x71, 0x74, 0x61, 
	0x74, 0x15, 0x15, 0x15, 0x15, 0xB5, 0x15, 0x15, 0x41, 0x15, 0x15, 0x15, 0x3B, 0x65, 0x71, 0x74, 0x61, 0x74, 0x15, 0x15, 0x15, 0xA5, 0x15, 0x15, 0x11, 0x15, 0x15, 0x15, 0x3B, 0x72, 
	0x73, 0x7C, 0x71, 0x66, 0x31, 0x6C, 0x15, 0x15, 0x15, 0x15, 0x15, 0xD5, 0x15, 0x15, 0x85, 0x15, 0x15, 0x15, 0x5C, 0x5B, 0x5C, 0x41, 0x15, 0x15, 0x15, 0x15, 0x85, 0xD5, 0x15, 0x15, 
	0x01, 0x15, 0x15, 0x15, 0x3B, 0x7C, 0x71, 0x74, 0x61, 0x74, 0x31, 0x27, 0x15, 0x15, 0x15, 0x15, 0xB1, 0xD5, 0x15, 0x15, 0x01, 0x15, 0x15, 0x15, 0x3B, 0x7C, 0x71, 0x74, 0x61, 0x74, 
	0x31, 0x26, 0x15, 0x15, 0x15, 0x15, 0xAD, 0xD5, 0x15, 0x15, 0x65, 0x15, 0x15, 0x15, 0x3B, 0x7C, 0x71, 0x74, 0x61, 0x74, 0x31, 0x21, 0x15, 0x15, 0x15, 0x15, 0x3D, 0xD4, 0x15, 0x15, 
	0x17, 0x14, 0x15, 0x15, 0x3B, 0x7C, 0x71, 0x74, 0x61, 0x74, 0x31, 0x23, 0x15, 0x15, 0x15, 0x15, 0x17, 0x1B, 0x16, 0x15, 0x14, 0x03, 0x15, 0x13, 0x1B, 0x77, 0x15, 0x15, 0x17, 0x1B, 
	0x13, 0x15, 0x16, 0x03, 0x15, 0x13, 0x1B, 0x14, 0x0C, 0x15, 0x12, 0x65, 0x13, 0x75, 0x17, 0x18, 0x10, 0x15, 0x17, 0x03, 0x15, 0x13, 0x18, 0x14, 0x0F, 0x15, 0x13, 0x65, 0x15, 0x15, 
	0x17, 0x1F, 0x13, 0x15, 0x13, 0x03, 0x15, 0x13, 0x1F, 0x21, 0x13, 0x15, 0x1F, 0x27, 0x13, 0x65, 0x15, 0x15, 0x15, 0x15, 0x14, 0x15, 0x15, 0x15, 0x17, 0x11, 0x14, 0x15, 0x11, 0x77, 
	0x15, 0x15, 0x15, 0x15, 0x15, 0x15, 0x14, 0x15, 0x15, 0x15, 0x15, 0x15, 0x15, 0x15, 0x15, 0x15, 0x15, 0x15, 0x15, 0x15, 0x15, 0x15, 0x15, 0x15, 0x15, 0x15, 0x15, 0x15, 0x15, 0x15, 
	0x15, 0x15, 0x15, 0x15, 0x15, 0x15, 0x15, 0x15, 0x15, 0x15, 0x15, 0x15, 0x15, 0x15, 0x15, 0x15, 0x15, 0x15, 0x15, 0x15, 0x15, 0x15, 0x15, 0x15, 0x15, 0x15, 0x15, 0x15, 0x15, 0x15, 
	0x15, 0x15, 0x15, 0x15, 0x15, 0x15, 0x15, 0x15, 0x15, 0x15, 0x15, 0x15, 0x15, 0x15, 0x15, 0x15, 0x15, 0x15, 0x15, 0x15, 0x15, 0x15, 0x15, 0x15, 0x15, 0x15, 0x15, 0x15, 0x15, 0x15, 
	0x15, 0x15, 0x15, 0x15, 0x15, 0x15, 0x15, 0x15, 0x15, 0x15, 0x15, 0x15, 0x15, 0x15, 0x15, 0x15, 0x15, 0x15, 0x15, 0x15, 0x15, 0x15, 0x15, 0x15, 0x15, 0x15, 0x15, 0x15, 0x15, 0x15, 
	0x15, 0x15, 0x15, 0x15, 0x15, 0x15, 0x15, 0x15, 0x15, 0x15, 0x15, 0x15, 0x15, 0x15, 0x15, 0x15, 0x15, 0x15, 0x15, 0x15, 0x15, 0x15, 0x15, 0x15, 0x15, 0x15, 0x15, 0x15, 0x15, 0x15, 
	0x15, 0x15, 0x15, 0x15, 0x15, 0x15, 0x15, 0x15, 0x15, 0x15, 0x15, 0x15, 0x15, 0x15, 0x15, 0x15, 0x4D, 0x5A, 0x90, 0x00, 0x03, 0x00, 0x00, 0x00, 0x04, 0x00, 0x00, 0x00, 0xFF, 0xFF, 
	0x00, 0x00, 0xB8, 0x00, 0x00, 0x00, 0x00, 0x00, 0x00, 0x00, 0x40, 0x00, 0x00, 0x00, 0x00, 0x00, 0x00, 0x00, 0x00, 0x00, 0x00, 0x00, 0x00, 0x00, 0x00, 0x00, 0x00, 0x00, 0x00, 0x00, 
	0x00, 0x00, 0x00, 0x00, 0x00, 0x00, 0x00, 0x00, 0x00, 0x00, 0x00, 0x00, 0x00, 0x00, 0x00, 0x00, 0xE0, 0x00, 0x00, 0x00, 0x0E, 0x1F, 0xBA, 0x0E, 0x00, 0xB4, 0x09, 0xCD, 0x21, 0xB8, 
	0x01, 0x4C, 0xCD, 0x21, 0x54, 0x68, 0x69, 0x73, 0x20, 0x70, 0x72, 0x6F, 0x67, 0x72, 0x61, 0x6D, 0x20, 0x63, 0x61, 0x6E, 0x6E, 0x6F, 0x74, 0x20, 0x62, 0x65, 0x20, 0x72, 0x75, 0x6E, 
	0x20, 0x69, 0x6E, 0x20, 0x44, 0x4F, 0x53, 0x20, 0x6D, 0x6F, 0x64, 0x65, 0x2E, 0x0D, 0x0D, 0x0A, 0x24, 0x00, 0x00, 0x00, 0x00, 0x00, 0x00, 0x00, 0xC1, 0x29, 0x1C, 0x9B, 0x85, 0x48, 
	0x72, 0xC8, 0x85, 0x48, 0x72, 0xC8, 0x85, 0x48, 0x72, 0xC8, 0x85, 0x48, 0x73, 0xC8, 0xB2, 0x48, 0x72, 0xC8, 0xE8, 0x15, 0x73, 0xC9, 0x86, 0x48, 0x72, 0xC8, 0xE8, 0x15, 0x71, 0xC9, 
	0x87, 0x48, 0x72, 0xC8, 0xE8, 0x15, 0x76, 0xC9, 0x80, 0x48, 0x72, 0xC8, 0x17, 0x16, 0x76, 0xC9, 0x8F, 0x48, 0x72, 0xC8, 0x17, 0x16, 0x70, 0xC9, 0x84, 0x48, 0x72, 0xC8, 0x52, 0x69, 
	0x63, 0x68, 0x85, 0x48, 0x72, 0xC8, 0x00, 0x00, 0x00, 0x00, 0x00, 0x00, 0x00, 0x00, 0x00, 0x00, 0x00, 0x00, 0x00, 0x00, 0x00, 0x00, 0x00, 0x00, 0x00, 0x00, 0x00, 0x00, 0x00, 0x00, 
	0x50, 0x45, 0x00, 0x00, 0x64, 0x86, 0x07, 0x00, 0xC7, 0x33, 0x2E, 0x61, 0x00, 0x00, 0x00, 0x00, 0x00, 0x00, 0x00, 0x00, 0xF0, 0x00, 0x22, 0x00, 0x0B, 0x02, 0x0E, 0x00, 0x00, 0x3C, 
	0x00, 0x00, 0x00, 0x10, 0x00, 0x00, 0x00, 0x00, 0x00, 0x00, 0x00, 0x90, 0x00, 0x00, 0x00, 0x10, 0x00, 0x00, 0x00, 0x00, 0x00, 0x40, 0x01, 0x00, 0x00, 0x00, 0x00, 0x10, 0x00, 0x00, 
	0x00, 0x02, 0x00, 0x00, 0x0A, 0x00, 0x00, 0x00, 0x0A, 0x00, 0x00, 0x00, 0x06, 0x00, 0x01, 0x00, 0x00, 0x00, 0x00, 0x00, 0x00, 0xB0, 0x00, 0x00, 0x00, 0x04, 0x00, 0x00, 0x6F, 0xB2, 
	0x00, 0x00, 0x01, 0x00, 0x60, 0x01, 0x00, 0x00, 0x10, 0x00, 0x00, 0x00, 0x00, 0x00, 0x00, 0x10, 0x00, 0x00, 0x00, 0x00, 0x00, 0x00, 0x00, 0x00, 0x10, 0x00, 0x00, 0x00, 0x00, 0x00, 
	0x00, 0x10, 0x00, 0x00, 0x00, 0x00, 0x00, 0x00, 0x00, 0x00, 0x00, 0x00, 0x10, 0x00, 0x00, 0x00, 0x00, 0x00, 0x00, 0x00, 0x00, 0x00, 0x00, 0x00, 0x90, 0x90, 0x00, 0x00, 0x28, 0x00, 
	0x00, 0x00, 0x00, 0x00, 0x00, 0x00, 0x00, 0x00, 0x00, 0x00, 0x00, 0x70, 0x00, 0x00, 0xC8, 0x01, 0x00, 0x00, 0x00, 0x50, 0x00, 0x00, 0x38, 0x14, 0x00, 0x00, 0x00, 0xA0, 0x00, 0x00, 
	0x14, 0x00, 0x00, 0x00, 0x80, 0x51, 0x00, 0x00, 0x38, 0x00, 0x00, 0x00, 0x00, 0x00, 0x00, 0x00, 0x00, 0x00, 0x00, 0x00, 0x00, 0x00, 0x00, 0x00, 0x00, 0x00, 0x00, 0x00, 0x00, 0x00, 
	0x00, 0x00, 0x00, 0x00, 0x00, 0x00, 0xC0, 0x51, 0x00, 0x00, 0xD0, 0x00, 0x00, 0x00, 0x00, 0x00, 0x00, 0x00, 0x00, 0x00, 0x00, 0x00, 0x00, 0x50, 0x00, 0x00, 0x70, 0x01, 0x00, 0x00, 
	0x00, 0x00, 0x00, 0x00, 0x00, 0x00, 0x00, 0x00, 0x00, 0x00, 0x00, 0x00, 0x00, 0x00, 0x00, 0x00, 0x00, 0x00, 0x00, 0x00, 0x00, 0x00, 0x00, 0x00, 0x2E, 0x74, 0x65, 0x78, 0x74, 0x00, 
	0x00, 0x00, 0xC0, 0x34, 0x00, 0x00, 0x00, 0x10, 0x00, 0x00, 0x00, 0x36, 0x00, 0x00, 0x00, 0x04, 0x00, 0x00, 0x00, 0x00, 0x00, 0x00, 0x00, 0x00, 0x00, 0x00, 0x00, 0x00, 0x00, 0x00, 
	0x20, 0x00, 0x00, 0x68, 0x2E, 0x72, 0x64, 0x61, 0x74, 0x61, 0x00, 0x00, 0x44, 0x06, 0x00, 0x00, 0x00, 0x50, 0x00, 0x00, 0x00, 0x08, 0x00, 0x00, 0x00, 0x3A, 0x00, 0x00, 0x00, 0x00, 
	0x00, 0x00, 0x00, 0x00, 0x00, 0x00, 0x00, 0x00, 0x00, 0x00, 0x40, 0x00, 0x00, 0x48, 0x2E, 0x64, 0x61, 0x74, 0x61, 0x00, 0x00, 0x00, 0x78, 0x00, 0x00, 0x00, 0x00, 0x60, 0x00, 0x00, 
	0x00, 0x02, 0x00, 0x00, 0x00, 0x42, 0x00, 0x00, 0x00, 0x00, 0x00, 0x00, 0x00, 0x00, 0x00, 0x00, 0x00, 0x00, 0x00, 0x00, 0x40, 0x00, 0x00, 0xC8, 0x2E, 0x70, 0x64, 0x61, 0x74, 0x61, 
	0x00, 0x00, 0xC8, 0x01, 0x00, 0x00, 0x00, 0x70, 0x00, 0x00, 0x00, 0x02, 0x00, 0x00, 0x00, 0x44, 0x00, 0x00, 0x00, 0x00, 0x00, 0x00, 0x00, 0x00, 0x00, 0x00, 0x00, 0x00, 0x00, 0x00, 
	0x40, 0x00, 0x00, 0x48, 0x2E, 0x67, 0x66, 0x69, 0x64, 0x73, 0x00, 0x00, 0x04, 0x00, 0x00, 0x00, 0x00, 0x80, 0x00, 0x00, 0x00, 0x02, 0x00, 0x00, 0x00, 0x46, 0x00, 0x00, 0x00, 0x00, 
	0x00, 0x00, 0x00, 0x00, 0x00, 0x00, 0x00, 0x00, 0x00, 0x00, 0x40, 0x00, 0x00, 0x48, 0x49, 0x4E, 0x49, 0x54, 0x00, 0x00, 0x00, 0x00, 0xEC, 0x05, 0x00, 0x00, 0x00, 0x90, 0x00, 0x00, 
	0x00, 0x06, 0x00, 0x00, 0x00, 0x48, 0x00, 0x00, 0x00, 0x00, 0x00, 0x00, 0x00, 0x00, 0x00, 0x00, 0x00, 0x00, 0x00, 0x00, 0x20, 0x00, 0x00, 0x62, 0x2E, 0x72, 0x65, 0x6C, 0x6F, 0x63, 
	0x00, 0x00, 0x14, 0x00, 0x00, 0x00, 0x00, 0xA0, 0x00, 0x00, 0x00, 0x02, 0x00, 0x00, 0x00, 0x4E, 0x00, 0x00, 0x00, 0x00, 0x00, 0x00, 0x00, 0x00, 0x00, 0x00, 0x00, 0x00, 0x00, 0x00, 
	0x40, 0x00, 0x00, 0x42, 0x00, 0x00, 0x00, 0x00, 0x00, 0x00, 0x00, 0x00, 0x00, 0x00, 0x00, 0x00, 0x00, 0x00, 0x00, 0x00, 0x00, 0x00, 0x00, 0x00, 0x00, 0x00, 0x00, 0x00, 0x00, 0x00, 
	0x00, 0x00, 0x00, 0x00, 0x00, 0x00, 0x00, 0x00, 0x00, 0x00, 0x00, 0x00, 0x00, 0x00, 0x00, 0x00, 0x00, 0x00, 0x00, 0x00, 0x00, 0x00, 0x00, 0x00, 0x00, 0x00, 0x00, 0x00, 0x00, 0x00, 
	0x00, 0x00, 0x00, 0x00, 0x00, 0x00, 0x00, 0x00, 0x00, 0x00, 0x00, 0x00, 0x00, 0x00, 0x00, 0x00, 0x00, 0x00, 0x00, 0x00, 0x00, 0x00, 0x00, 0x00, 0x00, 0x00, 0x00, 0x00, 0x00, 0x00, 
	0x00, 0x00, 0x00, 0x00, 0x00, 0x00, 0x00, 0x00, 0x00, 0x00, 0x00, 0x00, 0x00, 0x00, 0x00, 0x00, 0x00, 0x00, 0x00, 0x00, 0x00, 0x00, 0x00, 0x00, 0x00, 0x00, 0x00, 0x00, 0x00, 0x00, 
	0x00, 0x00, 0x00, 0x00, 0x00, 0x00, 0x00, 0x00, 0x00, 0x00, 0x00, 0x00, 0x00, 0x00, 0x00, 0x00, 0x00, 0x00, 0x00, 0x00, 0x00, 0x00, 0x00, 0x00, 0x00, 0x00, 0x00, 0x00, 0x00, 0x00, 
	0x00, 0x00, 0x00, 0x00, 0x00, 0x00, 0x00, 0x00, 0x00, 0x00, 0x00, 0x00, 0x00, 0x00, 0x00, 0x00, 0x00, 0x00, 0x00, 0x00, 0x00, 0x00, 0x00, 0x00, 0x00, 0x00, 0x00, 0x00, 0x00, 0x00, 
	0x00, 0x00, 0x00, 0x00, 0x00, 0x00, 0x00, 0x00, 0x00, 0x00, 0x00, 0x00, 0x00, 0x00, 0x00, 0x00, 0x00, 0x00, 0x00, 0x00, 0x00, 0x00, 0x00, 0x00, 0x00, 0x00, 0x00, 0x00, 0x00, 0x00, 
	0x00, 0x00, 0x00, 0x00, 0x00, 0x00, 0x00, 0x00, 0x00, 0x00, 0x00, 0x00, 0x00, 0x00, 0x00, 0x00, 0x00, 0x00, 0x00, 0x00, 0x00, 0x00, 0x00, 0x00, 0x00, 0x00, 0x00, 0x00, 0x00, 0x00, 
	0x00, 0x00, 0x00, 0x00, 0x00, 0x00, 0x00, 0x00, 0x00, 0x00, 0x00, 0x00, 0x00, 0x00, 0x00, 0x00, 0x00, 0x00, 0x00, 0x00, 0x48, 0x89, 0x4C, 0x24, 0x08, 0x57, 0x48, 0x81, 0xEC, 0x50, 
	0x01, 0x00, 0x00, 0x48, 0x8B, 0x05, 0xEC, 0x4F, 0x00, 0x00, 0x48, 0x33, 0xC4, 0x48, 0x89, 0x84, 0x24, 0x40, 0x01, 0x00, 0x00, 0xC7, 0x44, 0x24, 0x20, 0x00, 0x00, 0x00, 0x00, 0x48, 
	0x8D, 0x44, 0x24, 0x24, 0x48, 0x8B, 0xF8, 0x33, 0xC0, 0xB9, 0x18, 0x01, 0x00, 0x00, 0xF3, 0xAA, 0x48, 0x8D, 0x4C, 0x24, 0x20, 0xFF, 0x15, 0xBD, 0x3F, 0x00, 0x00, 0x81, 0x7C, 0x24, 
	0x2C, 0xB0, 0x1D, 0x00, 0x00, 0x74, 0x0A, 0x81, 0x7C, 0x24, 0x2C, 0xB1, 0x1D, 0x00, 0x00, 0x75, 0x0F, 0x48, 0x8B, 0x8C, 0x24, 0x60, 0x01, 0x00, 0x00, 0xE8, 0x0C, 0x02, 0x00, 0x00, 
	0xEB, 0x0D, 0x48, 0x8B, 0x8C, 0x24, 0x60, 0x01, 0x00, 0x00, 0xE8, 0xBD, 0x00, 0x00, 0x00, 0x48, 0x8B, 0x8C, 0x24, 0x40, 0x01, 0x00, 0x00, 0x48, 0x33, 0xCC, 0xE8, 0x9D, 0x30, 0x00, 
	0x00, 0x48, 0x81, 0xC4, 0x50, 0x01, 0x00, 0x00, 0x5F, 0xC3, 0xCC, 0xCC, 0xCC, 0xCC, 0x4C, 0x89, 0x44, 0x24, 0x18, 0x48, 0x89, 0x54, 0x24, 0x10, 0x48, 0x89, 0x4C, 0x24, 0x08, 0x48, 
	0x83, 0xEC, 0x38, 0x4C, 0x8D, 0x05, 0x96, 0x31, 0x00, 0x00, 0x33, 0xD2, 0xB9, 0x4D, 0x00, 0x00, 0x00, 0xFF, 0x15, 0x51, 0x3F, 0x00, 0x00, 0x48, 0x8B, 0x4C, 0x24, 0x40, 0xFF, 0x15, 
	0x4E, 0x3F, 0x00, 0x00, 0x0F, 0xB6, 0xC0, 0x85, 0xC0, 0x74, 0x51, 0x48, 0x8B, 0x44, 0x24, 0x40, 0x48, 0x89, 0x44, 0x24, 0x20, 0x48, 0x8B, 0x44, 0x24, 0x20, 0x48, 0x81, 0x38, 0x78, 
	0x56, 0x34, 0x12, 0x75, 0x18, 0x48, 0x8B, 0x4C, 0x24, 0x20, 0xFF, 0x15, 0x24, 0x4F, 0x00, 0x00, 0x8B, 0xC0, 0x48, 0x8B, 0x4C, 0x24, 0x20, 0x48, 0x89, 0x41, 0x20, 0xEB, 0x21, 0x48, 
	0x83, 0x3D, 0x17, 0x4F, 0x00, 0x00, 0x00, 0x74, 0x17, 0x4C, 0x8B, 0x44, 0x24, 0x50, 0x48, 0x8B, 0x54, 0x24, 0x48, 0x48, 0x8B, 0x4C, 0x24, 0x40, 0xFF, 0x15, 0x00, 0x4F, 0x00, 0x00, 
	0xEB, 0x02, 0x33, 0xC0, 0x48, 0x83, 0xC4, 0x38, 0xC3, 0xCC, 0xCC, 0xCC, 0xCC, 0xCC, 0xCC, 0xCC, 0xCC, 0xCC, 0xCC, 0xCC, 0xCC, 0xCC, 0xCC, 0xCC, 0x48, 0x89, 0x4C, 0x24, 0x08, 0x48, 
	0x83, 0xEC, 0x48, 0x45, 0x33, 0xC9, 0x4C, 0x8D, 0x05, 0x2D, 0x31, 0x00, 0x00, 0x48, 0x8D, 0x15, 0x46, 0x31, 0x00, 0x00, 0x48, 0x8D, 0x0D, 0x4F, 0x31, 0x00, 0x00, 0xE8, 0x8A, 0x2B, 
	0x00, 0x00, 0x48, 0x89, 0x44, 0x24, 0x20, 0x48, 0x83, 0x7C, 0x24, 0x20, 0x00, 0x74, 0x6C, 0x48, 0x8B, 0x44, 0x24, 0x20, 0x48, 0x63, 0x40, 0x03, 0x48, 0x89, 0x44, 0x24, 0x30, 0x48, 
	0x8B, 0x44, 0x24, 0x20, 0x48, 0x8B, 0x4C, 0x24, 0x30, 0x48, 0x8D, 0x44, 0x08, 0x07, 0x48, 0x89, 0x44, 0x24, 0x28, 0x48, 0x8B, 0x44, 0x24, 0x28, 0x48, 0x89, 0x05, 0x8F, 0x4E, 0x00, 
	0x00, 0xB8, 0x08, 0x00, 0x00, 0x00, 0x48, 0x6B, 0xC0, 0x00, 0x48, 0x8B, 0x4C, 0x24, 0x28, 0x48, 0x8B, 0x04, 0x01, 0x48, 0x89, 0x05, 0x6E, 0x4E, 0x00, 0x00, 0xB8, 0x08, 0x00, 0x00, 
	0x00, 0x48, 0x6B, 0xC0, 0x00, 0x48, 0x8B, 0x4C, 0x24, 0x28, 0x48, 0x8D, 0x15, 0xD1, 0xFE, 0xFF, 0xFF, 0x48, 0x89, 0x14, 0x01, 0x48, 0x8B, 0x44, 0x24, 0x50, 0x48, 0x89, 0x05, 0x41, 
	0x4E, 0x00, 0x00, 0x33, 0xC0, 0x48, 0x83, 0xC4, 0x48, 0xC3, 0xCC, 0xCC, 0xCC, 0xCC, 0xCC, 0xCC, 0xCC, 0xCC, 0xCC, 0xCC, 0x4C, 0x89, 0x4C, 0x24, 0x20, 0x4C, 0x89, 0x44, 0x24, 0x18, 
	0x48, 0x89, 0x54, 0x24, 0x10, 0x48, 0x89, 0x4C, 0x24, 0x08, 0x48, 0x83, 0xEC, 0x38, 0x48, 0x8B, 0x4C, 0x24, 0x48, 0xFF, 0x15, 0x0D, 0x3E, 0x00, 0x00, 0x0F, 0xB6, 0xC0, 0x85, 0xC0, 
	0x74, 0x56, 0x48, 0x8B, 0x44, 0x24, 0x48, 0x48, 0x89, 0x44, 0x24, 0x20, 0x48, 0x8B, 0x44, 0x24, 0x20, 0x48, 0x81, 0x38, 0x78, 0x56, 0x34, 0x12, 0x75, 0x18, 0x48, 0x8B, 0x4C, 0x24, 
	0x20, 0xFF, 0x15, 0xFB, 0x4D, 0x00, 0x00, 0x8B, 0xC0, 0x48, 0x8B, 0x4C, 0x24, 0x20, 0x48, 0x89, 0x41, 0x20, 0xEB, 0x26, 0x48, 0x83, 0x3D, 0xEE, 0x4D, 0x00, 0x00, 0x00, 0x74, 0x1C, 
	0x4C, 0x8B, 0x4C, 0x24, 0x58, 0x4C, 0x8B, 0x44, 0x24, 0x50, 0x48, 0x8B, 0x54, 0x24, 0x48, 0x48, 0x8B, 0x4C, 0x24, 0x40, 0xFF, 0x15, 0xD2, 0x4D, 0x00, 0x00, 0xEB, 0x02, 0x33, 0xC0, 
	0x48, 0x83, 0xC4, 0x38, 0xC3, 0xCC, 0xCC, 0xCC, 0xCC, 0xCC, 0xCC, 0xCC, 0xCC, 0xCC, 0x48, 0x89, 0x4C, 0x24, 0x08, 0x57, 0x48, 0x83, 0xEC, 0x70, 0x33, 0xC0, 0x66, 0x89, 0x44, 0x24, 
	0x58, 0x48, 0x8D, 0x44, 0x24, 0x5A, 0x48, 0x8B, 0xF8, 0x33, 0xC0, 0xB9, 0x0E, 0x00, 0x00, 0x00, 0xF3, 0xAA, 0x48, 0x8D, 0x15, 0x17, 0x30, 0x00, 0x00, 0x48, 0x8D, 0x4C, 0x24, 0x58, 
	0xFF, 0x15, 0x74, 0x3D, 0x00, 0x00, 0x48, 0x8D, 0x4C, 0x24, 0x58, 0xFF, 0x15, 0x71, 0x3D, 0x00, 0x00, 0x48, 0x89, 0x44, 0x24, 0x30, 0x48, 0x8B, 0x44, 0x24, 0x30, 0x48, 0x63, 0x40, 
	0x10, 0x48, 0x89, 0x44, 0x24, 0x38, 0x48, 0x8B, 0x44, 0x24, 0x30, 0x48, 0x8B, 0x4C, 0x24, 0x38, 0x48, 0x8D, 0x44, 0x08, 0x14, 0x48, 0x89, 0x44, 0x24, 0x28, 0xB8, 0x08, 0x00, 0x00, 
	0x00, 0x48, 0x6B, 0xC0, 0x00, 0x48, 0x8B, 0x4C, 0x24, 0x28, 0x48, 0x8B, 0x04, 0x01, 0x48, 0x89, 0x05, 0x41, 0x4D, 0x00, 0x00, 0xB8, 0x08, 0x00, 0x00, 0x00, 0x48, 0x6B, 0xC0, 0x01, 
	0x48, 0x8B, 0x4C, 0x24, 0x28, 0x48, 0x8B, 0x04, 0x01, 0x48, 0x89, 0x05, 0x30, 0x4D, 0x00, 0x00, 0xB8, 0x08, 0x00, 0x00, 0x00, 0x48, 0x6B, 0xC0, 0x00, 0x48, 0x8B, 0x4C, 0x24, 0x28, 
	0x48, 0xC7, 0x04, 0x01, 0x00, 0x00, 0x00, 0x00, 0xB8, 0x08, 0x00, 0x00, 0x00, 0x48, 0x6B, 0xC0, 0x01, 0x48, 0x8B, 0x4C, 0x24, 0x28, 0x48, 0xC7, 0x04, 0x01, 0x00, 0x00, 0x00, 0x00, 
	0x48, 0xC7, 0x44, 0x24, 0x48, 0x00, 0x00, 0x00, 0x00, 0x48, 0x8D, 0x44, 0x24, 0x50, 0x48, 0x8B, 0xF8, 0x33, 0xC0, 0xB9, 0x08, 0x00, 0x00, 0x00, 0xF3, 0xAA, 0x48, 0x8D, 0x05, 0x5B, 
	0x00, 0x00, 0x00, 0x48, 0x89, 0x44, 0x24, 0x50, 0x48, 0x8D, 0x05, 0x7F, 0xFE, 0xFF, 0xFF, 0x48, 0x89, 0x44, 0x24, 0x48, 0x48, 0x8B, 0x44, 0x24, 0x30, 0x48, 0x89, 0x44, 0x24, 0x40, 
	0x48, 0x8D, 0x4C, 0x24, 0x48, 0xFF, 0x54, 0x24, 0x40, 0x89, 0x44, 0x24, 0x20, 0x83, 0x7C, 0x24, 0x20, 0x00, 0x7C, 0x1B, 0x48, 0x8B, 0x84, 0x24, 0x80, 0x00, 0x00, 0x00, 0x48, 0x89, 
	0x05, 0x95, 0x4C, 0x00, 0x00, 0x48, 0x8B, 0x44, 0x24, 0x28, 0x48, 0x89, 0x05, 0xA1, 0x4C, 0x00, 0x00, 0x8B, 0x44, 0x24, 0x20, 0x48, 0x83, 0xC4, 0x70, 0x5F, 0xC3, 0xCC, 0xCC, 0xCC, 
	0xCC, 0xCC, 0xCC, 0xCC, 0x4C, 0x89, 0x4C, 0x24, 0x20, 0x4C, 0x89, 0x44, 0x24, 0x18, 0x48, 0x89, 0x54, 0x24, 0x10, 0x48, 0x89, 0x4C, 0x24, 0x08, 0x48, 0x83, 0xEC, 0x38, 0x48, 0x8B, 
	0x4C, 0x24, 0x48, 0xFF, 0x15, 0x3D, 0x3C, 0x00, 0x00, 0x0F, 0xB6, 0xC0, 0x85, 0xC0, 0x74, 0x56, 0x48, 0x8B, 0x44, 0x24, 0x48, 0x48, 0x89, 0x44, 0x24, 0x20, 0x48, 0x8B, 0x44, 0x24, 
	0x20, 0x48, 0x81, 0x38, 0x78, 0x56, 0x34, 0x12, 0x75, 0x18, 0x48, 0x8B, 0x4C, 0x24, 0x20, 0xFF, 0x15, 0x2B, 0x4C, 0x00, 0x00, 0x8B, 0xC0, 0x48, 0x8B, 0x4C, 0x24, 0x20, 0x48, 0x89, 
	0x41, 0x20, 0xEB, 0x26, 0x48, 0x83, 0x3D, 0x26, 0x4C, 0x00, 0x00, 0x00, 0x74, 0x1C, 0x4C, 0x8B, 0x4C, 0x24, 0x58, 0x4C, 0x8B, 0x44, 0x24, 0x50, 0x48, 0x8B, 0x54, 0x24, 0x48, 0x48, 
	0x8B, 0x4C, 0x24, 0x40, 0xFF, 0x15, 0x0A, 0x4C, 0x00, 0x00, 0xEB, 0x02, 0x33, 0xC0, 0x48, 0x83, 0xC4, 0x38, 0xC3, 0xCC, 0xCC, 0xCC, 0xCC, 0xCC, 0xCC, 0xCC, 0xCC, 0xCC, 0x48, 0x89, 
	0x4C, 0x24, 0x08, 0x48, 0x83, 0xEC, 0x78, 0x48, 0x8B, 0x84, 0x24, 0x80, 0x00, 0x00, 0x00, 0x48, 0x8B, 0x40, 0x10, 0x48, 0x89, 0x44, 0x24, 0x28, 0xC7, 0x44, 0x24, 0x20, 0x01, 0x00, 
	0x00, 0xC0, 0x48, 0x8B, 0x84, 0x24, 0x80, 0x00, 0x00, 0x00, 0x48, 0x8B, 0x40, 0x08, 0x48, 0x89, 0x44, 0x24, 0x58, 0x48, 0x83, 0x7C, 0x24, 0x58, 0x06, 0x0F, 0x87, 0xA3, 0x01, 0x00, 
	0x00, 0x48, 0x8D, 0x05, 0x7A, 0xEB, 0xFF, 0xFF, 0x48, 0x8B, 0x4C, 0x24, 0x58, 0x8B, 0x8C, 0x88, 0x34, 0x16, 0x00, 0x00, 0x48, 0x03, 0xC8, 0xFF, 0xE1, 0xC7, 0x44, 0x24, 0x20, 0x00, 
	0x00, 0x00, 0x00, 0xE9, 0x86, 0x01, 0x00, 0x00, 0x48, 0x8B, 0x44, 0x24, 0x28, 0x48, 0x89, 0x44, 0x24, 0x30, 0x48, 0x83, 0x7C, 0x24, 0x30, 0x00, 0x74, 0x43, 0x48, 0xC7, 0x44, 0x24, 
	0x60, 0x00, 0x00, 0x00, 0x00, 0x4C, 0x8D, 0x44, 0x24, 0x60, 0x48, 0x8B, 0x44, 0x24, 0x30, 0x48, 0x8B, 0x50, 0x08, 0x48, 0x8B, 0x44, 0x24, 0x30, 0x48, 0x8B, 0x08, 0xE8, 0x16, 0x10, 
	0x00, 0x00, 0x48, 0x8B, 0x4C, 0x24, 0x30, 0x48, 0x89, 0x41, 0x10, 0x48, 0x8B, 0x44, 0x24, 0x30, 0x48, 0x8B, 0x4C, 0x24, 0x60, 0x48, 0x89, 0x48, 0x18, 0xC7, 0x44, 0x24, 0x20, 0x00, 
	0x00, 0x00, 0x00, 0xE9, 0x2C, 0x01, 0x00, 0x00, 0x48, 0x8B, 0x44, 0x24, 0x28, 0x48, 0x89, 0x44, 0x24, 0x38, 0x48, 0x83, 0x7C, 0x24, 0x38, 0x00, 0x74, 0x2C, 0x48, 0x8B, 0x44, 0x24, 
	0x38, 0x4C, 0x8B, 0x48, 0x18, 0x48, 0x8B, 0x44, 0x24, 0x38, 0x4C, 0x8B, 0x40, 0x10, 0x48, 0x8B, 0x44, 0x24, 0x38, 0x48, 0x8B, 0x50, 0x08, 0x48, 0x8B, 0x44, 0x24, 0x38, 0x48, 0x8B, 
	0x08, 0xE8, 0xB8, 0x1B, 0x00, 0x00, 0x89, 0x44, 0x24, 0x20, 0xE9, 0xE9, 0x00, 0x00, 0x00, 0x48, 0x8B, 0x44, 0x24, 0x28, 0x48, 0x89, 0x44, 0x24, 0x40, 0x48, 0x83, 0x7C, 0x24, 0x40, 
	0x00, 0x74, 0x2C, 0x48, 0x8B, 0x44, 0x24, 0x40, 0x4C, 0x8B, 0x48, 0x18, 0x48, 0x8B, 0x44, 0x24, 0x40, 0x4C, 0x8B, 0x40, 0x10, 0x48, 0x8B, 0x44, 0x24, 0x40, 0x48, 0x8B, 0x50, 0x08, 
	0x48, 0x8B, 0x44, 0x24, 0x40, 0x48, 0x8B, 0x08, 0xE8, 0xF5, 0x1C, 0x00, 0x00, 0x89, 0x44, 0x24, 0x20, 0xE9, 0xA6, 0x00, 0x00, 0x00, 0x48, 0x8B, 0x44, 0x24, 0x28, 0x48, 0x89, 0x44, 
	0x24, 0x48, 0x48, 0x83, 0x7C, 0x24, 0x48, 0x00, 0x74, 0x26, 0x48, 0x8B, 0x44, 0x24, 0x48, 0x48, 0x83, 0xC0, 0x10, 0x4C, 0x8B, 0xC0, 0x48, 0x8B, 0x44, 0x24, 0x48, 0x48, 0x8B, 0x50, 
	0x08, 0x48, 0x8B, 0x44, 0x24, 0x48, 0x48, 0x8B, 0x08, 0xE8, 0xC8, 0x13, 0x00, 0x00, 0x89, 0x44, 0x24, 0x20, 0xEB, 0x6C, 0x48, 0x8B, 0x44, 0x24, 0x28, 0x48, 0x89, 0x44, 0x24, 0x68, 
	0x48, 0x83, 0x7C, 0x24, 0x68, 0x00, 0x74, 0x15, 0x48, 0x8B, 0x44, 0x24, 0x68, 0x48, 0x8B, 0x08, 0xE8, 0xF3, 0x1A, 0x00, 0x00, 0xC7, 0x44, 0x24, 0x20, 0x00, 0x00, 0x00, 0x00, 0xEB, 
	0x43, 0x48, 0x8B, 0x44, 0x24, 0x28, 0x48, 0x89, 0x44, 0x24, 0x50, 0x48, 0x83, 0x7C, 0x24, 0x50, 0x00, 0x74, 0x27, 0x48, 0x8B, 0x44, 0x24, 0x50, 0x44, 0x8B, 0x40, 0x10, 0x48, 0x8B, 
	0x44, 0x24, 0x50, 0x48, 0x8B, 0x50, 0x08, 0x48, 0x8B, 0x44, 0x24, 0x50, 0x48, 0x8B, 0x08, 0xE8, 0xF8, 0x05, 0x00, 0x00, 0xC7, 0x44, 0x24, 0x20, 0x00, 0x00, 0x00, 0x00, 0xEB, 0x08, 
	0xC7, 0x44, 0x24, 0x20, 0x02, 0x00, 0x00, 0xC0, 0x8B, 0x44, 0x24, 0x20, 0x48, 0x83, 0xC4, 0x78, 0xC3, 0x90, 0x97, 0x14, 0x00, 0x00, 0xA4, 0x14, 0x00, 0x00, 0xFE, 0x14, 0x00, 0x00, 
	0x41, 0x15, 0x00, 0x00, 0x84, 0x15, 0x00, 0x00, 0xBE, 0x15, 0x00, 0x00, 0xE7, 0x15, 0x00, 0x00, 0x48, 0x89, 0x54, 0x24, 0x10, 0x48, 0x89, 0x4C, 0x24, 0x08, 0x48, 0x83, 0xEC, 0x28, 
	0x48, 0x8D, 0x0D, 0xDB, 0xFD, 0xFF, 0xFF, 0xE8, 0x96, 0xF9, 0xFF, 0xFF, 0xE8, 0x91, 0x15, 0x00, 0x00, 0x33, 0xC0, 0x48, 0x83, 0xC4, 0x28, 0xC3, 0xCC, 0xCC, 0xCC, 0xCC, 0xCC, 0xCC, 
	0xCC, 0xCC, 0xCC, 0xCC, 0x48, 0x89, 0x4C, 0x24, 0x08, 0x57, 0x48, 0x81, 0xEC, 0xB0, 0x00, 0x00, 0x00, 0x48, 0x8B, 0x05, 0x6C, 0x49, 0x00, 0x00, 0x48, 0x33, 0xC4, 0x48, 0x89, 0x84, 
	0x24, 0xA8, 0x00, 0x00, 0x00, 0x48, 0x8B, 0x84, 0x24, 0xC0, 0x00, 0x00, 0x00, 0x48, 0x89, 0x44, 0x24, 0x50, 0x48, 0xC7, 0x44, 0x24, 0x48, 0x00, 0x00, 0x00, 0x00, 0x48, 0x8D, 0x54, 
	0x24, 0x48, 0x48, 0x8B, 0x44, 0x24, 0x50, 0x48, 0x8B, 0x48, 0x20, 0xFF, 0x15, 0xAF, 0x39, 0x00, 0x00, 0x89, 0x44, 0x24, 0x58, 0x83, 0x7C, 0x24, 0x58, 0x00, 0x7D, 0x05, 0xE9, 0x50, 
	0x01, 0x00, 0x00, 0x48, 0x8B, 0x4C, 0x24, 0x48, 0xFF, 0x15, 0x74, 0x39, 0x00, 0x00, 0x3D, 0x03, 0x01, 0x00, 0x00, 0x74, 0x10, 0x48, 0x8B, 0x4C, 0x24, 0x48, 0xFF, 0x15, 0x5A, 0x39, 
	0x00, 0x00, 0xE9, 0x2E, 0x01, 0x00, 0x00, 0x48, 0xC7, 0x44, 0x24, 0x60, 0x00, 0x00, 0x00, 0x00, 0x48, 0xC7, 0x44, 0x24, 0x68, 0x00, 0x00, 0x00, 0x00, 0xC6, 0x44, 0x24, 0x40, 0x00, 
	0xC7, 0x44, 0x24, 0x44, 0x00, 0x00, 0x00, 0x00, 0x33, 0xC0, 0x83, 0xF8, 0x01, 0x74, 0x77, 0x81, 0x7C, 0x24, 0x44, 0x10, 0x27, 0x00, 0x00, 0x7E, 0x02, 0xEB, 0x6B, 0xFF, 0x15, 0x0D, 
	0x39, 0x00, 0x00, 0x48, 0x8D, 0x4C, 0x24, 0x68, 0x48, 0x89, 0x4C, 0x24, 0x30, 0xC6, 0x44, 0x24, 0x28, 0x00, 0x48, 0xC7, 0x44, 0x24, 0x20, 0x08, 0x00, 0x00, 0x00, 0x4C, 0x8D, 0x4C, 
	0x24, 0x60, 0x4C, 0x8B, 0xC0, 0x48, 0x8B, 0x44, 0x24, 0x50, 0x48, 0x8B, 0x50, 0x28, 0x48, 0x8B, 0x4C, 0x24, 0x48, 0xE8, 0x8A, 0x2A, 0x00, 0x00, 0x89, 0x44, 0x24, 0x5C, 0x83, 0x7C, 
	0x24, 0x5C, 0x00, 0x7C, 0x0F, 0x48, 0x83, 0x7C, 0x24, 0x60, 0x01, 0x75, 0x07, 0xC6, 0x44, 0x24, 0x40, 0x01, 0xEB, 0x18, 0x33, 0xD2, 0xB9, 0x0A, 0x00, 0x00, 0x00, 0xE8, 0xC4, 0x27, 
	0x00, 0x00, 0x8B, 0x44, 0x24, 0x44, 0xFF, 0xC0, 0x89, 0x44, 0x24, 0x44, 0xEB, 0x82, 0x48, 0xC7, 0x44, 0x24, 0x78, 0x00, 0x00, 0x00, 0x00, 0x48, 0x8D, 0x84, 0x24, 0x80, 0x00, 0x00, 
	0x00, 0x48, 0x8B, 0xF8, 0x33, 0xC0, 0xB9, 0x28, 0x00, 0x00, 0x00, 0xF3, 0xAA, 0x48, 0x8D, 0x54, 0x24, 0x78, 0x48, 0x8B, 0x4C, 0x24, 0x48, 0xFF, 0x15, 0xA3, 0x38, 0x00, 0x00, 0x0F, 
	0xB6, 0x44, 0x24, 0x40, 0x85, 0xC0, 0x74, 0x38, 0x48, 0x8B, 0x44, 0x24, 0x50, 0x48, 0x8B, 0x40, 0x28, 0x48, 0x2D, 0x00, 0x05, 0x00, 0x00, 0x48, 0x89, 0x44, 0x24, 0x70, 0x48, 0x8B, 
	0x44, 0x24, 0x50, 0x48, 0x83, 0xC0, 0x30, 0x41, 0xB9, 0x00, 0x80, 0x00, 0x00, 0x4C, 0x8B, 0xC0, 0x48, 0x8D, 0x54, 0x24, 0x70, 0x48, 0xC7, 0xC1, 0xFF, 0xFF, 0xFF, 0xFF, 0xFF, 0x15, 
	0x82, 0x38, 0x00, 0x00, 0x48, 0x8D, 0x4C, 0x24, 0x78, 0xFF, 0x15, 0x5F, 0x38, 0x00, 0x00, 0x33, 0xD2, 0x48, 0x8B, 0x4C, 0x24, 0x50, 0xFF, 0x15, 0x12, 0x38, 0x00, 0x00, 0x48, 0x8B, 
	0x4C, 0x24, 0x48, 0xFF, 0x15, 0x27, 0x38, 0x00, 0x00, 0x48, 0x8B, 0x8C, 0x24, 0xA8, 0x00, 0x00, 0x00, 0x48, 0x33, 0xCC, 0xE8, 0xE7, 0x28, 0x00, 0x00, 0x48, 0x81, 0xC4, 0xB0, 0x00, 
	0x00, 0x00, 0x5F, 0xC3, 0xCC, 0xCC, 0xCC, 0xCC, 0xCC, 0xCC, 0xCC, 0xCC, 0xCC, 0xCC, 0xCC, 0xCC, 0xCC, 0xCC, 0x4C, 0x89, 0x44, 0x24, 0x18, 0x48, 0x89, 0x54, 0x24, 0x10, 0x48, 0x89, 
	0x4C, 0x24, 0x08, 0x48, 0x8B, 0x44, 0x24, 0x08, 0x48, 0x8B, 0x4C, 0x24, 0x10, 0x48, 0x89, 0x48, 0x10, 0x48, 0x8B, 0x44, 0x24, 0x08, 0x48, 0x8B, 0x4C, 0x24, 0x18, 0x48, 0x89, 0x48, 
	0x18, 0x48, 0x8B, 0x44, 0x24, 0x08, 0x48, 0xC7, 0x00, 0x00, 0x00, 0x00, 0x00, 0xC3, 0xCC, 0xCC, 0xCC, 0xCC, 0xCC, 0xCC, 0xCC, 0xCC, 0x44, 0x89, 0x4C, 0x24, 0x20, 0x44, 0x89, 0x44, 
	0x24, 0x18, 0x48, 0x89, 0x54, 0x24, 0x10, 0x48, 0x89, 0x4C, 0x24, 0x08, 0x57, 0x48, 0x83, 0xEC, 0x60, 0x48, 0x83, 0x3D, 0x97, 0x47, 0x00, 0x00, 0x00, 0x0F, 0x85, 0x0C, 0x01, 0x00, 
	0x00, 0x33, 0xC0, 0x66, 0x89, 0x44, 0x24, 0x40, 0x48, 0x8D, 0x44, 0x24, 0x42, 0x48, 0x8B, 0xF8, 0x33, 0xC0, 0xB9, 0x0E, 0x00, 0x00, 0x00, 0xF3, 0xAA, 0x48, 0x8D, 0x15, 0x2A, 0x2A, 
	0x00, 0x00, 0x48, 0x8D, 0x4C, 0x24, 0x40, 0xFF, 0x15, 0x37, 0x37, 0x00, 0x00, 0x48, 0x8D, 0x4C, 0x24, 0x40, 0xFF, 0x15, 0x34, 0x37, 0x00, 0x00, 0x48, 0x89, 0x05, 0x55, 0x47, 0x00, 
	0x00, 0x48, 0x83, 0x3D, 0x4D, 0x47, 0x00, 0x00, 0x00, 0x0F, 0x85, 0xC2, 0x00, 0x00, 0x00, 0x33, 0xC0, 0x66, 0x89, 0x44, 0x24, 0x50, 0x48, 0x8D, 0x44, 0x24, 0x52, 0x48, 0x8B, 0xF8, 
	0x33, 0xC0, 0xB9, 0x0E, 0x00, 0x00, 0x00, 0xF3, 0xAA, 0x48, 0x8D, 0x15, 0x00, 0x2A, 0x00, 0x00, 0x48, 0x8D, 0x4C, 0x24, 0x50, 0xFF, 0x15, 0xED, 0x36, 0x00, 0x00, 0x48, 0x8D, 0x4C, 
	0x24, 0x50, 0xFF, 0x15, 0xEA, 0x36, 0x00, 0x00, 0x48, 0x89, 0x44, 0x24, 0x38, 0x48, 0x8B, 0x44, 0x24, 0x38, 0x48, 0x83, 0xE8, 0x50, 0x48, 0x89, 0x44, 0x24, 0x38, 0xC7, 0x44, 0x24, 
	0x30, 0x00, 0x00, 0x00, 0x00, 0xEB, 0x0A, 0x8B, 0x44, 0x24, 0x30, 0xFF, 0xC0, 0x89, 0x44, 0x24, 0x30, 0x83, 0x7C, 0x24, 0x30, 0x30, 0x7D, 0x5F, 0x48, 0x63, 0x44, 0x24, 0x30, 0x48, 
	0x8B, 0x4C, 0x24, 0x38, 0x0F, 0xB6, 0x04, 0x01, 0x83, 0xF8, 0x48, 0x75, 0x4A, 0x8B, 0x44, 0x24, 0x30, 0xFF, 0xC0, 0x48, 0x98, 0x48, 0x8B, 0x4C, 0x24, 0x38, 0x0F, 0xB6, 0x04, 0x01, 
	0x3D, 0x8B, 0x00, 0x00, 0x00, 0x75, 0x32, 0x8B, 0x44, 0x24, 0x30, 0x83, 0xC0, 0x02, 0x48, 0x98, 0x48, 0x8B, 0x4C, 0x24, 0x38, 0x0F, 0xB6, 0x04, 0x01, 0x3D, 0xC4, 0x00, 0x00, 0x00, 
	0x75, 0x19, 0x48, 0x63, 0x44, 0x24, 0x30, 0x48, 0x8B, 0x4C, 0x24, 0x38, 0x48, 0x03, 0xC8, 0x48, 0x8B, 0xC1, 0x48, 0x89, 0x05, 0x89, 0x46, 0x00, 0x00, 0xEB, 0x02, 0xEB, 0x90, 0x48, 
	0x83, 0x3D, 0x7D, 0x46, 0x00, 0x00, 0x00, 0x74, 0x3A, 0x48, 0x8B, 0x84, 0x24, 0x98, 0x00, 0x00, 0x00, 0x48, 0x89, 0x44, 0x24, 0x28, 0x8B, 0x84, 0x24, 0x90, 0x00, 0x00, 0x00, 0x89, 
	0x44, 0x24, 0x20, 0x44, 0x8B, 0x8C, 0x24, 0x88, 0x00, 0x00, 0x00, 0x44, 0x8B, 0x84, 0x24, 0x80, 0x00, 0x00, 0x00, 0x48, 0x8B, 0x54, 0x24, 0x78, 0x48, 0x8B, 0x4C, 0x24, 0x70, 0xFF, 
	0x15, 0x43, 0x46, 0x00, 0x00, 0xEB, 0x05, 0xB8, 0x01, 0x00, 0x00, 0xC0, 0x48, 0x83, 0xC4, 0x60, 0x5F, 0xC3, 0xCC, 0xCC, 0xCC, 0xCC, 0xCC, 0xCC, 0xCC, 0xCC, 0xCC, 0xCC, 0xCC, 0xCC, 
	0xCC, 0xCC, 0x48, 0x89, 0x4C, 0x24, 0x08, 0x57, 0x48, 0x81, 0xEC, 0x80, 0x00, 0x00, 0x00, 0x48, 0x8B, 0x05, 0xCC, 0x45, 0x00, 0x00, 0x48, 0x33, 0xC4, 0x48, 0x89, 0x44, 0x24, 0x78, 
	0x48, 0xC7, 0x44, 0x24, 0x40, 0x00, 0x00, 0x00, 0x00, 0x48, 0xC7, 0x44, 0x24, 0x48, 0x00, 0x00, 0x00, 0x00, 0x48, 0x8D, 0x44, 0x24, 0x50, 0x48, 0x8B, 0xF8, 0x33, 0xC0, 0xB9, 0x28, 
	0x00, 0x00, 0x00, 0xF3, 0xAA, 0x48, 0x8D, 0x54, 0x24, 0x48, 0x48, 0x8B, 0x8C, 0x24, 0x90, 0x00, 0x00, 0x00, 0xFF, 0x15, 0xF6, 0x35, 0x00, 0x00, 0x48, 0xC7, 0x44, 0x24, 0x38, 0x00, 
	0x00, 0x00, 0x00, 0x48, 0x8D, 0x44, 0x24, 0x38, 0x48, 0x89, 0x44, 0x24, 0x28, 0xC7, 0x44, 0x24, 0x20, 0x00, 0x00, 0x00, 0x00, 0x41, 0xB9, 0x40, 0x02, 0x00, 0x00, 0x41, 0xB8, 0xFF, 
	0xFF, 0x1F, 0x00, 0x33, 0xD2, 0x48, 0xC7, 0xC1, 0xFF, 0xFF, 0xFF, 0xFF, 0xE8, 0xE9, 0xFD, 0xFF, 0xFF, 0x89, 0x44, 0x24, 0x30, 0x83, 0x7C, 0x24, 0x30, 0x00, 0x7C, 0x4F, 0x48, 0xC7, 
	0x44, 0x24, 0x28, 0x00, 0x00, 0x00, 0x00, 0x48, 0x8D, 0x44, 0x24, 0x40, 0x48, 0x89, 0x44, 0x24, 0x20, 0x45, 0x33, 0xC9, 0x48, 0x8B, 0x05, 0xD9, 0x35, 0x00, 0x00, 0x4C, 0x8B, 0x00, 
	0xBA, 0xFF, 0xFF, 0x1F, 0x00, 0x48, 0x8B, 0x4C, 0x24, 0x38, 0xFF, 0x15, 0x66, 0x35, 0x00, 0x00, 0x89, 0x44, 0x24, 0x30, 0x48, 0x8B, 0x4C, 0x24, 0x38, 0xFF, 0x15, 0x6F, 0x35, 0x00, 
	0x00, 0x83, 0x7C, 0x24, 0x30, 0x00, 0x7D, 0x09, 0x48, 0xC7, 0x44, 0x24, 0x40, 0x00, 0x00, 0x00, 0x00, 0x48, 0x8D, 0x4C, 0x24, 0x48, 0xFF, 0x15, 0x64, 0x35, 0x00, 0x00, 0x48, 0x8B, 
	0x44, 0x24, 0x40, 0x48, 0x8B, 0x4C, 0x24, 0x78, 0x48, 0x33, 0xCC, 0xE8, 0x02, 0x26, 0x00, 0x00, 0x48, 0x81, 0xC4, 0x80, 0x00, 0x00, 0x00, 0x5F, 0xC3, 0xCC, 0xCC, 0xCC, 0xCC, 0xCC, 
	0xCC, 0xCC, 0xCC, 0xCC, 0x48, 0x89, 0x54, 0x24, 0x10, 0x48, 0x89, 0x4C, 0x24, 0x08, 0x48, 0x83, 0xEC, 0x28, 0x48, 0x83, 0x3D, 0x12, 0x45, 0x00, 0x00, 0x00, 0x75, 0x24, 0x45, 0x33, 
	0xC9, 0x4C, 0x8D, 0x05, 0x6E, 0x28, 0x00, 0x00, 0x48, 0x8D, 0x15, 0x37, 0x27, 0x00, 0x00, 0x48, 0x8D, 0x0D, 0x40, 0x27, 0x00, 0x00, 0xE8, 0x7B, 0x21, 0x00, 0x00, 0x48, 0x89, 0x05, 
	0xEC, 0x44, 0x00, 0x00, 0x48, 0x83, 0x3D, 0xE4, 0x44, 0x00, 0x00, 0x00, 0x74, 0x12, 0x48, 0x8B, 0x54, 0x24, 0x38, 0x48, 0x8B, 0x4C, 0x24, 0x30, 0xFF, 0x15, 0xD2, 0x44, 0x00, 0x00, 
	0xEB, 0x05, 0xB8, 0x02, 0x00, 0x00, 0xC0, 0x48, 0x83, 0xC4, 0x28, 0xC3, 0xCC, 0xCC, 0xCC, 0xCC, 0xCC, 0xCC, 0xCC, 0xCC, 0xCC, 0xCC, 0xCC, 0xCC, 0xCC, 0xCC, 0x48, 0x89, 0x54, 0x24, 
	0x10, 0x48, 0x89, 0x4C, 0x24, 0x08, 0x48, 0x83, 0xEC, 0x28, 0x48, 0x83, 0x3D, 0x9A, 0x44, 0x00, 0x00, 0x00, 0x75, 0x27, 0x41, 0xB9, 0xEB, 0xFF, 0xFF, 0xFF, 0x4C, 0x8D, 0x05, 0xAB, 
	0x27, 0x00, 0x00, 0x48, 0x8D, 0x15, 0xC4, 0x26, 0x00, 0x00, 0x48, 0x8D, 0x0D, 0xCD, 0x26, 0x00, 0x00, 0xE8, 0x08, 0x21, 0x00, 0x00, 0x48, 0x89, 0x05, 0x71, 0x44, 0x00, 0x00, 0x48, 
	0x83, 0x3D, 0x69, 0x44, 0x00, 0x00, 0x00, 0x74, 0x12, 0x48, 0x8B, 0x54, 0x24, 0x38, 0x48, 0x8B, 0x4C, 0x24, 0x30, 0xFF, 0x15, 0x57, 0x44, 0x00, 0x00, 0xEB, 0x05, 0xB8, 0x02, 0x00, 
	0x00, 0xC0, 0x48, 0x83, 0xC4, 0x28, 0xC3, 0xCC, 0xCC, 0xCC, 0xCC, 0xCC, 0xCC, 0xCC, 0xCC, 0xCC, 0xCC, 0xCC, 0x44, 0x89, 0x44, 0x24, 0x18, 0x48, 0x89, 0x54, 0x24, 0x10, 0x48, 0x89, 
	0x4C, 0x24, 0x08, 0x56, 0x57, 0x48, 0x81, 0xEC, 0x98, 0x01, 0x00, 0x00, 0x48, 0x8B, 0x05, 0xD1, 0x43, 0x00, 0x00, 0x48, 0x33, 0xC4, 0x48, 0x89, 0x84, 0x24, 0x80, 0x01, 0x00, 0x00, 
	0x48, 0xC7, 0x44, 0x24, 0x48, 0x00, 0x00, 0x00, 0x00, 0x48, 0x8D, 0x54, 0x24, 0x48, 0x48, 0x8B, 0x8C, 0x24, 0xB0, 0x01, 0x00, 0x00, 0xFF, 0x15, 0x22, 0x34, 0x00, 0x00, 0x89, 0x44, 
	0x24, 0x44, 0x83, 0x7C, 0x24, 0x44, 0x00, 0x7D, 0x07, 0x32, 0xC0, 0xE9, 0x6E, 0x08, 0x00, 0x00, 0x48, 0x8B, 0x4C, 0x24, 0x48, 0xFF, 0x15, 0xE5, 0x33, 0x00, 0x00, 0x3D, 0x03, 0x01, 
	0x00, 0x00, 0x74, 0x12, 0x48, 0x8B, 0x4C, 0x24, 0x48, 0xFF, 0x15, 0xCB, 0x33, 0x00, 0x00, 0x32, 0xC0, 0xE9, 0x4A, 0x08, 0x00, 0x00, 0x48, 0x8B, 0x4C, 0x24, 0x48, 0xE8, 0x8A, 0xFD, 
	0xFF, 0xFF, 0x48, 0x89, 0x44, 0x24, 0x60, 0x48, 0x8B, 0x4C, 0x24, 0x48, 0xE8, 0x3F, 0x25, 0x00, 0x00, 0x48, 0x89, 0x84, 0x24, 0xA0, 0x00, 0x00, 0x00, 0x48, 0x83, 0xBC, 0x24, 0xA0, 
	0x00, 0x00, 0x00, 0x00, 0x74, 0x0A, 0xC7, 0x44, 0x24, 0x68, 0x01, 0x00, 0x00, 0x00, 0xEB, 0x08, 0xC7, 0x44, 0x24, 0x68, 0x00, 0x00, 0x00, 0x00, 0x0F, 0xB6, 0x44, 0x24, 0x68, 0x88, 
	0x44, 0x24, 0x40, 0x48, 0x8B, 0x4C, 0x24, 0x48, 0xFF, 0x15, 0x72, 0x33, 0x00, 0x00, 0x48, 0x83, 0x7C, 0x24, 0x60, 0x00, 0x75, 0x07, 0x32, 0xC0, 0xE9, 0xE9, 0x07, 0x00, 0x00, 0x8B, 
	0x84, 0x24, 0xC0, 0x01, 0x00, 0x00, 0x8B, 0xD0, 0xB9, 0x01, 0x00, 0x00, 0x00, 0xFF, 0x15, 0x27, 0x33, 0x00, 0x00, 0x48, 0x89, 0x84, 0x24, 0x88, 0x00, 0x00, 0x00, 0x8B, 0x84, 0x24, 
	0xC0, 0x01, 0x00, 0x00, 0x48, 0x8B, 0xBC, 0x24, 0x88, 0x00, 0x00, 0x00, 0x48, 0x8B, 0xB4, 0x24, 0xB8, 0x01, 0x00, 0x00, 0x8B, 0xC8, 0xF3, 0xA4, 0x48, 0xC7, 0x84, 0x24, 0xB8, 0x00, 
	0x00, 0x00, 0x00, 0x00, 0x00, 0x00, 0x48, 0x8D, 0x84, 0x24, 0xC0, 0x00, 0x00, 0x00, 0x48, 0x8B, 0xF8, 0x33, 0xC0, 0xB9, 0x28, 0x00, 0x00, 0x00, 0xF3, 0xAA, 0x48, 0x8D, 0x94, 0x24, 
	0xB8, 0x00, 0x00, 0x00, 0x48, 0x8B, 0x4C, 0x24, 0x48, 0xFF, 0x15, 0x11, 0x33, 0x00, 0x00, 0x48, 0xC7, 0x44, 0x24, 0x50, 0x00, 0x00, 0x00, 0x00, 0x8B, 0x84, 0x24, 0xC0, 0x01, 0x00, 
	0x00, 0x05, 0x00, 0x10, 0x00, 0x00, 0x8B, 0xC0, 0x48, 0x89, 0x84, 0x24, 0x80, 0x00, 0x00, 0x00, 0xC7, 0x44, 0x24, 0x28, 0x40, 0x00, 0x00, 0x00, 0xC7, 0x44, 0x24, 0x20, 0x00, 0x10, 
	0x00, 0x00, 0x4C, 0x8D, 0x8C, 0x24, 0x80, 0x00, 0x00, 0x00, 0x45, 0x33, 0xC0, 0x48, 0x8D, 0x54, 0x24, 0x50, 0x48, 0xC7, 0xC1, 0xFF, 0xFF, 0xFF, 0xFF, 0xFF, 0x15, 0xDD, 0x32, 0x00, 
	0x00, 0x89, 0x44, 0x24, 0x44, 0x83, 0x7C, 0x24, 0x44, 0x00, 0x7D, 0x05, 0xE9, 0xF8, 0x06, 0x00, 0x00, 0x48, 0x8B, 0x7C, 0x24, 0x50, 0x33, 0xC0, 0x48, 0x8B, 0x8C, 0x24, 0x80, 0x00, 
	0x00, 0x00, 0xF3, 0xAA, 0x48, 0x8B, 0x44, 0x24, 0x50, 0x48, 0x05, 0x00, 0x10, 0x00, 0x00, 0x48, 0x89, 0x44, 0x24, 0x70, 0x8B, 0x84, 0x24, 0xC0, 0x01, 0x00, 0x00, 0x48, 0x8B, 0x7C, 
	0x24, 0x70, 0x48, 0x8B, 0xB4, 0x24, 0x88, 0x00, 0x00, 0x00, 0x8B, 0xC8, 0xF3, 0xA4, 0x33, 0xD2, 0x48, 0x8B, 0x4C, 0x24, 0x60, 0xE8, 0xA8, 0xFD, 0xFF, 0xFF, 0x89, 0x44, 0x24, 0x44, 
	0x83, 0x7C, 0x24, 0x44, 0x00, 0x0F, 0x8C, 0x9A, 0x06, 0x00, 0x00, 0x0F, 0xB6, 0x44, 0x24, 0x40, 0x85, 0xC0, 0x0F, 0x84, 0x31, 0x02, 0x00, 0x00, 0xC6, 0x84, 0x24, 0xE8, 0x00, 0x00, 
	0x00, 0x60, 0xC6, 0x84, 0x24, 0xE9, 0x00, 0x00, 0x00, 0xB8, 0xC6, 0x84, 0x24, 0xEA, 0x00, 0x00, 0x00, 0x78, 0xC6, 0x84, 0x24, 0xEB, 0x00, 0x00, 0x00, 0x56, 0xC6, 0x84, 0x24, 0xEC, 
	0x00, 0x00, 0x00, 0x34, 0xC6, 0x84, 0x24, 0xED, 0x00, 0x00, 0x00, 0x12, 0xC6, 0x84, 0x24, 0xEE, 0x00, 0x00, 0x00, 0x83, 0xC6, 0x84, 0x24, 0xEF, 0x00, 0x00, 0x00, 0xEC, 0xC6, 0x84, 
	0x24, 0xF0, 0x00, 0x00, 0x00, 0x40, 0xC6, 0x84, 0x24, 0xF1, 0x00, 0x00, 0x00, 0xFF, 0xC6, 0x84, 0x24, 0xF2, 0x00, 0x00, 0x00, 0xD0, 0xC6, 0x84, 0x24, 0xF3, 0x00, 0x00, 0x00, 0x83, 
	0xC6, 0x84, 0x24, 0xF4, 0x00, 0x00, 0x00, 0xC4, 0xC6, 0x84, 0x24, 0xF5, 0x00, 0x00, 0x00, 0x40, 0xC6, 0x84, 0x24, 0xF6, 0x00, 0x00, 0x00, 0xB8, 0xC6, 0x84, 0x24, 0xF7, 0x00, 0x00, 
	0x00, 0x78, 0xC6, 0x84, 0x24, 0xF8, 0x00, 0x00, 0x00, 0x56, 0xC6, 0x84, 0x24, 0xF9, 0x00, 0x00, 0x00, 0x34, 0xC6, 0x84, 0x24, 0xFA, 0x00, 0x00, 0x00, 0x12, 0xC6, 0x84, 0x24, 0xFB, 
	0x00, 0x00, 0x00, 0xC7, 0xC6, 0x84, 0x24, 0xFC, 0x00, 0x00, 0x00, 0x00, 0xC6, 0x84, 0x24, 0xFD, 0x00, 0x00, 0x00, 0x01, 0xC6, 0x84, 0x24, 0xFE, 0x00, 0x00, 0x00, 0x00, 0xC6, 0x84, 
	0x24, 0xFF, 0x00, 0x00, 0x00, 0x00, 0xC6, 0x84, 0x24, 0x00, 0x01, 0x00, 0x00, 0x00, 0xC6, 0x84, 0x24, 0x01, 0x01, 0x00, 0x00, 0x61, 0xC6, 0x84, 0x24, 0x02, 0x01, 0x00, 0x00, 0xFF, 
	0xC6, 0x84, 0x24, 0x03, 0x01, 0x00, 0x00, 0x25, 0xC6, 0x84, 0x24, 0x04, 0x01, 0x00, 0x00, 0x00, 0xC6, 0x84, 0x24, 0x05, 0x01, 0x00, 0x00, 0x00, 0xC6, 0x84, 0x24, 0x06, 0x01, 0x00, 
	0x00, 0x00, 0xC6, 0x84, 0x24, 0x07, 0x01, 0x00, 0x00, 0x00, 0xC6, 0x84, 0x24, 0x08, 0x01, 0x00, 0x00, 0x00, 0xC6, 0x84, 0x24, 0x09, 0x01, 0x00, 0x00, 0x00, 0xC6, 0x84, 0x24, 0x0A, 
	0x01, 0x00, 0x00, 0x00, 0xC6, 0x84, 0x24, 0x0B, 0x01, 0x00, 0x00, 0x00, 0xC6, 0x84, 0x24, 0x0C, 0x01, 0x00, 0x00, 0x00, 0xC6, 0x84, 0x24, 0x0D, 0x01, 0x00, 0x00, 0x00, 0xC6, 0x84, 
	0x24, 0x0E, 0x01, 0x00, 0x00, 0x00, 0xC6, 0x84, 0x24, 0x0F, 0x01, 0x00, 0x00, 0x00, 0x48, 0x8B, 0x4C, 0x24, 0x60, 0xE8, 0x8C, 0x22, 0x00, 0x00, 0x48, 0x89, 0x44, 0x24, 0x78, 0x48, 
	0xC7, 0x84, 0x24, 0xA8, 0x00, 0x00, 0x00, 0x00, 0x00, 0x00, 0x00, 0x48, 0x8B, 0x44, 0x24, 0x78, 0x48, 0x05, 0x88, 0x14, 0x00, 0x00, 0x48, 0x8B, 0x4C, 0x24, 0x78, 0x48, 0x81, 0xC1, 
	0x88, 0x14, 0x00, 0x00, 0x48, 0x8D, 0x94, 0x24, 0xA8, 0x00, 0x00, 0x00, 0x48, 0x89, 0x54, 0x24, 0x30, 0xC6, 0x44, 0x24, 0x28, 0x01, 0x48, 0xC7, 0x44, 0x24, 0x20, 0x08, 0x00, 0x00, 
	0x00, 0x4C, 0x8B, 0xC8, 0x4C, 0x8B, 0x44, 0x24, 0x48, 0x48, 0x8B, 0xD1, 0x48, 0x8B, 0x4C, 0x24, 0x48, 0xE8, 0x3A, 0x22, 0x00, 0x00, 0x48, 0x8B, 0x44, 0x24, 0x78, 0x48, 0x8B, 0x80, 
	0x88, 0x14, 0x00, 0x00, 0x48, 0x89, 0x84, 0x24, 0x90, 0x00, 0x00, 0x00, 0xB8, 0x01, 0x00, 0x00, 0x00, 0x48, 0x6B, 0xC0, 0x02, 0x8B, 0x4C, 0x24, 0x70, 0x89, 0x8C, 0x04, 0xE8, 0x00, 
	0x00, 0x00, 0x48, 0x8B, 0x44, 0x24, 0x70, 0x48, 0x05, 0x00, 0x05, 0x00, 0x00, 0xB9, 0x01, 0x00, 0x00, 0x00, 0x48, 0x6B, 0xC9, 0x0F, 0x89, 0x84, 0x0C, 0xE8, 0x00, 0x00, 0x00, 0xB8, 
	0x01, 0x00, 0x00, 0x00, 0x48, 0x6B, 0xC0, 0x20, 0x48, 0x8B, 0x8C, 0x24, 0x90, 0x00, 0x00, 0x00, 0x8B, 0x89, 0xBC, 0x00, 0x00, 0x00, 0x89, 0x8C, 0x04, 0xE8, 0x00, 0x00, 0x00, 0x48, 
	0x8D, 0x84, 0x24, 0xE8, 0x00, 0x00, 0x00, 0x48, 0x8B, 0x7C, 0x24, 0x50, 0x48, 0x8B, 0xF0, 0xB9, 0x28, 0x00, 0x00, 0x00, 0xF3, 0xA4, 0x48, 0x8B, 0x84, 0x24, 0x90, 0x00, 0x00, 0x00, 
	0x8B, 0x4C, 0x24, 0x50, 0x89, 0x88, 0xBC, 0x00, 0x00, 0x00, 0xE9, 0xDC, 0x03, 0x00, 0x00, 0xC6, 0x84, 0x24, 0x10, 0x01, 0x00, 0x00, 0x50, 0xC6, 0x84, 0x24, 0x11, 0x01, 0x00, 0x00, 
	0x51, 0xC6, 0x84, 0x24, 0x12, 0x01, 0x00, 0x00, 0x52, 0xC6, 0x84, 0x24, 0x13, 0x01, 0x00, 0x00, 0x53, 0xC6, 0x84, 0x24, 0x14, 0x01, 0x00, 0x00, 0x55, 0xC6, 0x84, 0x24, 0x15, 0x01, 
	0x00, 0x00, 0x56, 0xC6, 0x84, 0x24, 0x16, 0x01, 0x00, 0x00, 0x57, 0xC6, 0x84, 0x24, 0x17, 0x01, 0x00, 0x00, 0x41, 0xC6, 0x84, 0x24, 0x18, 0x01, 0x00, 0x00, 0x50, 0xC6, 0x84, 0x24, 
	0x19, 0x01, 0x00, 0x00, 0x41, 0xC6, 0x84, 0x24, 0x1A, 0x01, 0x00, 0x00, 0x51, 0xC6, 0x84, 0x24, 0x1B, 0x01, 0x00, 0x00, 0x41, 0xC6, 0x84, 0x24, 0x1C, 0x01, 0x00, 0x00, 0x52, 0xC6, 
	0x84, 0x24, 0x1D, 0x01, 0x00, 0x00, 0x41, 0xC6, 0x84, 0x24, 0x1E, 0x01, 0x00, 0x00, 0x53, 0xC6, 0x84, 0x24, 0x1F, 0x01, 0x00, 0x00, 0x41, 0xC6, 0x84, 0x24, 0x20, 0x01, 0x00, 0x00, 
	0x54, 0xC6, 0x84, 0x24, 0x21, 0x01, 0x00, 0x00, 0x41, 0xC6, 0x84, 0x24, 0x22, 0x01, 0x00, 0x00, 0x55, 0xC6, 0x84, 0x24, 0x23, 0x01, 0x00, 0x00, 0x41, 0xC6, 0x84, 0x24, 0x24, 0x01, 
	0x00, 0x00, 0x56, 0xC6, 0x84, 0x24, 0x25, 0x01, 0x00, 0x00, 0x41, 0xC6, 0x84, 0x24, 0x26, 0x01, 0x00, 0x00, 0x57, 0xC6, 0x84, 0x24, 0x27, 0x01, 0x00, 0x00, 0x48, 0xC6, 0x84, 0x24, 
	0x28, 0x01, 0x00, 0x00, 0xB8, 0xC6, 0x84, 0x24, 0x29, 0x01, 0x00, 0x00, 0x99, 0xC6, 0x84, 0x24, 0x2A, 0x01, 0x00, 0x00, 0x89, 0xC6, 0x84, 0x24, 0x2B, 0x01, 0x00, 0x00, 0x67, 0xC6, 
	0x84, 0x24, 0x2C, 0x01, 0x00, 0x00, 0x45, 0xC6, 0x84, 0x24, 0x2D, 0x01, 0x00, 0x00, 0x23, 0xC6, 0x84, 0x24, 0x2E, 0x01, 0x00, 0x00, 0x01, 0xC6, 0x84, 0x24, 0x2F, 0x01, 0x00, 0x00, 
	0x00, 0xC6, 0x84, 0x24, 0x30, 0x01, 0x00, 0x00, 0x00, 0xC6, 0x84, 0x24, 0x31, 0x01, 0x00, 0x00, 0x48, 0xC6, 0x84, 0x24, 0x32, 0x01, 0x00, 0x00, 0x81, 0xC6, 0x84, 0x24, 0x33, 0x01, 
	0x00, 0x00, 0xEC, 0xC6, 0x84, 0x24, 0x34, 0x01, 0x00, 0x00, 0xA0, 0xC6, 0x84, 0x24, 0x35, 0x01, 0x00, 0x00, 0x00, 0xC6, 0x84, 0x24, 0x36, 0x01, 0x00, 0x00, 0x00, 0xC6, 0x84, 0x24, 
	0x37, 0x01, 0x00, 0x00, 0x00, 0xC6, 0x84, 0x24, 0x38, 0x01, 0x00, 0x00, 0xFF, 0xC6, 0x84, 0x24, 0x39, 0x01, 0x00, 0x00, 0xD0, 0xC6, 0x84, 0x24, 0x3A, 0x01, 0x00, 0x00, 0x48, 0xC6, 
	0x84, 0x24, 0x3B, 0x01, 0x00, 0x00, 0x81, 0xC6, 0x84, 0x24, 0x3C, 0x01, 0x00, 0x00, 0xC4, 0xC6, 0x84, 0x24, 0x3D, 0x01, 0x00, 0x00, 0xA0, 0xC6, 0x84, 0x24, 0x3E, 0x01, 0x00, 0x00, 
	0x00, 0xC6, 0x84, 0x24, 0x3F, 0x01, 0x00, 0x00, 0x00, 0xC6, 0x84, 0x24, 0x40, 0x01, 0x00, 0x00, 0x00, 0xC6, 0x84, 0x24, 0x41, 0x01, 0x00, 0x00, 0x41, 0xC6, 0x84, 0x24, 0x42, 0x01, 
	0x00, 0x00, 0x5F, 0xC6, 0x84, 0x24, 0x43, 0x01, 0x00, 0x00, 0x41, 0xC6, 0x84, 0x24, 0x44, 0x01, 0x00, 0x00, 0x5E, 0xC6, 0x84, 0x24, 0x45, 0x01, 0x00, 0x00, 0x41, 0xC6, 0x84, 0x24, 
	0x46, 0x01, 0x00, 0x00, 0x5D, 0xC6, 0x84, 0x24, 0x47, 0x01, 0x00, 0x00, 0x41, 0xC6, 0x84, 0x24, 0x48, 0x01, 0x00, 0x00, 0x5C, 0xC6, 0x84, 0x24, 0x49, 0x01, 0x00, 0x00, 0x41, 0xC6, 
	0x84, 0x24, 0x4A, 0x01, 0x00, 0x00, 0x5B, 0xC6, 0x84, 0x24, 0x4B, 0x01, 0x00, 0x00, 0x41, 0xC6, 0x84, 0x24, 0x4C, 0x01, 0x00, 0x00, 0x5A, 0xC6, 0x84, 0x24, 0x4D, 0x01, 0x00, 0x00, 
	0x41, 0xC6, 0x84, 0x24, 0x4E, 0x01, 0x00, 0x00, 0x59, 0xC6, 0x84, 0x24, 0x4F, 0x01, 0x00, 0x00, 0x41, 0xC6, 0x84, 0x24, 0x50, 0x01, 0x00, 0x00, 0x58, 0xC6, 0x84, 0x24, 0x51, 0x01, 
	0x00, 0x00, 0x5F, 0xC6, 0x84, 0x24, 0x52, 0x01, 0x00, 0x00, 0x5E, 0xC6, 0x84, 0x24, 0x53, 0x01, 0x00, 0x00, 0x5D, 0xC6, 0x84, 0x24, 0x54, 0x01, 0x00, 0x00, 0x5B, 0xC6, 0x84, 0x24, 
	0x55, 0x01, 0x00, 0x00, 0x5A, 0xC6, 0x84, 0x24, 0x56, 0x01, 0x00, 0x00, 0x59, 0xC6, 0x84, 0x24, 0x57, 0x01, 0x00, 0x00, 0x48, 0xC6, 0x84, 0x24, 0x58, 0x01, 0x00, 0x00, 0xB8, 0xC6, 
	0x84, 0x24, 0x59, 0x01, 0x00, 0x00, 0x89, 0xC6, 0x84, 0x24, 0x5A, 0x01, 0x00, 0x00, 0x67, 0xC6, 0x84, 0x24, 0x5B, 0x01, 0x00, 0x00, 0x45, 0xC6, 0x84, 0x24, 0x5C, 0x01, 0x00, 0x00, 
	0x23, 0xC6, 0x84, 0x24, 0x5D, 0x01, 0x00, 0x00, 0x01, 0xC6, 0x84, 0x24, 0x5E, 0x01, 0x00, 0x00, 0x00, 0xC6, 0x84, 0x24, 0x5F, 0x01, 0x00, 0x00, 0x00, 0xC6, 0x84, 0x24, 0x60, 0x01, 
	0x00, 0x00, 0x00, 0xC6, 0x84, 0x24, 0x61, 0x01, 0x00, 0x00, 0x48, 0xC6, 0x84, 0x24, 0x62, 0x01, 0x00, 0x00, 0xC7, 0xC6, 0x84, 0x24, 0x63, 0x01, 0x00, 0x00, 0x00, 0xC6, 0x84, 0x24, 
	0x64, 0x01, 0x00, 0x00, 0x01, 0xC6, 0x84, 0x24, 0x65, 0x01, 0x00, 0x00, 0x00, 0xC6, 0x84, 0x24, 0x66, 0x01, 0x00, 0x00, 0x00, 0xC6, 0x84, 0x24, 0x67, 0x01, 0x00, 0x00, 0x00, 0xC6, 
	0x84, 0x24, 0x68, 0x01, 0x00, 0x00, 0x58, 0xC6, 0x84, 0x24, 0x69, 0x01, 0x00, 0x00, 0xFF, 0xC6, 0x84, 0x24, 0x6A, 0x01, 0x00, 0x00, 0x25, 0xC6, 0x84, 0x24, 0x6B, 0x01, 0x00, 0x00, 
	0x00, 0xC6, 0x84, 0x24, 0x6C, 0x01, 0x00, 0x00, 0x00, 0xC6, 0x84, 0x24, 0x6D, 0x01, 0x00, 0x00, 0x00, 0xC6, 0x84, 0x24, 0x6E, 0x01, 0x00, 0x00, 0x00, 0xC6, 0x84, 0x24, 0x6F, 0x01, 
	0x00, 0x00, 0x00, 0xC6, 0x84, 0x24, 0x70, 0x01, 0x00, 0x00, 0x00, 0xC6, 0x84, 0x24, 0x71, 0x01, 0x00, 0x00, 0x00, 0xC6, 0x84, 0x24, 0x72, 0x01, 0x00, 0x00, 0x00, 0xC6, 0x84, 0x24, 
	0x73, 0x01, 0x00, 0x00, 0x00, 0xC6, 0x84, 0x24, 0x74, 0x01, 0x00, 0x00, 0x00, 0xC6, 0x84, 0x24, 0x75, 0x01, 0x00, 0x00, 0x00, 0xC6, 0x84, 0x24, 0x76, 0x01, 0x00, 0x00, 0x00, 0x48, 
	0x8B, 0x44, 0x24, 0x60, 0x48, 0x8B, 0x40, 0x28, 0x48, 0x89, 0x84, 0x24, 0xB0, 0x00, 0x00, 0x00, 0x48, 0x8B, 0x84, 0x24, 0xB0, 0x00, 0x00, 0x00, 0x48, 0x2D, 0x90, 0x01, 0x00, 0x00, 
	0x48, 0x89, 0x84, 0x24, 0x98, 0x00, 0x00, 0x00, 0xB8, 0x01, 0x00, 0x00, 0x00, 0x48, 0x6B, 0xC0, 0x19, 0x48, 0x8B, 0x4C, 0x24, 0x70, 0x48, 0x89, 0x8C, 0x04, 0x10, 0x01, 0x00, 0x00, 
	0x48, 0x8B, 0x44, 0x24, 0x50, 0x48, 0x05, 0x00, 0x05, 0x00, 0x00, 0xB9, 0x01, 0x00, 0x00, 0x00, 0x48, 0x6B, 0xC9, 0x49, 0x48, 0x89, 0x84, 0x0C, 0x10, 0x01, 0x00, 0x00, 0xB8, 0x01, 
	0x00, 0x00, 0x00, 0x48, 0x6B, 0xC0, 0x5F, 0x48, 0x8B, 0x8C, 0x24, 0x98, 0x00, 0x00, 0x00, 0x48, 0x8B, 0x89, 0x68, 0x01, 0x00, 0x00, 0x48, 0x89, 0x8C, 0x04, 0x10, 0x01, 0x00, 0x00, 
	0x48, 0x8D, 0x84, 0x24, 0x10, 0x01, 0x00, 0x00, 0x48, 0x8B, 0x7C, 0x24, 0x50, 0x48, 0x8B, 0xF0, 0xB9, 0x67, 0x00, 0x00, 0x00, 0xF3, 0xA4, 0x48, 0x8B, 0x84, 0x24, 0x98, 0x00, 0x00, 
	0x00, 0x48, 0x8B, 0x4C, 0x24, 0x50, 0x48, 0x89, 0x88, 0x68, 0x01, 0x00, 0x00, 0xBA, 0x38, 0x00, 0x00, 0x00, 0x33, 0xC9, 0xFF, 0x15, 0xFA, 0x2B, 0x00, 0x00, 0x48, 0x89, 0x44, 0x24, 
	0x58, 0x48, 0x8B, 0x44, 0x24, 0x50, 0x48, 0x05, 0x00, 0x05, 0x00, 0x00, 0x48, 0x8B, 0x4C, 0x24, 0x58, 0x48, 0x89, 0x41, 0x28, 0x48, 0x8B, 0x44, 0x24, 0x58, 0x48, 0x8B, 0x8C, 0x24, 
	0xB0, 0x01, 0x00, 0x00, 0x48, 0x89, 0x48, 0x20, 0x48, 0x8B, 0x44, 0x24, 0x58, 0x48, 0x8B, 0x8C, 0x24, 0x80, 0x00, 0x00, 0x00, 0x48, 0x89, 0x48, 0x30, 0x48, 0x8B, 0x44, 0x24, 0x58, 
	0x4C, 0x8B, 0x44, 0x24, 0x58, 0x48, 0x8D, 0x15, 0x06, 0xF2, 0xFF, 0xFF, 0x48, 0x8B, 0xC8, 0xE8, 0xCE, 0xF3, 0xFF, 0xFF, 0x48, 0x8B, 0x44, 0x24, 0x58, 0xBA, 0x01, 0x00, 0x00, 0x00, 
	0x48, 0x8B, 0xC8, 0xFF, 0x15, 0xA3, 0x2B, 0x00, 0x00, 0x33, 0xD2, 0x48, 0x8B, 0x4C, 0x24, 0x60, 0xE8, 0x8F, 0xF6, 0xFF, 0xFF, 0x33, 0xC0, 0x85, 0xC0, 0x0F, 0x85, 0xCB, 0xF8, 0xFF, 
	0xFF, 0x48, 0x8D, 0x8C, 0x24, 0xB8, 0x00, 0x00, 0x00, 0xFF, 0x15, 0xB7, 0x2B, 0x00, 0x00, 0x48, 0x8B, 0x4C, 0x24, 0x60, 0xFF, 0x15, 0x8C, 0x2B, 0x00, 0x00, 0x33, 0xD2, 0x48, 0x8B, 
	0x8C, 0x24, 0x88, 0x00, 0x00, 0x00, 0xFF, 0x15, 0x5C, 0x2B, 0x00, 0x00, 0xB0, 0x01, 0x48, 0x8B, 0x8C, 0x24, 0x80, 0x01, 0x00, 0x00, 0x48, 0x33, 0xCC, 0xE8, 0x3A, 0x1C, 0x00, 0x00, 
	0x48, 0x81, 0xC4, 0x98, 0x01, 0x00, 0x00, 0x5F, 0x5E, 0xC3, 0x4C, 0x89, 0x44, 0x24, 0x18, 0x48, 0x89, 0x54, 0x24, 0x10, 0x48, 0x89, 0x4C, 0x24, 0x08, 0x57, 0x48, 0x81, 0xEC, 0xA0, 
	0x00, 0x00, 0x00, 0x48, 0x8B, 0x05, 0xF2, 0x3A, 0x00, 0x00, 0x48, 0x33, 0xC4, 0x48, 0x89, 0x84, 0x24, 0x98, 0x00, 0x00, 0x00, 0x48, 0x83, 0xBC, 0x24, 0xB8, 0x00, 0x00, 0x00, 0x00, 
	0x75, 0x07, 0x33, 0xC0, 0xE9, 0x58, 0x01, 0x00, 0x00, 0x48, 0xC7, 0x44, 0x24, 0x28, 0x00, 0x00, 0x00, 0x00, 0x48, 0xC7, 0x44, 0x24, 0x68, 0x00, 0x00, 0x00, 0x00, 0x48, 0x8D, 0x44, 
	0x24, 0x70, 0x48, 0x8B, 0xF8, 0x33, 0xC0, 0xB9, 0x28, 0x00, 0x00, 0x00, 0xF3, 0xAA, 0x48, 0xC7, 0x44, 0x24, 0x30, 0x00, 0x00, 0x00, 0x00, 0x48, 0x8D, 0x54, 0x24, 0x28, 0x48, 0x8B, 
	0x8C, 0x24, 0xB0, 0x00, 0x00, 0x00, 0xFF, 0x15, 0x0E, 0x2B, 0x00, 0x00, 0x89, 0x44, 0x24, 0x20, 0x83, 0x7C, 0x24, 0x20, 0x00, 0x7D, 0x07, 0x33, 0xC0, 0xE9, 0x07, 0x01, 0x00, 0x00, 
	0x33, 0xC0, 0x66, 0x89, 0x44, 0x24, 0x58, 0x48, 0x8D, 0x44, 0x24, 0x5A, 0x48, 0x8B, 0xF8, 0x33, 0xC0, 0xB9, 0x0E, 0x00, 0x00, 0x00, 0xF3, 0xAA, 0x48, 0x8B, 0x94, 0x24, 0xB8, 0x00, 
	0x00, 0x00, 0x48, 0x8D, 0x4C, 0x24, 0x58, 0xFF, 0x15, 0x11, 0x2B, 0x00, 0x00, 0x33, 0xC0, 0x66, 0x89, 0x44, 0x24, 0x38, 0x48, 0x8D, 0x44, 0x24, 0x3A, 0x48, 0x8B, 0xF8, 0x33, 0xC0, 
	0xB9, 0x0E, 0x00, 0x00, 0x00, 0xF3, 0xAA, 0x41, 0xB0, 0x01, 0x48, 0x8D, 0x54, 0x24, 0x58, 0x48, 0x8D, 0x4C, 0x24, 0x38, 0xFF, 0x15, 0xEE, 0x2A, 0x00, 0x00, 0x89, 0x44, 0x24, 0x20, 
	0x83, 0x7C, 0x24, 0x20, 0x00, 0x7D, 0x07, 0x33, 0xC0, 0xE9, 0x9F, 0x00, 0x00, 0x00, 0x48, 0x8B, 0x4C, 0x24, 0x40, 0xE8, 0x08, 0x1C, 0x00, 0x00, 0x48, 0x8D, 0x54, 0x24, 0x68, 0x48, 
	0x8B, 0x4C, 0x24, 0x28, 0xFF, 0x15, 0x6A, 0x2A, 0x00, 0x00, 0x48, 0x8B, 0x4C, 0x24, 0x28, 0xE8, 0xF4, 0x1B, 0x00, 0x00, 0x48, 0x89, 0x44, 0x24, 0x50, 0x48, 0x8B, 0x4C, 0x24, 0x28, 
	0xE8, 0xCD, 0x1B, 0x00, 0x00, 0x48, 0x89, 0x44, 0x24, 0x48, 0x48, 0x83, 0x7C, 0x24, 0x48, 0x00, 0x74, 0x23, 0x4C, 0x8B, 0x8C, 0x24, 0xC0, 0x00, 0x00, 0x00, 0x4C, 0x8D, 0x44, 0x24, 
	0x38, 0x48, 0x8B, 0x54, 0x24, 0x48, 0x48, 0x8B, 0x4C, 0x24, 0x28, 0xE8, 0xB0, 0x01, 0x00, 0x00, 0x48, 0x89, 0x44, 0x24, 0x30, 0xEB, 0x21, 0x4C, 0x8B, 0x8C, 0x24, 0xC0, 0x00, 0x00, 
	0x00, 0x4C, 0x8D, 0x44, 0x24, 0x38, 0x48, 0x8B, 0x54, 0x24, 0x50, 0x48, 0x8B, 0x4C, 0x24, 0x28, 0xE8, 0x3D, 0x00, 0x00, 0x00, 0x48, 0x89, 0x44, 0x24, 0x30, 0x48, 0x8D, 0x4C, 0x24, 
	0x68, 0xFF, 0x15, 0xFD, 0x29, 0x00, 0x00, 0x48, 0x8D, 0x4C, 0x24, 0x38, 0xFF, 0x15, 0x52, 0x2A, 0x00, 0x00, 0x48, 0x8B, 0x44, 0x24, 0x30, 0x48, 0x8B, 0x8C, 0x24, 0x98, 0x00, 0x00, 
	0x00, 0x48, 0x33, 0xCC, 0xE8, 0x8D, 0x1A, 0x00, 0x00, 0x48, 0x81, 0xC4, 0xA0, 0x00, 0x00, 0x00, 0x5F, 0xC3, 0xCC, 0xCC, 0xCC, 0xCC, 0x4C, 0x89, 0x4C, 0x24, 0x20, 0x4C, 0x89, 0x44, 
	0x24, 0x18, 0x48, 0x89, 0x54, 0x24, 0x10, 0x48, 0x89, 0x4C, 0x24, 0x08, 0x48, 0x83, 0xEC, 0x78, 0x48, 0xC7, 0x44, 0x24, 0x58, 0x00, 0x00, 0x00, 0x00, 0x48, 0x8D, 0x44, 0x24, 0x58, 
	0x48, 0x89, 0x44, 0x24, 0x30, 0xC6, 0x44, 0x24, 0x28, 0x01, 0x48, 0xC7, 0x44, 0x24, 0x20, 0x01, 0x00, 0x00, 0x00, 0x4C, 0x8B, 0x8C, 0x24, 0x88, 0x00, 0x00, 0x00, 0x4C, 0x8B, 0x84, 
	0x24, 0x80, 0x00, 0x00, 0x00, 0x48, 0x8B, 0x94, 0x24, 0x88, 0x00, 0x00, 0x00, 0x48, 0x8B, 0x8C, 0x24, 0x80, 0x00, 0x00, 0x00, 0xE8, 0xF2, 0x1A, 0x00, 0x00, 0x48, 0x8B, 0x84, 0x24, 
	0x88, 0x00, 0x00, 0x00, 0x48, 0x8B, 0x40, 0x18, 0x48, 0x89, 0x44, 0x24, 0x60, 0x48, 0x8B, 0x44, 0x24, 0x60, 0x48, 0x83, 0xC0, 0x10, 0x48, 0x89, 0x44, 0x24, 0x48, 0x48, 0x8B, 0x44, 
	0x24, 0x48, 0x48, 0x8B, 0x00, 0x48, 0x89, 0x44, 0x24, 0x40, 0x48, 0xC7, 0x44, 0x24, 0x50, 0x00, 0x00, 0x00, 0x00, 0x48, 0x8B, 0x44, 0x24, 0x40, 0x48, 0x39, 0x44, 0x24, 0x48, 0x0F, 
	0x84, 0x9B, 0x00, 0x00, 0x00, 0x48, 0x8B, 0x44, 0x24, 0x40, 0x48, 0x83, 0xC0, 0x58, 0x41, 0xB0, 0x01, 0x48, 0x8B, 0x94, 0x24, 0x90, 0x00, 0x00, 0x00, 0x48, 0x8B, 0xC8, 0xFF, 0x15, 
	0x68, 0x29, 0x00, 0x00, 0x85, 0xC0, 0x75, 0x68, 0x48, 0x8B, 0x44, 0x24, 0x40, 0x48, 0x83, 0xC0, 0x58, 0x48, 0x89, 0x44, 0x24, 0x28, 0x48, 0x8B, 0x44, 0x24, 0x40, 0x48, 0x8B, 0x40, 
	0x40, 0x48, 0x89, 0x44, 0x24, 0x20, 0x48, 0x8B, 0x44, 0x24, 0x40, 0x4C, 0x8B, 0x48, 0x30, 0x4C, 0x8D, 0x05, 0x60, 0x1C, 0x00, 0x00, 0x33, 0xD2, 0xB9, 0x4D, 0x00, 0x00, 0x00, 0xFF, 
	0x15, 0x6B, 0x28, 0x00, 0x00, 0x48, 0x8B, 0x44, 0x24, 0x40, 0x48, 0x8B, 0x40, 0x30, 0x48, 0x89, 0x44, 0x24, 0x50, 0x48, 0x83, 0xBC, 0x24, 0x98, 0x00, 0x00, 0x00, 0x00, 0x74, 0x14, 
	0x48, 0x8B, 0x84, 0x24, 0x98, 0x00, 0x00, 0x00, 0x48, 0x8B, 0x4C, 0x24, 0x40, 0x48, 0x8B, 0x49, 0x40, 0x48, 0x89, 0x08, 0xEB, 0x12, 0x48, 0x8B, 0x44, 0x24, 0x40, 0x48, 0x8B, 0x00, 
	0x48, 0x89, 0x44, 0x24, 0x40, 0xE9, 0x55, 0xFF, 0xFF, 0xFF, 0x48, 0x8B, 0x44, 0x24, 0x50, 0x48, 0x83, 0xC4, 0x78, 0xC3, 0xCC, 0xCC, 0xCC, 0xCC, 0xCC, 0xCC, 0xCC, 0xCC, 0x4C, 0x89, 
	0x4C, 0x24, 0x20, 0x4C, 0x89, 0x44, 0x24, 0x18, 0x48, 0x89, 0x54, 0x24, 0x10, 0x48, 0x89, 0x4C, 0x24, 0x08, 0x57, 0x48, 0x81, 0xEC, 0x80, 0x00, 0x00, 0x00, 0x48, 0xC7, 0x44, 0x24, 
	0x58, 0x00, 0x00, 0x00, 0x00, 0x48, 0x8D, 0x44, 0x24, 0x58, 0x48, 0x89, 0x44, 0x24, 0x30, 0xC6, 0x44, 0x24, 0x28, 0x01, 0x48, 0xC7, 0x44, 0x24, 0x20, 0x01, 0x00, 0x00, 0x00, 0x4C, 
	0x8B, 0x8C, 0x24, 0x98, 0x00, 0x00, 0x00, 0x4C, 0x8B, 0x84, 0x24, 0x90, 0x00, 0x00, 0x00, 0x48, 0x8B, 0x94, 0x24, 0x98, 0x00, 0x00, 0x00, 0x48, 0x8B, 0x8C, 0x24, 0x90, 0x00, 0x00, 
	0x00, 0xE8, 0x9E, 0x19, 0x00, 0x00, 0x48, 0x8B, 0x84, 0x24, 0x98, 0x00, 0x00, 0x00, 0x8B, 0x48, 0x0C, 0xE8, 0xEE, 0x02, 0x00, 0x00, 0x48, 0x89, 0x44, 0x24, 0x60, 0x48, 0x8B, 0x44, 
	0x24, 0x60, 0x48, 0x83, 0xC0, 0x0C, 0x48, 0x89, 0x44, 0x24, 0x48, 0x48, 0x8B, 0x44, 0x24, 0x48, 0x8B, 0x08, 0xE8, 0xCF, 0x02, 0x00, 0x00, 0x48, 0x89, 0x44, 0x24, 0x40, 0x48, 0xC7, 
	0x44, 0x24, 0x50, 0x00, 0x00, 0x00, 0x00, 0x48, 0x8B, 0x44, 0x24, 0x40, 0x48, 0x39, 0x44, 0x24, 0x48, 0x0F, 0x84, 0xC5, 0x00, 0x00, 0x00, 0x48, 0x8B, 0x44, 0x24, 0x40, 0x8B, 0x40, 
	0x30, 0x48, 0x89, 0x44, 0x24, 0x68, 0x33, 0xC0, 0x66, 0x89, 0x44, 0x24, 0x70, 0x48, 0x8D, 0x44, 0x24, 0x72, 0x48, 0x8B, 0xF8, 0x33, 0xC0, 0xB9, 0x0E, 0x00, 0x00, 0x00, 0xF3, 0xAA, 
	0x48, 0x8B, 0x54, 0x24, 0x68, 0x48, 0x8D, 0x4C, 0x24, 0x70, 0xFF, 0x15, 0x44, 0x27, 0x00, 0x00, 0x41, 0xB0, 0x01, 0x48, 0x8B, 0x94, 0x24, 0xA0, 0x00, 0x00, 0x00, 0x48, 0x8D, 0x4C, 
	0x24, 0x70, 0xFF, 0x15, 0xDE, 0x27, 0x00, 0x00, 0x85, 0xC0, 0x75, 0x60, 0x48, 0x8D, 0x44, 0x24, 0x70, 0x48, 0x89, 0x44, 0x24, 0x28, 0x48, 0x8B, 0x44, 0x24, 0x40, 0x8B, 0x40, 0x20, 
	0x89, 0x44, 0x24, 0x20, 0x48, 0x8B, 0x44, 0x24, 0x40, 0x44, 0x8B, 0x48, 0x18, 0x4C, 0x8D, 0x05, 0xDC, 0x1A, 0x00, 0x00, 0x33, 0xD2, 0xB9, 0x4D, 0x00, 0x00, 0x00, 0xFF, 0x15, 0xE7, 
	0x26, 0x00, 0x00, 0x48, 0x8B, 0x44, 0x24, 0x40, 0x8B, 0x40, 0x18, 0x48, 0x89, 0x44, 0x24, 0x50, 0x48, 0x83, 0xBC, 0x24, 0xA8, 0x00, 0x00, 0x00, 0x00, 0x74, 0x13, 0x48, 0x8B, 0x44, 
	0x24, 0x40, 0x8B, 0x40, 0x20, 0x48, 0x8B, 0x8C, 0x24, 0xA8, 0x00, 0x00, 0x00, 0x48, 0x89, 0x01, 0xEB, 0x16, 0x48, 0x8B, 0x44, 0x24, 0x40, 0x8B, 0x08, 0xE8, 0xF6, 0x01, 0x00, 0x00, 
	0x48, 0x89, 0x44, 0x24, 0x40, 0xE9, 0x2B, 0xFF, 0xFF, 0xFF, 0x48, 0x8B, 0x44, 0x24, 0x50, 0x48, 0x81, 0xC4, 0x80, 0x00, 0x00, 0x00, 0x5F, 0xC3, 0xCC, 0xCC, 0xCC, 0xCC, 0xCC, 0xCC, 
	0xCC, 0xCC, 0xCC, 0xCC, 0xCC, 0xCC, 0xCC, 0xCC, 0x4C, 0x89, 0x44, 0x24, 0x18, 0x48, 0x89, 0x54, 0x24, 0x10, 0x48, 0x89, 0x4C, 0x24, 0x08, 0x57, 0x48, 0x81, 0xEC, 0x90, 0x00, 0x00, 
	0x00, 0x48, 0x8B, 0x05, 0x62, 0x36, 0x00, 0x00, 0x48, 0x33, 0xC4, 0x48, 0x89, 0x84, 0x24, 0x80, 0x00, 0x00, 0x00, 0x48, 0x83, 0xBC, 0x24, 0xB0, 0x00, 0x00, 0x00, 0x00, 0x75, 0x0A, 
	0xB8, 0x01, 0x00, 0x00, 0xC0, 0xE9, 0x74, 0x01, 0x00, 0x00, 0x48, 0xC7, 0x44, 0x24, 0x40, 0x00, 0x00, 0x00, 0x00, 0x48, 0xC7, 0x44, 0x24, 0x50, 0x00, 0x00, 0x00, 0x00, 0x48, 0x8D, 
	0x44, 0x24, 0x58, 0x48, 0x8B, 0xF8, 0x33, 0xC0, 0xB9, 0x28, 0x00, 0x00, 0x00, 0xF3, 0xAA, 0x48, 0x8D, 0x54, 0x24, 0x40, 0x48, 0x8B, 0x8C, 0x24, 0xA0, 0x00, 0x00, 0x00, 0xFF, 0x15, 
	0x84, 0x26, 0x00, 0x00, 0x89, 0x44, 0x24, 0x38, 0x83, 0x7C, 0x24, 0x38, 0x00, 0x7D, 0x07, 0x33, 0xC0, 0xE9, 0x2C, 0x01, 0x00, 0x00, 0xBA, 0x30, 0x00, 0x00, 0x00, 0x33, 0xC9, 0xFF, 
	0x15, 0x15, 0x26, 0x00, 0x00, 0x48, 0x89, 0x44, 0x24, 0x30, 0x48, 0x8B, 0x7C, 0x24, 0x30, 0x33, 0xC0, 0xB9, 0x30, 0x00, 0x00, 0x00, 0xF3, 0xAA, 0x48, 0x8D, 0x54, 0x24, 0x50, 0x48, 
	0x8B, 0x4C, 0x24, 0x40, 0xFF, 0x15, 0x32, 0x26, 0x00, 0x00, 0x48, 0xC7, 0x44, 0x24, 0x48, 0x00, 0x00, 0x00, 0x00, 0x48, 0x8D, 0x44, 0x24, 0x48, 0x48, 0x89, 0x44, 0x24, 0x28, 0x48, 
	0xC7, 0x44, 0x24, 0x20, 0x30, 0x00, 0x00, 0x00, 0x4C, 0x8B, 0x4C, 0x24, 0x30, 0x45, 0x33, 0xC0, 0x48, 0x8B, 0x94, 0x24, 0xA8, 0x00, 0x00, 0x00, 0x48, 0xC7, 0xC1, 0xFF, 0xFF, 0xFF, 
	0xFF, 0xFF, 0x15, 0x69, 0x26, 0x00, 0x00, 0x89, 0x44, 0x24, 0x38, 0x48, 0x8D, 0x4C, 0x24, 0x50, 0xFF, 0x15, 0xF2, 0x25, 0x00, 0x00, 0x83, 0x7C, 0x24, 0x38, 0x00, 0x0F, 0x8C, 0x8D, 
	0x00, 0x00, 0x00, 0x48, 0x8B, 0x84, 0x24, 0xB0, 0x00, 0x00, 0x00, 0x48, 0x8B, 0x4C, 0x24, 0x30, 0x48, 0x8B, 0x49, 0x08, 0x48, 0x89, 0x48, 0x08, 0x48, 0x8B, 0x44, 0x24, 0x30, 0x8B, 
	0x40, 0x10, 0x48, 0x8B, 0x8C, 0x24, 0xB0, 0x00, 0x00, 0x00, 0x48, 0x89, 0x41, 0x10, 0x48, 0x8B, 0x84, 0x24, 0xB0, 0x00, 0x00, 0x00, 0x48, 0x8B, 0x4C, 0x24, 0x30, 0x48, 0x8B, 0x09, 
	0x48, 0x89, 0x08, 0x48, 0x8B, 0x44, 0x24, 0x30, 0x8B, 0x40, 0x24, 0x48, 0x8B, 0x8C, 0x24, 0xB0, 0x00, 0x00, 0x00, 0x48, 0x89, 0x41, 0x28, 0x48, 0x8B, 0x84, 0x24, 0xB0, 0x00, 0x00, 
	0x00, 0x48, 0x8B, 0x4C, 0x24, 0x30, 0x48, 0x8B, 0x49, 0x18, 0x48, 0x89, 0x48, 0x18, 0x48, 0x8B, 0x44, 0x24, 0x30, 0x8B, 0x40, 0x20, 0x48, 0x8B, 0x8C, 0x24, 0xB0, 0x00, 0x00, 0x00, 
	0x48, 0x89, 0x41, 0x20, 0x48, 0x8B, 0x44, 0x24, 0x30, 0x8B, 0x40, 0x28, 0x48, 0x8B, 0x8C, 0x24, 0xB0, 0x00, 0x00, 0x00, 0x48, 0x89, 0x41, 0x30, 0x48, 0x8B, 0x4C, 0x24, 0x40, 0xFF, 
	0x15, 0x2F, 0x25, 0x00, 0x00, 0x33, 0xD2, 0x48, 0x8B, 0x4C, 0x24, 0x30, 0xFF, 0x15, 0x02, 0x25, 0x00, 0x00, 0x8B, 0x44, 0x24, 0x38, 0x48, 0x8B, 0x8C, 0x24, 0x80, 0x00, 0x00, 0x00, 
	0x48, 0x33, 0xCC, 0xE8, 0xDE, 0x15, 0x00, 0x00, 0x48, 0x81, 0xC4, 0x90, 0x00, 0x00, 0x00, 0x5F, 0xC3, 0xCC, 0xCC, 0xCC, 0xCC, 0xCC, 0x89, 0x4C, 0x24, 0x08, 0x8B, 0x44, 0x24, 0x08, 
	0xC3, 0xCC, 0xCC, 0xCC, 0xCC, 0xCC, 0xCC, 0xCC, 0x48, 0x89, 0x4C, 0x24, 0x08, 0x57, 0x48, 0x83, 0xEC, 0x60, 0x33, 0xC0, 0x66, 0x89, 0x44, 0x24, 0x50, 0x48, 0x8D, 0x44, 0x24, 0x52, 
	0x48, 0x8B, 0xF8, 0x33, 0xC0, 0xB9, 0x0E, 0x00, 0x00, 0x00, 0xF3, 0xAA, 0x48, 0x8B, 0x54, 0x24, 0x70, 0x48, 0x8D, 0x4C, 0x24, 0x50, 0xFF, 0x15, 0x86, 0x24, 0x00, 0x00, 0x48, 0xC7, 
	0x44, 0x24, 0x48, 0x00, 0x00, 0x00, 0x00, 0x48, 0x8D, 0x44, 0x24, 0x48, 0x48, 0x89, 0x44, 0x24, 0x38, 0x48, 0xC7, 0x44, 0x24, 0x30, 0x00, 0x00, 0x00, 0x00, 0xC6, 0x44, 0x24, 0x28, 
	0x00, 0x48, 0x8B, 0x05, 0x6E, 0x25, 0x00, 0x00, 0x48, 0x8B, 0x00, 0x48, 0x89, 0x44, 0x24, 0x20, 0x45, 0x33, 0xC9, 0x45, 0x33, 0xC0, 0xBA, 0xFF, 0x01, 0x1F, 0x00, 0x48, 0x8D, 0x4C, 
	0x24, 0x50, 0xFF, 0x15, 0x40, 0x25, 0x00, 0x00, 0x89, 0x44, 0x24, 0x40, 0x83, 0x7C, 0x24, 0x40, 0x00, 0x7C, 0x0B, 0x48, 0x8B, 0x4C, 0x24, 0x48, 0xFF, 0x15, 0x62, 0x24, 0x00, 0x00, 
	0x48, 0x8B, 0x44, 0x24, 0x48, 0x48, 0x83, 0xC4, 0x60, 0x5F, 0xC3, 0xCC, 0xCC, 0xCC, 0xCC, 0xCC, 0xCC, 0xCC, 0x40, 0x56, 0x57, 0x48, 0x81, 0xEC, 0x18, 0x02, 0x00, 0x00, 0x48, 0x8B, 
	0x05, 0xEF, 0x33, 0x00, 0x00, 0x48, 0x33, 0xC4, 0x48, 0x89, 0x84, 0x24, 0x00, 0x02, 0x00, 0x00, 0x48, 0x8D, 0x0D, 0x0D, 0x18, 0x00, 0x00, 0xE8, 0x38, 0xFF, 0xFF, 0xFF, 0x48, 0x89, 
	0x44, 0x24, 0x70, 0x48, 0x83, 0x7C, 0x24, 0x70, 0x00, 0x75, 0x0A, 0xB8, 0x01, 0x00, 0x00, 0xC0, 0xE9, 0xB1, 0x03, 0x00, 0x00, 0x45, 0x33, 0xC9, 0x4C, 0x8D, 0x05, 0x07, 0x18, 0x00, 
	0x00, 0x48, 0x8D, 0x15, 0x10, 0x18, 0x00, 0x00, 0x48, 0x8D, 0x0D, 0x49, 0x16, 0x00, 0x00, 0xE8, 0x84, 0x10, 0x00, 0x00, 0x48, 0x89, 0x44, 0x24, 0x68, 0x48, 0x83, 0x7C, 0x24, 0x68, 
	0x00, 0x75, 0x0A, 0xB8, 0x01, 0x00, 0x00, 0xC0, 0xE9, 0x7D, 0x03, 0x00, 0x00, 0x48, 0xC7, 0x84, 0x24, 0xA8, 0x00, 0x00, 0x00, 0x00, 0x00, 0x00, 0x00, 0x48, 0x8D, 0x84, 0x24, 0xB0, 
	0x00, 0x00, 0x00, 0x48, 0x8B, 0xF8, 0x33, 0xC0, 0xB9, 0x18, 0x00, 0x00, 0x00, 0xF3, 0xAA, 0x48, 0x8B, 0x05, 0x86, 0x24, 0x00, 0x00, 0x48, 0x89, 0x84, 0x24, 0xA8, 0x00, 0x00, 0x00, 
	0xC7, 0x84, 0x24, 0xB0, 0x00, 0x00, 0x00, 0x03, 0x00, 0x00, 0x00, 0x48, 0x8B, 0x44, 0x24, 0x68, 0x48, 0x89, 0x84, 0x24, 0xB8, 0x00, 0x00, 0x00, 0x33, 0xC0, 0x66, 0x89, 0x84, 0x24, 
	0x80, 0x00, 0x00, 0x00, 0x48, 0x8D, 0x84, 0x24, 0x82, 0x00, 0x00, 0x00, 0x48, 0x8B, 0xF8, 0x33, 0xC0, 0xB9, 0x26, 0x00, 0x00, 0x00, 0xF3, 0xAA, 0xFF, 0x15, 0x1A, 0x24, 0x00, 0x00, 
	0x66, 0x89, 0x84, 0x24, 0x80, 0x00, 0x00, 0x00, 0xB8, 0x01, 0x00, 0x00, 0x00, 0x66, 0x89, 0x84, 0x24, 0x82, 0x00, 0x00, 0x00, 0x48, 0x8D, 0x05, 0x16, 0x03, 0x00, 0x00, 0x48, 0x89, 
	0x84, 0x24, 0x98, 0x00, 0x00, 0x00, 0x48, 0x8D, 0x84, 0x24, 0xA8, 0x00, 0x00, 0x00, 0x48, 0x89, 0x84, 0x24, 0xA0, 0x00, 0x00, 0x00, 0x48, 0x8D, 0x15, 0x57, 0x17, 0x00, 0x00, 0x48, 
	0x8D, 0x8C, 0x24, 0x88, 0x00, 0x00, 0x00, 0xFF, 0x15, 0xF1, 0x22, 0x00, 0x00, 0xC7, 0x84, 0x24, 0xD0, 0x00, 0x00, 0x00, 0x00, 0x00, 0x00, 0x00, 0x48, 0x8D, 0x84, 0x24, 0xD4, 0x00, 
	0x00, 0x00, 0x48, 0x8B, 0xF8, 0x33, 0xC0, 0xB9, 0x18, 0x01, 0x00, 0x00, 0xF3, 0xAA, 0x48, 0x8D, 0x8C, 0x24, 0xD0, 0x00, 0x00, 0x00, 0xFF, 0x15, 0xAC, 0x22, 0x00, 0x00, 0x48, 0xC7, 
	0x44, 0x24, 0x48, 0x00, 0x00, 0x00, 0x00, 0x81, 0xBC, 0x24, 0xDC, 0x00, 0x00, 0x00, 0xB0, 0x1D, 0x00, 0x00, 0x74, 0x11, 0x81, 0xBC, 0x24, 0xDC, 0x00, 0x00, 0x00, 0xB1, 0x1D, 0x00, 
	0x00, 0x0F, 0x85, 0xD2, 0x00, 0x00, 0x00, 0x48, 0x8B, 0x05, 0x6E, 0x23, 0x00, 0x00, 0x48, 0x89, 0x44, 0x24, 0x30, 0xC7, 0x44, 0x24, 0x20, 0x00, 0x00, 0x00, 0x00, 0xEB, 0x0A, 0x8B, 
	0x44, 0x24, 0x20, 0xFF, 0xC0, 0x89, 0x44, 0x24, 0x20, 0x81, 0x7C, 0x24, 0x20, 0x00, 0x05, 0x00, 0x00, 0x0F, 0x8D, 0x9F, 0x00, 0x00, 0x00, 0x48, 0x63, 0x44, 0x24, 0x20, 0x48, 0x8B, 
	0x4C, 0x24, 0x30, 0x0F, 0xB6, 0x04, 0x01, 0x83, 0xF8, 0x74, 0x0F, 0x85, 0x83, 0x00, 0x00, 0x00, 0x8B, 0x44, 0x24, 0x20, 0x83, 0xC0, 0x02, 0x48, 0x98, 0x48, 0x8B, 0x4C, 0x24, 0x30, 
	0x0F, 0xB6, 0x04, 0x01, 0x3D, 0xE8, 0x00, 0x00, 0x00, 0x75, 0x6A, 0x8B, 0x44, 0x24, 0x20, 0x83, 0xC0, 0x07, 0x48, 0x98, 0x48, 0x8B, 0x4C, 0x24, 0x30, 0x0F, 0xB6, 0x04, 0x01, 0x83, 
	0xF8, 0x3B, 0x75, 0x53, 0x8B, 0x44, 0x24, 0x20, 0x83, 0xC0, 0x08, 0x48, 0x98, 0x48, 0x8B, 0x4C, 0x24, 0x30, 0x0F, 0xB6, 0x04, 0x01, 0x3D, 0xC3, 0x00, 0x00, 0x00, 0x75, 0x3A, 0x48, 
	0x63, 0x44, 0x24, 0x20, 0x48, 0x8B, 0x4C, 0x24, 0x30, 0x48, 0x8D, 0x44, 0x01, 0x07, 0x48, 0x89, 0x44, 0x24, 0x58, 0x48, 0x63, 0x44, 0x24, 0x20, 0x48, 0x8B, 0x4C, 0x24, 0x30, 0x8B, 
	0x44, 0x01, 0x03, 0x8B, 0x4C, 0x24, 0x58, 0x03, 0xC8, 0x8B, 0xC1, 0x89, 0x44, 0x24, 0x58, 0x48, 0x8B, 0x44, 0x24, 0x58, 0x48, 0x89, 0x44, 0x24, 0x48, 0xEB, 0x05, 0xE9, 0x49, 0xFF, 
	0xFF, 0xFF, 0xE9, 0xD1, 0x00, 0x00, 0x00, 0x48, 0x8B, 0x05, 0x9C, 0x22, 0x00, 0x00, 0x48, 0x89, 0x44, 0x24, 0x38, 0xC7, 0x44, 0x24, 0x24, 0x00, 0x00, 0x00, 0x00, 0xEB, 0x0A, 0x8B, 
	0x44, 0x24, 0x24, 0xFF, 0xC0, 0x89, 0x44, 0x24, 0x24, 0x81, 0x7C, 0x24, 0x24, 0x00, 0x05, 0x00, 0x00, 0x0F, 0x8D, 0xA3, 0x00, 0x00, 0x00, 0x48, 0x63, 0x44, 0x24, 0x24, 0x48, 0x8B, 
	0x4C, 0x24, 0x38, 0x0F, 0xB6, 0x04, 0x01, 0x3D, 0xBA, 0x00, 0x00, 0x00, 0x0F, 0x85, 0x85, 0x00, 0x00, 0x00, 0x8B, 0x44, 0x24, 0x24, 0x83, 0xC0, 0x05, 0x48, 0x98, 0x48, 0x8B, 0x4C, 
	0x24, 0x38, 0x0F, 0xB6, 0x04, 0x01, 0x3D, 0xE8, 0x00, 0x00, 0x00, 0x75, 0x6C, 0x8B, 0x44, 0x24, 0x24, 0x83, 0xC0, 0x0A, 0x48, 0x98, 0x48, 0x8B, 0x4C, 0x24, 0x38, 0x0F, 0xB6, 0x04, 
	0x01, 0x3D, 0x85, 0x00, 0x00, 0x00, 0x75, 0x53, 0x8B, 0x44, 0x24, 0x24, 0x83, 0xC0, 0x0B, 0x48, 0x98, 0x48, 0x8B, 0x4C, 0x24, 0x38, 0x0F, 0xB6, 0x04, 0x01, 0x3D, 0xC0, 0x00, 0x00, 
	0x00, 0x75, 0x3A, 0x48, 0x63, 0x44, 0x24, 0x24, 0x48, 0x8B, 0x4C, 0x24, 0x38, 0x48, 0x8D, 0x44, 0x01, 0x0A, 0x48, 0x89, 0x44, 0x24, 0x60, 0x48, 0x63, 0x44, 0x24, 0x24, 0x48, 0x8B, 
	0x4C, 0x24, 0x38, 0x8B, 0x44, 0x01, 0x06, 0x8B, 0x4C, 0x24, 0x60, 0x03, 0xC8, 0x8B, 0xC1, 0x89, 0x44, 0x24, 0x60, 0x48, 0x8B, 0x44, 0x24, 0x60, 0x48, 0x89, 0x44, 0x24, 0x48, 0xEB, 
	0x05, 0xE9, 0x45, 0xFF, 0xFF, 0xFF, 0xC7, 0x44, 0x24, 0x40, 0x01, 0x00, 0x00, 0xC0, 0x48, 0x83, 0x7C, 0x24, 0x48, 0x00, 0x0F, 0x84, 0xBA, 0x00, 0x00, 0x00, 0x48, 0x8B, 0x4C, 0x24, 
	0x48, 0xFF, 0x15, 0xC3, 0x21, 0x00, 0x00, 0x48, 0x89, 0x44, 0x24, 0x78, 0x45, 0x33, 0xC0, 0xBA, 0x0A, 0x00, 0x00, 0x00, 0x48, 0x8B, 0x4C, 0x24, 0x78, 0xFF, 0x15, 0x93, 0x21, 0x00, 
	0x00, 0x48, 0x89, 0x44, 0x24, 0x50, 0x48, 0x83, 0x7C, 0x24, 0x50, 0x00, 0x0F, 0x84, 0x86, 0x00, 0x00, 0x00, 0xC6, 0x84, 0x24, 0xF0, 0x01, 0x00, 0x00, 0x00, 0x48, 0x8D, 0x84, 0x24, 
	0xF1, 0x01, 0x00, 0x00, 0x48, 0x8B, 0xF8, 0x33, 0xC0, 0xB9, 0x09, 0x00, 0x00, 0x00, 0xF3, 0xAA, 0xC6, 0x44, 0x24, 0x28, 0xB0, 0xC6, 0x44, 0x24, 0x29, 0x01, 0xC6, 0x44, 0x24, 0x2A, 
	0xC3, 0x48, 0x8D, 0x84, 0x24, 0xF0, 0x01, 0x00, 0x00, 0x48, 0x8B, 0xF8, 0x48, 0x8B, 0x74, 0x24, 0x50, 0xB9, 0x0A, 0x00, 0x00, 0x00, 0xF3, 0xA4, 0x48, 0x8D, 0x44, 0x24, 0x28, 0x48, 
	0x8B, 0x7C, 0x24, 0x50, 0x48, 0x8B, 0xF0, 0xB9, 0x03, 0x00, 0x00, 0x00, 0xF3, 0xA4, 0x48, 0x8D, 0x15, 0x9D, 0x30, 0x00, 0x00, 0x48, 0x8D, 0x8C, 0x24, 0x80, 0x00, 0x00, 0x00, 0xFF, 
	0x15, 0x1F, 0x21, 0x00, 0x00, 0x89, 0x44, 0x24, 0x40, 0x48, 0x8D, 0x84, 0x24, 0xF0, 0x01, 0x00, 0x00, 0x48, 0x8B, 0x7C, 0x24, 0x50, 0x48, 0x8B, 0xF0, 0xB9, 0x0A, 0x00, 0x00, 0x00, 
	0xF3, 0xA4, 0x8B, 0x44, 0x24, 0x40, 0x48, 0x8B, 0x8C, 0x24, 0x00, 0x02, 0x00, 0x00, 0x48, 0x33, 0xCC, 0xE8, 0x20, 0x11, 0x00, 0x00, 0x48, 0x81, 0xC4, 0x18, 0x02, 0x00, 0x00, 0x5F, 
	0x5E, 0xC3, 0xCC, 0xCC, 0xCC, 0xCC, 0xCC, 0xCC, 0x48, 0x89, 0x54, 0x24, 0x10, 0x48, 0x89, 0x4C, 0x24, 0x08, 0x48, 0x83, 0xEC, 0x48, 0x48, 0x8B, 0x44, 0x24, 0x58, 0x48, 0x8B, 0x40, 
	0x08, 0x48, 0x89, 0x44, 0x24, 0x20, 0x48, 0x83, 0x7C, 0x24, 0x20, 0x00, 0x75, 0x07, 0x33, 0xC0, 0xE9, 0x8B, 0x00, 0x00, 0x00, 0xFF, 0x15, 0xC7, 0x20, 0x00, 0x00, 0x48, 0x89, 0x44, 
	0x24, 0x28, 0x48, 0x8B, 0x4C, 0x24, 0x20, 0xFF, 0x15, 0xBF, 0x20, 0x00, 0x00, 0x48, 0x89, 0x44, 0x24, 0x30, 0x48, 0x8B, 0x05, 0x13, 0x30, 0x00, 0x00, 0x48, 0x39, 0x44, 0x24, 0x28, 
	0x75, 0x04, 0x33, 0xC0, 0xEB, 0x5E, 0x48, 0x8B, 0x05, 0x01, 0x30, 0x00, 0x00, 0x48, 0x39, 0x44, 0x24, 0x30, 0x74, 0x04, 0x33, 0xC0, 0xEB, 0x4C, 0x48, 0x8B, 0x44, 0x24, 0x58, 0x83, 
	0x38, 0x01, 0x75, 0x21, 0x48, 0x8B, 0x44, 0x24, 0x58, 0x48, 0x8B, 0x40, 0x20, 0xC7, 0x00, 0x00, 0x00, 0x00, 0x00, 0x48, 0x8B, 0x44, 0x24, 0x58, 0x48, 0x8B, 0x40, 0x20, 0xC7, 0x40, 
	0x04, 0x00, 0x00, 0x00, 0x00, 0xEB, 0x1F, 0x48, 0x8B, 0x44, 0x24, 0x58, 0x48, 0x8B, 0x40, 0x20, 0xC7, 0x00, 0x00, 0x00, 0x00, 0x00, 0x48, 0x8B, 0x44, 0x24, 0x58, 0x48, 0x8B, 0x40, 
	0x20, 0xC7, 0x40, 0x04, 0x00, 0x00, 0x00, 0x00, 0x33, 0xC0, 0x48, 0x83, 0xC4, 0x48, 0xC3, 0xCC, 0xCC, 0xCC, 0xCC, 0xCC, 0x48, 0x89, 0x4C, 0x24, 0x08, 0x48, 0x8B, 0x44, 0x24, 0x08, 
	0x48, 0x89, 0x05, 0x8F, 0x2F, 0x00, 0x00, 0xB0, 0x01, 0xC3, 0xCC, 0xCC, 0xCC, 0xCC, 0xCC, 0xCC, 0xCC, 0xCC, 0xCC, 0xCC, 0xCC, 0xCC, 0x4C, 0x89, 0x4C, 0x24, 0x20, 0x4C, 0x89, 0x44, 
	0x24, 0x18, 0x48, 0x89, 0x54, 0x24, 0x10, 0x48, 0x89, 0x4C, 0x24, 0x08, 0x57, 0x48, 0x81, 0xEC, 0x90, 0x00, 0x00, 0x00, 0x48, 0x8B, 0x05, 0xED, 0x2E, 0x00, 0x00, 0x48, 0x33, 0xC4, 
	0x48, 0x89, 0x84, 0x24, 0x88, 0x00, 0x00, 0x00, 0x48, 0x8B, 0x05, 0x0B, 0x20, 0x00, 0x00, 0x48, 0x8B, 0x00, 0x48, 0x39, 0x84, 0x24, 0xA8, 0x00, 0x00, 0x00, 0x73, 0x42, 0x48, 0x8B, 
	0x84, 0x24, 0xB8, 0x00, 0x00, 0x00, 0x48, 0x8B, 0x8C, 0x24, 0xA8, 0x00, 0x00, 0x00, 0x48, 0x03, 0xC8, 0x48, 0x8B, 0xC1, 0x48, 0x8B, 0x0D, 0xE1, 0x1F, 0x00, 0x00, 0x48, 0x3B, 0x01, 
	0x73, 0x20, 0x48, 0x8B, 0x84, 0x24, 0xB8, 0x00, 0x00, 0x00, 0x48, 0x8B, 0x8C, 0x24, 0xA8, 0x00, 0x00, 0x00, 0x48, 0x03, 0xC8, 0x48, 0x8B, 0xC1, 0x48, 0x3B, 0x84, 0x24, 0xA8, 0x00, 
	0x00, 0x00, 0x73, 0x0A, 0xB8, 0x05, 0x00, 0x00, 0xC0, 0xE9, 0xD2, 0x00, 0x00, 0x00, 0x48, 0x83, 0xBC, 0x24, 0xB0, 0x00, 0x00, 0x00, 0x00, 0x75, 0x0A, 0xB8, 0xF1, 0x00, 0x00, 0xC0, 
	0xE9, 0xBD, 0x00, 0x00, 0x00, 0x48, 0xC7, 0x44, 0x24, 0x58, 0x00, 0x00, 0x00, 0x00, 0x48, 0x8D, 0x44, 0x24, 0x60, 0x48, 0x8B, 0xF8, 0x33, 0xC0, 0xB9, 0x28, 0x00, 0x00, 0x00, 0xF3, 
	0xAA, 0x48, 0x8D, 0x54, 0x24, 0x48, 0x48, 0x8B, 0x8C, 0x24, 0xA0, 0x00, 0x00, 0x00, 0xFF, 0x15, 0xB8, 0x1E, 0x00, 0x00, 0x89, 0x44, 0x24, 0x40, 0x83, 0x7C, 0x24, 0x40, 0x00, 0x7D, 
	0x06, 0x8B, 0x44, 0x24, 0x40, 0xEB, 0x7F, 0x48, 0x8B, 0x4C, 0x24, 0x48, 0xFF, 0x15, 0x7C, 0x1E, 0x00, 0x00, 0x3D, 0x03, 0x01, 0x00, 0x00, 0x74, 0x12, 0x48, 0x8B, 0x4C, 0x24, 0x48, 
	0xFF, 0x15, 0x62, 0x1E, 0x00, 0x00, 0xB8, 0xEF, 0x00, 0x00, 0xC0, 0xEB, 0x5B, 0x48, 0xC7, 0x44, 0x24, 0x50, 0x00, 0x00, 0x00, 0x00, 0xFF, 0x15, 0x3C, 0x1E, 0x00, 0x00, 0x48, 0x8D, 
	0x4C, 0x24, 0x50, 0x48, 0x89, 0x4C, 0x24, 0x30, 0xC6, 0x44, 0x24, 0x28, 0x01, 0x48, 0x8B, 0x8C, 0x24, 0xB8, 0x00, 0x00, 0x00, 0x48, 0x89, 0x4C, 0x24, 0x20, 0x4C, 0x8B, 0x8C, 0x24, 
	0xB0, 0x00, 0x00, 0x00, 0x4C, 0x8B, 0xC0, 0x48, 0x8B, 0x94, 0x24, 0xA8, 0x00, 0x00, 0x00, 0x48, 0x8B, 0x4C, 0x24, 0x48, 0xE8, 0xB3, 0x0F, 0x00, 0x00, 0x89, 0x44, 0x24, 0x40, 0x48, 
	0x8B, 0x4C, 0x24, 0x48, 0xFF, 0x15, 0x04, 0x1E, 0x00, 0x00, 0x8B, 0x44, 0x24, 0x40, 0x48, 0x8B, 0x8C, 0x24, 0x88, 0x00, 0x00, 0x00, 0x48, 0x33, 0xCC, 0xE8, 0xC0, 0x0E, 0x00, 0x00, 
	0x48, 0x81, 0xC4, 0x90, 0x00, 0x00, 0x00, 0x5F, 0xC3, 0xCC, 0xCC, 0xCC, 0xCC, 0xCC, 0xCC, 0xCC, 0x4C, 0x89, 0x4C, 0x24, 0x20, 0x4C, 0x89, 0x44, 0x24, 0x18, 0x48, 0x89, 0x54, 0x24, 
	0x10, 0x48, 0x89, 0x4C, 0x24, 0x08, 0x57, 0x48, 0x81, 0xEC, 0xC0, 0x00, 0x00, 0x00, 0x48, 0x8B, 0x05, 0x6D, 0x2D, 0x00, 0x00, 0x48, 0x33, 0xC4, 0x48, 0x89, 0x84, 0x24, 0xB0, 0x00, 
	0x00, 0x00, 0x48, 0x8B, 0x05, 0x8B, 0x1E, 0x00, 0x00, 0x48, 0x8B, 0x00, 0x48, 0x39, 0x84, 0x24, 0xD8, 0x00, 0x00, 0x00, 0x73, 0x42, 0x48, 0x8B, 0x84, 0x24, 0xE8, 0x00, 0x00, 0x00, 
	0x48, 0x8B, 0x8C, 0x24, 0xD8, 0x00, 0x00, 0x00, 0x48, 0x03, 0xC8, 0x48, 0x8B, 0xC1, 0x48, 0x8B, 0x0D, 0x61, 0x1E, 0x00, 0x00, 0x48, 0x3B, 0x01, 0x73, 0x20, 0x48, 0x8B, 0x84, 0x24, 
	0xE8, 0x00, 0x00, 0x00, 0x48, 0x8B, 0x8C, 0x24, 0xD8, 0x00, 0x00, 0x00, 0x48, 0x03, 0xC8, 0x48, 0x8B, 0xC1, 0x48, 0x3B, 0x84, 0x24, 0xD8, 0x00, 0x00, 0x00, 0x73, 0x0A, 0xB8, 0x05, 
	0x00, 0x00, 0xC0, 0xE9, 0x4C, 0x02, 0x00, 0x00, 0x48, 0x83, 0xBC, 0x24, 0xE0, 0x00, 0x00, 0x00, 0x00, 0x75, 0x0A, 0xB8, 0xF1, 0x00, 0x00, 0xC0, 0xE9, 0x37, 0x02, 0x00, 0x00, 0x48, 
	0xC7, 0x84, 0x24, 0x80, 0x00, 0x00, 0x00, 0x00, 0x00, 0x00, 0x00, 0x48, 0x8D, 0x84, 0x24, 0x88, 0x00, 0x00, 0x00, 0x48, 0x8B, 0xF8, 0x33, 0xC0, 0xB9, 0x28, 0x00, 0x00, 0x00, 0xF3, 
	0xAA, 0x48, 0x8D, 0x54, 0x24, 0x48, 0x48, 0x8B, 0x8C, 0x24, 0xD0, 0x00, 0x00, 0x00, 0xFF, 0x15, 0x32, 0x1D, 0x00, 0x00, 0x89, 0x44, 0x24, 0x40, 0x83, 0x7C, 0x24, 0x40, 0x00, 0x7D, 
	0x09, 0x8B, 0x44, 0x24, 0x40, 0xE9, 0xF0, 0x01, 0x00, 0x00, 0x48, 0x8B, 0x4C, 0x24, 0x48, 0xFF, 0x15, 0xF3, 0x1C, 0x00, 0x00, 0x3D, 0x03, 0x01, 0x00, 0x00, 0x74, 0x15, 0x48, 0x8B, 
	0x4C, 0x24, 0x48, 0xFF, 0x15, 0xD9, 0x1C, 0x00, 0x00, 0xB8, 0xEF, 0x00, 0x00, 0xC0, 0xE9, 0xC9, 0x01, 0x00, 0x00, 0x48, 0xC7, 0x44, 0x24, 0x58, 0x00, 0x00, 0x00, 0x00, 0xFF, 0x15, 
	0xB0, 0x1C, 0x00, 0x00, 0x48, 0x8D, 0x4C, 0x24, 0x58, 0x48, 0x89, 0x4C, 0x24, 0x30, 0xC6, 0x44, 0x24, 0x28, 0x01, 0x48, 0x8B, 0x8C, 0x24, 0xE8, 0x00, 0x00, 0x00, 0x48, 0x89, 0x4C, 
	0x24, 0x20, 0x4C, 0x8B, 0x8C, 0x24, 0xD8, 0x00, 0x00, 0x00, 0x4C, 0x8B, 0x44, 0x24, 0x48, 0x48, 0x8B, 0x94, 0x24, 0xE0, 0x00, 0x00, 0x00, 0x48, 0x8B, 0xC8, 0xE8, 0x27, 0x0E, 0x00, 
	0x00, 0x89, 0x44, 0x24, 0x40, 0x83, 0x7C, 0x24, 0x40, 0x00, 0x7C, 0x14, 0x48, 0x8B, 0x4C, 0x24, 0x48, 0xFF, 0x15, 0x71, 0x1C, 0x00, 0x00, 0x8B, 0x44, 0x24, 0x40, 0xE9, 0x62, 0x01, 
	0x00, 0x00, 0xFF, 0x15, 0x52, 0x1C, 0x00, 0x00, 0x48, 0x89, 0x44, 0x24, 0x70, 0x48, 0x8D, 0x94, 0x24, 0x80, 0x00, 0x00, 0x00, 0x48, 0x8B, 0x4C, 0x24, 0x48, 0xFF, 0x15, 0x62, 0x1C, 
	0x00, 0x00, 0x48, 0x8B, 0x84, 0x24, 0xD8, 0x00, 0x00, 0x00, 0x48, 0x89, 0x44, 0x24, 0x68, 0x48, 0x8B, 0x84, 0x24, 0xE8, 0x00, 0x00, 0x00, 0x48, 0x89, 0x44, 0x24, 0x60, 0xC7, 0x44, 
	0x24, 0x50, 0x00, 0x00, 0x00, 0x00, 0x48, 0x8D, 0x44, 0x24, 0x50, 0x48, 0x89, 0x44, 0x24, 0x20, 0x41, 0xB9, 0x40, 0x00, 0x00, 0x00, 0x4C, 0x8D, 0x44, 0x24, 0x60, 0x48, 0x8D, 0x54, 
	0x24, 0x68, 0x48, 0xC7, 0xC1, 0xFF, 0xFF, 0xFF, 0xFF, 0xE8, 0x42, 0x0B, 0x00, 0x00, 0x89, 0x44, 0x24, 0x40, 0x83, 0x7C, 0x24, 0x40, 0x00, 0x7C, 0x6D, 0x48, 0xC7, 0x44, 0x24, 0x58, 
	0x00, 0x00, 0x00, 0x00, 0x48, 0x8D, 0x44, 0x24, 0x58, 0x48, 0x89, 0x44, 0x24, 0x30, 0xC6, 0x44, 0x24, 0x28, 0x01, 0x48, 0x8B, 0x84, 0x24, 0xE8, 0x00, 0x00, 0x00, 0x48, 0x89, 0x44, 
	0x24, 0x20, 0x4C, 0x8B, 0x8C, 0x24, 0xD8, 0x00, 0x00, 0x00, 0x4C, 0x8B, 0x44, 0x24, 0x48, 0x48, 0x8B, 0x94, 0x24, 0xE0, 0x00, 0x00, 0x00, 0x48, 0x8B, 0x4C, 0x24, 0x70, 0xE8, 0x53, 
	0x0D, 0x00, 0x00, 0x89, 0x44, 0x24, 0x40, 0x48, 0x8D, 0x44, 0x24, 0x50, 0x48, 0x89, 0x44, 0x24, 0x20, 0x44, 0x8B, 0x4C, 0x24, 0x50, 0x4C, 0x8D, 0x44, 0x24, 0x60, 0x48, 0x8D, 0x54, 
	0x24, 0x68, 0x48, 0xC7, 0xC1, 0xFF, 0xFF, 0xFF, 0xFF, 0xE8, 0xCA, 0x0A, 0x00, 0x00, 0x48, 0x8D, 0x8C, 0x24, 0x80, 0x00, 0x00, 0x00, 0xFF, 0x15, 0x9C, 0x1B, 0x00, 0x00, 0x83, 0x7C, 
	0x24, 0x40, 0x00, 0x7D, 0x60, 0xE8, 0xF0, 0x0B, 0x00, 0x00, 0x48, 0x89, 0x44, 0x24, 0x78, 0x48, 0xC7, 0x44, 0x24, 0x58, 0x00, 0x00, 0x00, 0x00, 0xFF, 0x15, 0x4C, 0x1B, 0x00, 0x00, 
	0x48, 0x8D, 0x4C, 0x24, 0x58, 0x48, 0x89, 0x4C, 0x24, 0x30, 0xC6, 0x44, 0x24, 0x28, 0x01, 0x48, 0x8B, 0x8C, 0x24, 0xE8, 0x00, 0x00, 0x00, 0x48, 0x89, 0x4C, 0x24, 0x20, 0x4C, 0x8B, 
	0x8C, 0x24, 0xD8, 0x00, 0x00, 0x00, 0x4C, 0x8B, 0x44, 0x24, 0x48, 0x48, 0x8B, 0x94, 0x24, 0xE0, 0x00, 0x00, 0x00, 0x48, 0x8B, 0xC8, 0xE8, 0xC3, 0x0C, 0x00, 0x00, 0x89, 0x44, 0x24, 
	0x40, 0x48, 0x8B, 0x4C, 0x24, 0x78, 0xE8, 0xC5, 0x0B, 0x00, 0x00, 0x48, 0x8B, 0x4C, 0x24, 0x48, 0xFF, 0x15, 0x0A, 0x1B, 0x00, 0x00, 0x8B, 0x44, 0x24, 0x40, 0x48, 0x8B, 0x8C, 0x24, 
	0xB0, 0x00, 0x00, 0x00, 0x48, 0x33, 0xCC, 0xE8, 0xC6, 0x0B, 0x00, 0x00, 0x48, 0x81, 0xC4, 0xC0, 0x00, 0x00, 0x00, 0x5F, 0xC3, 0xCC, 0xCC, 0xCC, 0xCC, 0xCC, 0xCC, 0xCC, 0xCC, 0xCC, 
	0xCC, 0xCC, 0xCC, 0xCC, 0x88, 0x54, 0x24, 0x10, 0x48, 0x89, 0x4C, 0x24, 0x08, 0x56, 0x57, 0x48, 0x83, 0xEC, 0x58, 0x48, 0xC7, 0x44, 0x24, 0x28, 0x00, 0x00, 0x00, 0x00, 0x0F, 0xB6, 
	0x44, 0x24, 0x78, 0x85, 0xC0, 0x74, 0x7F, 0x48, 0x8B, 0x44, 0x24, 0x70, 0x48, 0x89, 0x44, 0x24, 0x38, 0x48, 0xC7, 0x44, 0x24, 0x30, 0xFF, 0xFF, 0xFF, 0xFF, 0x48, 0xFF, 0x44, 0x24, 
	0x30, 0x48, 0x8B, 0x44, 0x24, 0x38, 0x48, 0x8B, 0x4C, 0x24, 0x30, 0x80, 0x3C, 0x08, 0x00, 0x75, 0xEB, 0x48, 0x8B, 0x44, 0x24, 0x30, 0x48, 0x83, 0xC0, 0x02, 0x89, 0x44, 0x24, 0x20, 
	0x48, 0x63, 0x44, 0x24, 0x20, 0x48, 0x8B, 0xD0, 0xB9, 0x01, 0x00, 0x00, 0x00, 0xFF, 0x15, 0x4F, 0x1A, 0x00, 0x00, 0x48, 0x89, 0x44, 0x24, 0x28, 0x48, 0x63, 0x44, 0x24, 0x20, 0x48, 
	0x89, 0x44, 0x24, 0x40, 0x48, 0x8B, 0x7C, 0x24, 0x28, 0x33, 0xC0, 0x48, 0x8B, 0x4C, 0x24, 0x40, 0xF3, 0xAA, 0x8B, 0x44, 0x24, 0x20, 0x83, 0xE8, 0x02, 0x48, 0x98, 0x48, 0x8B, 0x7C, 
	0x24, 0x28, 0x48, 0x8B, 0x74, 0x24, 0x70, 0x48, 0x8B, 0xC8, 0xF3, 0xA4, 0xEB, 0x0A, 0x48, 0x8B, 0x44, 0x24, 0x70, 0x48, 0x89, 0x44, 0x24, 0x28, 0x48, 0x8B, 0x4C, 0x24, 0x28, 0xE8, 
	0xEA, 0x0B, 0x00, 0x00, 0x48, 0x8B, 0x44, 0x24, 0x28, 0x48, 0x83, 0xC4, 0x58, 0x5F, 0x5E, 0xC3, 0x48, 0x89, 0x54, 0x24, 0x10, 0x48, 0x89, 0x4C, 0x24, 0x08, 0x57, 0x48, 0x81, 0xEC, 
	0xA0, 0x01, 0x00, 0x00, 0x48, 0x8B, 0x05, 0xB7, 0x29, 0x00, 0x00, 0x48, 0x33, 0xC4, 0x48, 0x89, 0x84, 0x24, 0x90, 0x01, 0x00, 0x00, 0xC7, 0x44, 0x24, 0x24, 0x00, 0x00, 0x00, 0x00, 
	0x48, 0xC7, 0x44, 0x24, 0x48, 0x00, 0x00, 0x00, 0x00, 0x4C, 0x8D, 0x4C, 0x24, 0x24, 0x41, 0xB8, 0x30, 0x01, 0x00, 0x00, 0x48, 0x8D, 0x54, 0x24, 0x60, 0xB9, 0x0B, 0x00, 0x00, 0x00, 
	0xE8, 0x95, 0x0B, 0x00, 0x00, 0x89, 0x44, 0x24, 0x2C, 0xB2, 0x01, 0x48, 0x8B, 0x8C, 0x24, 0xB0, 0x01, 0x00, 0x00, 0xE8, 0xDE, 0xFE, 0xFF, 0xFF, 0x48, 0x89, 0x44, 0x24, 0x40, 0x81, 
	0x7C, 0x24, 0x2C, 0x04, 0x00, 0x00, 0xC0, 0x0F, 0x85, 0x9A, 0x01, 0x00, 0x00, 0x8B, 0x44, 0x24, 0x24, 0x48, 0x05, 0x30, 0x01, 0x00, 0x00, 0x89, 0x44, 0x24, 0x28, 0x8B, 0x44, 0x24, 
	0x28, 0x8B, 0xD0, 0xB9, 0x01, 0x00, 0x00, 0x00, 0xFF, 0x15, 0x64, 0x19, 0x00, 0x00, 0x48, 0x89, 0x44, 0x24, 0x30, 0x8B, 0x44, 0x24, 0x28, 0x48, 0x89, 0x44, 0x24, 0x58, 0x48, 0x8B, 
	0x7C, 0x24, 0x30, 0x33, 0xC0, 0x48, 0x8B, 0x4C, 0x24, 0x58, 0xF3, 0xAA, 0x4C, 0x8D, 0x4C, 0x24, 0x24, 0x44, 0x8B, 0x44, 0x24, 0x28, 0x48, 0x8B, 0x54, 0x24, 0x30, 0xB9, 0x0B, 0x00, 
	0x00, 0x00, 0xE8, 0x1B, 0x0B, 0x00, 0x00, 0x89, 0x44, 0x24, 0x2C, 0x83, 0x7C, 0x24, 0x2C, 0x00, 0x7D, 0x21, 0x33, 0xD2, 0x48, 0x8B, 0x4C, 0x24, 0x40, 0xFF, 0x15, 0x1F, 0x19, 0x00, 
	0x00, 0x33, 0xD2, 0x48, 0x8B, 0x4C, 0x24, 0x30, 0xFF, 0x15, 0x12, 0x19, 0x00, 0x00, 0x33, 0xC0, 0xE9, 0x2C, 0x01, 0x00, 0x00, 0x48, 0x8D, 0x15, 0x54, 0x0D, 0x00, 0x00, 0x48, 0x8B, 
	0x8C, 0x24, 0xB0, 0x01, 0x00, 0x00, 0xE8, 0xCF, 0x0A, 0x00, 0x00, 0x48, 0x85, 0xC0, 0x75, 0x19, 0x48, 0x8D, 0x15, 0x5B, 0x0B, 0x00, 0x00, 0x48, 0x8B, 0x8C, 0x24, 0xB0, 0x01, 0x00, 
	0x00, 0xE8, 0xB6, 0x0A, 0x00, 0x00, 0x48, 0x85, 0xC0, 0x74, 0x3E, 0xB8, 0x28, 0x01, 0x00, 0x00, 0x48, 0x6B, 0xC0, 0x00, 0x48, 0x8B, 0x4C, 0x24, 0x30, 0x48, 0x8D, 0x44, 0x01, 0x08, 
	0x48, 0x89, 0x44, 0x24, 0x50, 0x48, 0x8B, 0x84, 0x24, 0xB8, 0x01, 0x00, 0x00, 0x48, 0x8B, 0x4C, 0x24, 0x50, 0x48, 0x8B, 0x49, 0x10, 0x48, 0x89, 0x08, 0x48, 0x8B, 0x44, 0x24, 0x50, 
	0x8B, 0x40, 0x18, 0x48, 0x89, 0x44, 0x24, 0x48, 0xE9, 0x9D, 0x00, 0x00, 0x00, 0xC7, 0x44, 0x24, 0x20, 0x00, 0x00, 0x00, 0x00, 0xEB, 0x0A, 0x8B, 0x44, 0x24, 0x20, 0xFF, 0xC0, 0x89, 
	0x44, 0x24, 0x20, 0x48, 0x8B, 0x44, 0x24, 0x30, 0x8B, 0x00, 0x39, 0x44, 0x24, 0x20, 0x73, 0x7C, 0x48, 0x63, 0x44, 0x24, 0x20, 0x48, 0x69, 0xC0, 0x28, 0x01, 0x00, 0x00, 0x48, 0x8B, 
	0x4C, 0x24, 0x30, 0x48, 0x8D, 0x44, 0x01, 0x08, 0x48, 0x89, 0x44, 0x24, 0x38, 0x48, 0x8B, 0x44, 0x24, 0x38, 0x48, 0x83, 0xC0, 0x28, 0x33, 0xD2, 0x48, 0x8B, 0xC8, 0xE8, 0x8C, 0xFD, 
	0xFF, 0xFF, 0x48, 0x8B, 0x44, 0x24, 0x38, 0x48, 0x83, 0xC0, 0x28, 0x48, 0x8B, 0x54, 0x24, 0x40, 0x48, 0x8B, 0xC8, 0xE8, 0x0E, 0x0A, 0x00, 0x00, 0x48, 0x85, 0xC0, 0x74, 0x2E, 0x48, 
	0x83, 0xBC, 0x24, 0xB8, 0x01, 0x00, 0x00, 0x00, 0x74, 0x14, 0x48, 0x8B, 0x84, 0x24, 0xB8, 0x01, 0x00, 0x00, 0x48, 0x8B, 0x4C, 0x24, 0x38, 0x48, 0x8B, 0x49, 0x10, 0x48, 0x89, 0x08, 
	0x48, 0x8B, 0x44, 0x24, 0x38, 0x8B, 0x40, 0x18, 0x48, 0x89, 0x44, 0x24, 0x48, 0xEB, 0x05, 0xE9, 0x6D, 0xFF, 0xFF, 0xFF, 0x33, 0xD2, 0x48, 0x8B, 0x4C, 0x24, 0x30, 0xFF, 0x15, 0xF1, 
	0x17, 0x00, 0x00, 0x33, 0xD2, 0x48, 0x8B, 0x4C, 0x24, 0x40, 0xFF, 0x15, 0xE4, 0x17, 0x00, 0x00, 0x48, 0x8B, 0x44, 0x24, 0x48, 0x48, 0x8B, 0x8C, 0x24, 0x90, 0x01, 0x00, 0x00, 0x48, 
	0x33, 0xCC, 0xE8, 0xBF, 0x08, 0x00, 0x00, 0x48, 0x81, 0xC4, 0xA0, 0x01, 0x00, 0x00, 0x5F, 0xC3, 0xCC, 0xCC, 0xCC, 0xCC, 0xCC, 0xCC, 0x48, 0x89, 0x4C, 0x24, 0x08, 0x57, 0x48, 0x83, 
	0xEC, 0x10, 0xC6, 0x04, 0x24, 0x00, 0x48, 0x8D, 0x44, 0x24, 0x01, 0x48, 0x8B, 0xF8, 0x33, 0xC0, 0xB9, 0x01, 0x00, 0x00, 0x00, 0xF3, 0xAA, 0xC7, 0x44, 0x24, 0x04, 0x00, 0x00, 0x00, 
	0x00, 0xEB, 0x0A, 0x8B, 0x44, 0x24, 0x04, 0xFF, 0xC0, 0x89, 0x44, 0x24, 0x04, 0x83, 0x7C, 0x24, 0x04, 0x02, 0x0F, 0x8D, 0xC9, 0x00, 0x00, 0x00, 0x48, 0x63, 0x44, 0x24, 0x04, 0x48, 
	0x8B, 0x4C, 0x24, 0x20, 0x0F, 0xB6, 0x04, 0x01, 0x83, 0xF8, 0x30, 0x7C, 0x31, 0x48, 0x63, 0x44, 0x24, 0x04, 0x48, 0x8B, 0x4C, 0x24, 0x20, 0x0F, 0xB6, 0x04, 0x01, 0x83, 0xF8, 0x39, 
	0x7F, 0x1E, 0x48, 0x63, 0x44, 0x24, 0x04, 0x48, 0x8B, 0x4C, 0x24, 0x20, 0x0F, 0xB6, 0x04, 0x01, 0x83, 0xE8, 0x30, 0x48, 0x63, 0x4C, 0x24, 0x04, 0x88, 0x04, 0x0C, 0xE9, 0x80, 0x00, 
	0x00, 0x00, 0x48, 0x63, 0x44, 0x24, 0x04, 0x48, 0x8B, 0x4C, 0x24, 0x20, 0x0F, 0xB6, 0x04, 0x01, 0x83, 0xF8, 0x41, 0x7C, 0x2E, 0x48, 0x63, 0x44, 0x24, 0x04, 0x48, 0x8B, 0x4C, 0x24, 
	0x20, 0x0F, 0xB6, 0x04, 0x01, 0x83, 0xF8, 0x46, 0x7F, 0x1B, 0x48, 0x63, 0x44, 0x24, 0x04, 0x48, 0x8B, 0x4C, 0x24, 0x20, 0x0F, 0xB6, 0x04, 0x01, 0x83, 0xE8, 0x37, 0x48, 0x63, 0x4C, 
	0x24, 0x04, 0x88, 0x04, 0x0C, 0xEB, 0x3F, 0x48, 0x63, 0x44, 0x24, 0x04, 0x48, 0x8B, 0x4C, 0x24, 0x20, 0x0F, 0xB6, 0x04, 0x01, 0x83, 0xF8, 0x61, 0x7C, 0x2C, 0x48, 0x63, 0x44, 0x24, 
	0x04, 0x48, 0x8B, 0x4C, 0x24, 0x20, 0x0F, 0xB6, 0x04, 0x01, 0x83, 0xF8, 0x66, 0x7F, 0x19, 0x48, 0x63, 0x44, 0x24, 0x04, 0x48, 0x8B, 0x4C, 0x24, 0x20, 0x0F, 0xB6, 0x04, 0x01, 0x83, 
	0xE8, 0x57, 0x48, 0x63, 0x4C, 0x24, 0x04, 0x88, 0x04, 0x0C, 0xE9, 0x22, 0xFF, 0xFF, 0xFF, 0xB8, 0x01, 0x00, 0x00, 0x00, 0x48, 0x6B, 0xC0, 0x00, 0x0F, 0xB6, 0x04, 0x04, 0xC1, 0xE0, 
	0x04, 0x25, 0xF0, 0x00, 0x00, 0x00, 0xB9, 0x01, 0x00, 0x00, 0x00, 0x48, 0x6B, 0xC9, 0x01, 0x0F, 0xB6, 0x0C, 0x0C, 0x83, 0xE1, 0x0F, 0x0B, 0xC1, 0x48, 0x83, 0xC4, 0x10, 0x5F, 0xC3, 
	0xCC, 0xCC, 0xCC, 0xCC, 0xCC, 0xCC, 0xCC, 0xCC, 0xCC, 0xCC, 0xCC, 0xCC, 0x44, 0x89, 0x4C, 0x24, 0x20, 0x4C, 0x89, 0x44, 0x24, 0x18, 0x48, 0x89, 0x54, 0x24, 0x10, 0x48, 0x89, 0x4C, 
	0x24, 0x08, 0x56, 0x57, 0x48, 0x81, 0xEC, 0x88, 0x02, 0x00, 0x00, 0x48, 0x8B, 0x05, 0x2C, 0x26, 0x00, 0x00, 0x48, 0x33, 0xC4, 0x48, 0x89, 0x84, 0x24, 0x70, 0x02, 0x00, 0x00, 0x48, 
	0xC7, 0x44, 0x24, 0x38, 0x00, 0x00, 0x00, 0x00, 0xC7, 0x44, 0x24, 0x40, 0x00, 0x00, 0x00, 0x00, 0x48, 0x8D, 0x44, 0x24, 0x44, 0x48, 0x8B, 0xF8, 0x33, 0xC0, 0xB9, 0x04, 0x00, 0x00, 
	0x00, 0xF3, 0xAA, 0x48, 0x8B, 0x84, 0x24, 0xA0, 0x02, 0x00, 0x00, 0x48, 0x89, 0x44, 0x24, 0x30, 0xEB, 0x0D, 0x48, 0x8B, 0x44, 0x24, 0x30, 0x48, 0xFF, 0xC0, 0x48, 0x89, 0x44, 0x24, 
	0x30, 0x48, 0x8B, 0x84, 0x24, 0xA8, 0x02, 0x00, 0x00, 0x48, 0x39, 0x44, 0x24, 0x30, 0x0F, 0x87, 0x80, 0x01, 0x00, 0x00, 0x48, 0x8B, 0x4C, 0x24, 0x30, 0xFF, 0x15, 0xD5, 0x15, 0x00, 
	0x00, 0x0F, 0xB6, 0xC0, 0x85, 0xC0, 0x75, 0x0C, 0x48, 0x8B, 0x44, 0x24, 0x30, 0x48, 0x89, 0x44, 0x24, 0x30, 0xEB, 0xC2, 0x48, 0xC7, 0x44, 0x24, 0x38, 0x00, 0x00, 0x00, 0x00, 0xEB, 
	0x0D, 0x48, 0x8B, 0x44, 0x24, 0x38, 0x48, 0xFF, 0xC0, 0x48, 0x89, 0x44, 0x24, 0x38, 0x8B, 0x84, 0x24, 0xB8, 0x02, 0x00, 0x00, 0x48, 0x39, 0x44, 0x24, 0x38, 0x0F, 0x83, 0xF5, 0x00, 
	0x00, 0x00, 0x48, 0x69, 0x44, 0x24, 0x38, 0x0C, 0x02, 0x00, 0x00, 0x48, 0x8D, 0x4C, 0x24, 0x60, 0x48, 0x8B, 0x94, 0x24, 0xB0, 0x02, 0x00, 0x00, 0x48, 0x8B, 0xF9, 0x48, 0x8D, 0x34, 
	0x02, 0xB9, 0x0C, 0x02, 0x00, 0x00, 0xF3, 0xA4, 0x48, 0x8B, 0x44, 0x24, 0x30, 0x48, 0x89, 0x44, 0x24, 0x50, 0x48, 0x63, 0x84, 0x24, 0x64, 0x02, 0x00, 0x00, 0x48, 0x8B, 0x4C, 0x24, 
	0x50, 0x48, 0x03, 0xC8, 0x48, 0x8B, 0xC1, 0x48, 0x89, 0x44, 0x24, 0x48, 0xC6, 0x44, 0x24, 0x20, 0x00, 0x48, 0xC7, 0x44, 0x24, 0x28, 0x00, 0x00, 0x00, 0x00, 0xEB, 0x0D, 0x48, 0x8B, 
	0x44, 0x24, 0x28, 0x48, 0xFF, 0xC0, 0x48, 0x89, 0x44, 0x24, 0x28, 0x8B, 0x84, 0x24, 0x60, 0x02, 0x00, 0x00, 0x48, 0x39, 0x44, 0x24, 0x28, 0x73, 0x74, 0x48, 0x8B, 0x44, 0x24, 0x28, 
	0x48, 0x8B, 0x4C, 0x24, 0x48, 0x48, 0x03, 0xC8, 0x48, 0x8B, 0xC1, 0x48, 0x8B, 0xC8, 0xFF, 0x15, 0x0E, 0x15, 0x00, 0x00, 0x0F, 0xB6, 0xC0, 0x85, 0xC0, 0x75, 0x07, 0xC6, 0x44, 0x24, 
	0x20, 0x01, 0xEB, 0x4D, 0x48, 0x8B, 0x44, 0x24, 0x28, 0x0F, 0xB6, 0x44, 0x04, 0x60, 0x83, 0xF8, 0x2A, 0x74, 0x0F, 0x48, 0x8B, 0x44, 0x24, 0x28, 0x0F, 0xB6, 0x44, 0x04, 0x60, 0x83, 
	0xF8, 0x3F, 0x75, 0x02, 0xEB, 0x9E, 0x48, 0x8B, 0x44, 0x24, 0x28, 0x48, 0x8B, 0x4C, 0x24, 0x48, 0x48, 0x03, 0xC8, 0x48, 0x8B, 0xC1, 0x0F, 0xB6, 0x00, 0x48, 0x8B, 0x4C, 0x24, 0x28, 
	0x0F, 0xB6, 0x4C, 0x0C, 0x60, 0x3B, 0xC1, 0x74, 0x07, 0xC6, 0x44, 0x24, 0x20, 0x01, 0xEB, 0x05, 0xE9, 0x71, 0xFF, 0xFF, 0xFF, 0x0F, 0xB6, 0x44, 0x24, 0x20, 0x85, 0xC0, 0x74, 0x02, 
	0xEB, 0x05, 0xE9, 0xEC, 0xFE, 0xFF, 0xFF, 0x8B, 0x84, 0x24, 0xB8, 0x02, 0x00, 0x00, 0x48, 0x39, 0x44, 0x24, 0x38, 0x75, 0x30, 0x48, 0x8B, 0x44, 0x24, 0x30, 0x48, 0x89, 0x44, 0x24, 
	0x40, 0xB8, 0x0C, 0x02, 0x00, 0x00, 0x48, 0x6B, 0xC0, 0x00, 0x48, 0x8B, 0x8C, 0x24, 0xB0, 0x02, 0x00, 0x00, 0x8B, 0x84, 0x01, 0x08, 0x02, 0x00, 0x00, 0x8B, 0x4C, 0x24, 0x40, 0x03, 
	0xC8, 0x8B, 0xC1, 0x89, 0x44, 0x24, 0x40, 0xEB, 0x05, 0xE9, 0x60, 0xFE, 0xFF, 0xFF, 0x48, 0x8B, 0x44, 0x24, 0x40, 0x48, 0x8B, 0x8C, 0x24, 0x70, 0x02, 0x00, 0x00, 0x48, 0x33, 0xCC, 
	0xE8, 0x5B, 0x05, 0x00, 0x00, 0x48, 0x81, 0xC4, 0x88, 0x02, 0x00, 0x00, 0x5F, 0x5E, 0xC3, 0xCC, 0x4C, 0x89, 0x4C, 0x24, 0x20, 0x4C, 0x89, 0x44, 0x24, 0x18, 0x48, 0x89, 0x54, 0x24, 
	0x10, 0x48, 0x89, 0x4C, 0x24, 0x08, 0x57, 0x48, 0x83, 0xEC, 0x30, 0x48, 0x8B, 0x7C, 0x24, 0x40, 0x33, 0xC0, 0xB9, 0x0C, 0x02, 0x00, 0x00, 0xF3, 0xAA, 0x48, 0x8B, 0x44, 0x24, 0x40, 
	0x8B, 0x4C, 0x24, 0x58, 0x89, 0x88, 0x08, 0x02, 0x00, 0x00, 0x48, 0x8B, 0x44, 0x24, 0x40, 0x8B, 0x4C, 0x24, 0x50, 0x89, 0x88, 0x04, 0x02, 0x00, 0x00, 0x48, 0x8B, 0x44, 0x24, 0x48, 
	0x48, 0x89, 0x44, 0x24, 0x20, 0x48, 0xC7, 0x44, 0x24, 0x28, 0x00, 0x00, 0x00, 0x00, 0x48, 0xC7, 0x44, 0x24, 0x28, 0x00, 0x00, 0x00, 0x00, 0xEB, 0x0D, 0x48, 0x8B, 0x44, 0x24, 0x28, 
	0x48, 0xFF, 0xC0, 0x48, 0x89, 0x44, 0x24, 0x28, 0x48, 0x8B, 0x44, 0x24, 0x20, 0x0F, 0xBE, 0x00, 0x85, 0xC0, 0x74, 0x72, 0x48, 0x8B, 0x44, 0x24, 0x20, 0x0F, 0xBE, 0x00, 0x83, 0xF8, 
	0x2A, 0x74, 0x0D, 0x48, 0x8B, 0x44, 0x24, 0x20, 0x0F, 0xBE, 0x00, 0x83, 0xF8, 0x3F, 0x75, 0x29, 0x48, 0x8B, 0x44, 0x24, 0x28, 0x48, 0x8B, 0x4C, 0x24, 0x40, 0x48, 0x03, 0xC8, 0x48, 
	0x8B, 0xC1, 0x48, 0x8B, 0x4C, 0x24, 0x20, 0x0F, 0xB6, 0x09, 0x88, 0x08, 0x48, 0x8B, 0x44, 0x24, 0x20, 0x48, 0xFF, 0xC0, 0x48, 0x89, 0x44, 0x24, 0x20, 0xEB, 0xA4, 0x48, 0x8B, 0x4C, 
	0x24, 0x20, 0xE8, 0xD7, 0xFB, 0xFF, 0xFF, 0x48, 0x8B, 0x4C, 0x24, 0x28, 0x48, 0x8B, 0x54, 0x24, 0x40, 0x48, 0x03, 0xD1, 0x48, 0x8B, 0xCA, 0x88, 0x01, 0x48, 0x8B, 0x44, 0x24, 0x20, 
	0x48, 0x83, 0xC0, 0x02, 0x48, 0x89, 0x44, 0x24, 0x20, 0xE9, 0x75, 0xFF, 0xFF, 0xFF, 0x48, 0x8B, 0x44, 0x24, 0x40, 0x8B, 0x4C, 0x24, 0x28, 0x89, 0x88, 0x00, 0x02, 0x00, 0x00, 0x48, 
	0x83, 0xC4, 0x30, 0x5F, 0xC3, 0xCC, 0xCC, 0xCC, 0xCC, 0xCC, 0xCC, 0xCC, 0xCC, 0xCC, 0xCC, 0xCC, 0xCC, 0xCC, 0x44, 0x89, 0x4C, 0x24, 0x20, 0x4C, 0x89, 0x44, 0x24, 0x18, 0x48, 0x89, 
	0x54, 0x24, 0x10, 0x48, 0x89, 0x4C, 0x24, 0x08, 0x57, 0x48, 0x81, 0xEC, 0xD0, 0x02, 0x00, 0x00, 0x48, 0x8B, 0x05, 0xFD, 0x22, 0x00, 0x00, 0x48, 0x33, 0xC4, 0x48, 0x89, 0x84, 0x24, 
	0xC0, 0x02, 0x00, 0x00, 0xC6, 0x84, 0x24, 0xA0, 0x00, 0x00, 0x00, 0x00, 0x48, 0x8D, 0x84, 0x24, 0xA1, 0x00, 0x00, 0x00, 0x48, 0x8B, 0xF8, 0x33, 0xC0, 0xB9, 0x0B, 0x02, 0x00, 0x00, 
	0xF3, 0xAA, 0x48, 0x63, 0x84, 0x24, 0xF8, 0x02, 0x00, 0x00, 0xB9, 0x0C, 0x02, 0x00, 0x00, 0x48, 0x6B, 0xC9, 0x00, 0x48, 0x8D, 0x8C, 0x0C, 0xA0, 0x00, 0x00, 0x00, 0x4C, 0x8B, 0xC8, 
	0x45, 0x33, 0xC0, 0x48, 0x8B, 0x94, 0x24, 0xF0, 0x02, 0x00, 0x00, 0xE8, 0x7A, 0xFE, 0xFF, 0xFF, 0x48, 0xC7, 0x44, 0x24, 0x48, 0x00, 0x00, 0x00, 0x00, 0x48, 0x8D, 0x54, 0x24, 0x48, 
	0x48, 0x8B, 0x8C, 0x24, 0xE0, 0x02, 0x00, 0x00, 0xE8, 0xBF, 0xF8, 0xFF, 0xFF, 0x89, 0x44, 0x24, 0x40, 0x48, 0x83, 0x7C, 0x24, 0x48, 0x00, 0x75, 0x07, 0x33, 0xC0, 0xE9, 0xAA, 0x01, 
	0x00, 0x00, 0x48, 0x8B, 0x44, 0x24, 0x48, 0x48, 0x89, 0x44, 0x24, 0x78, 0x48, 0x8B, 0x44, 0x24, 0x78, 0x48, 0x63, 0x40, 0x3C, 0x48, 0x8B, 0x4C, 0x24, 0x48, 0x48, 0x03, 0xC8, 0x48, 
	0x8B, 0xC1, 0x48, 0x89, 0x44, 0x24, 0x60, 0x48, 0x8B, 0x44, 0x24, 0x60, 0x0F, 0xB7, 0x40, 0x14, 0x48, 0x8B, 0x4C, 0x24, 0x60, 0x48, 0x8D, 0x44, 0x01, 0x18, 0x48, 0x89, 0x44, 0x24, 
	0x58, 0x48, 0xC7, 0x44, 0x24, 0x68, 0x00, 0x00, 0x00, 0x00, 0xC7, 0x44, 0x24, 0x50, 0x00, 0x00, 0x00, 0x00, 0xEB, 0x0A, 0x8B, 0x44, 0x24, 0x50, 0xFF, 0xC0, 0x89, 0x44, 0x24, 0x50, 
	0x48, 0x8B, 0x44, 0x24, 0x60, 0x0F, 0xB7, 0x40, 0x06, 0x39, 0x44, 0x24, 0x50, 0x7D, 0x61, 0xC6, 0x84, 0x24, 0xB0, 0x02, 0x00, 0x00, 0x00, 0x48, 0x8D, 0x84, 0x24, 0xB1, 0x02, 0x00, 
	0x00, 0x48, 0x8B, 0xF8, 0x33, 0xC0, 0xB9, 0x08, 0x00, 0x00, 0x00, 0xF3, 0xAA, 0x48, 0x8B, 0x44, 0x24, 0x58, 0x48, 0x8B, 0x00, 0x48, 0x89, 0x84, 0x24, 0xB0, 0x02, 0x00, 0x00, 0x48, 
	0x8B, 0x94, 0x24, 0xE8, 0x02, 0x00, 0x00, 0x48, 0x8D, 0x8C, 0x24, 0xB0, 0x02, 0x00, 0x00, 0xE8, 0xD6, 0x03, 0x00, 0x00, 0x85, 0xC0, 0x75, 0x0C, 0x48, 0x8B, 0x44, 0x24, 0x58, 0x48, 
	0x89, 0x44, 0x24, 0x68, 0xEB, 0x10, 0x48, 0x8B, 0x44, 0x24, 0x58, 0x48, 0x83, 0xC0, 0x28, 0x48, 0x89, 0x44, 0x24, 0x58, 0xEB, 0x86, 0x48, 0x83, 0x7C, 0x24, 0x68, 0x00, 0x74, 0x1E, 
	0x48, 0x8B, 0x44, 0x24, 0x58, 0x8B, 0x40, 0x0C, 0x48, 0x03, 0x44, 0x24, 0x48, 0x48, 0x89, 0x44, 0x24, 0x48, 0x48, 0x8B, 0x44, 0x24, 0x58, 0x8B, 0x40, 0x10, 0x89, 0x44, 0x24, 0x40, 
	0x8B, 0x44, 0x24, 0x40, 0x8B, 0xD0, 0x33, 0xC9, 0xFF, 0x15, 0xA8, 0x11, 0x00, 0x00, 0x48, 0x89, 0x44, 0x24, 0x70, 0x48, 0xC7, 0x84, 0x24, 0x80, 0x00, 0x00, 0x00, 0x00, 0x00, 0x00, 
	0x00, 0x8B, 0x44, 0x24, 0x40, 0x48, 0x89, 0x84, 0x24, 0x88, 0x00, 0x00, 0x00, 0xFF, 0x15, 0x9D, 0x11, 0x00, 0x00, 0x48, 0x89, 0x84, 0x24, 0x90, 0x00, 0x00, 0x00, 0xFF, 0x15, 0x8F, 
	0x11, 0x00, 0x00, 0x48, 0x8D, 0x8C, 0x24, 0x80, 0x00, 0x00, 0x00, 0x48, 0x89, 0x4C, 0x24, 0x30, 0xC6, 0x44, 0x24, 0x28, 0x00, 0x48, 0x8B, 0x8C, 0x24, 0x88, 0x00, 0x00, 0x00, 0x48, 
	0x89, 0x4C, 0x24, 0x20, 0x4C, 0x8B, 0x4C, 0x24, 0x70, 0x48, 0x8B, 0x8C, 0x24, 0x90, 0x00, 0x00, 0x00, 0x4C, 0x8B, 0xC1, 0x48, 0x8B, 0x54, 0x24, 0x48, 0x48, 0x8B, 0xC8, 0xE8, 0x03, 
	0x03, 0x00, 0x00, 0x8B, 0x44, 0x24, 0x40, 0x48, 0x03, 0x44, 0x24, 0x48, 0x41, 0xB9, 0x01, 0x00, 0x00, 0x00, 0x4C, 0x8D, 0x84, 0x24, 0xA0, 0x00, 0x00, 0x00, 0x48, 0x8B, 0xD0, 0x48, 
	0x8B, 0x4C, 0x24, 0x48, 0xE8, 0x9F, 0xFA, 0xFF, 0xFF, 0x48, 0x89, 0x84, 0x24, 0x98, 0x00, 0x00, 0x00, 0x33, 0xD2, 0x48, 0x8B, 0x4C, 0x24, 0x70, 0xFF, 0x15, 0x0A, 0x11, 0x00, 0x00, 
	0x48, 0x8B, 0x84, 0x24, 0x98, 0x00, 0x00, 0x00, 0x48, 0x8B, 0x8C, 0x24, 0xC0, 0x02, 0x00, 0x00, 0x48, 0x33, 0xCC, 0xE8, 0xE2, 0x01, 0x00, 0x00, 0x48, 0x81, 0xC4, 0xD0, 0x02, 0x00, 
	0x00, 0x5F, 0xC3, 0xCC, 0xCC, 0xCC, 0xCC, 0xCC, 0xCC, 0xCC, 0xCC, 0xCC, 0x88, 0x54, 0x24, 0x10, 0x48, 0x89, 0x4C, 0x24, 0x08, 0x48, 0x83, 0xEC, 0x38, 0x48, 0x69, 0x44, 0x24, 0x40, 
	0xF0, 0xD8, 0xFF, 0xFF, 0x48, 0x89, 0x44, 0x24, 0x20, 0x4C, 0x8D, 0x44, 0x24, 0x20, 0x0F, 0xB6, 0x54, 0x24, 0x48, 0x33, 0xC9, 0xFF, 0x15, 0xDB, 0x11, 0x00, 0x00, 0x48, 0x83, 0xC4, 
	0x38, 0xC3, 0xCC, 0xCC, 0xCC, 0xCC, 0xCC, 0xCC, 0xCC, 0xCC, 0xCC, 0xCC, 0xCC, 0xCC, 0xCC, 0xCC, 0x44, 0x89, 0x4C, 0x24, 0x20, 0x4C, 0x89, 0x44, 0x24, 0x18, 0x48, 0x89, 0x54, 0x24, 
	0x10, 0x48, 0x89, 0x4C, 0x24, 0x08, 0x57, 0x48, 0x83, 0xEC, 0x50, 0x48, 0x83, 0x3D, 0xB7, 0x20, 0x00, 0x00, 0x00, 0x0F, 0x85, 0xD1, 0x00, 0x00, 0x00, 0x33, 0xC0, 0x66, 0x89, 0x44, 
	0x24, 0x40, 0x48, 0x8D, 0x44, 0x24, 0x42, 0x48, 0x8B, 0xF8, 0x33, 0xC0, 0xB9, 0x0E, 0x00, 0x00, 0x00, 0xF3, 0xAA, 0x48, 0x8D, 0x15, 0xBA, 0x04, 0x00, 0x00, 0x48, 0x8D, 0x4C, 0x24, 
	0x40, 0xFF, 0x15, 0x37, 0x10, 0x00, 0x00, 0x48, 0x8D, 0x4C, 0x24, 0x40, 0xFF, 0x15, 0x34, 0x10, 0x00, 0x00, 0x48, 0x89, 0x44, 0x24, 0x38, 0x48, 0x83, 0x7C, 0x24, 0x38, 0x00, 0x0F, 
	0x84, 0x8B, 0x00, 0x00, 0x00, 0x48, 0x8B, 0x44, 0x24, 0x38, 0x48, 0x83, 0xC0, 0x14, 0x48, 0x89, 0x44, 0x24, 0x38, 0xC7, 0x44, 0x24, 0x30, 0x00, 0x00, 0x00, 0x00, 0xEB, 0x0A, 0x8B, 
	0x44, 0x24, 0x30, 0xFF, 0xC0, 0x89, 0x44, 0x24, 0x30, 0x81, 0x7C, 0x24, 0x30, 0x00, 0x01, 0x00, 0x00, 0x7D, 0x5F, 0x48, 0x63, 0x44, 0x24, 0x30, 0x48, 0x8B, 0x4C, 0x24, 0x38, 0x0F, 
	0xB6, 0x04, 0x01, 0x83, 0xF8, 0x48, 0x75, 0x4A, 0x8B, 0x44, 0x24, 0x30, 0xFF, 0xC0, 0x48, 0x98, 0x48, 0x8B, 0x4C, 0x24, 0x38, 0x0F, 0xB6, 0x04, 0x01, 0x3D, 0x8B, 0x00, 0x00, 0x00, 
	0x75, 0x32, 0x8B, 0x44, 0x24, 0x30, 0x83, 0xC0, 0x02, 0x48, 0x98, 0x48, 0x8B, 0x4C, 0x24, 0x38, 0x0F, 0xB6, 0x04, 0x01, 0x3D, 0xC4, 0x00, 0x00, 0x00, 0x75, 0x19, 0x48, 0x63, 0x44, 
	0x24, 0x30, 0x48, 0x8B, 0x4C, 0x24, 0x38, 0x48, 0x03, 0xC8, 0x48, 0x8B, 0xC1, 0x48, 0x89, 0x05, 0xE4, 0x1F, 0x00, 0x00, 0xEB, 0x02, 0xEB, 0x8D, 0x48, 0x83, 0x3D, 0xD8, 0x1F, 0x00, 
	0x00, 0x00, 0x74, 0x29, 0x48, 0x8B, 0x84, 0x24, 0x80, 0x00, 0x00, 0x00, 0x48, 0x89, 0x44, 0x24, 0x20, 0x44, 0x8B, 0x4C, 0x24, 0x78, 0x4C, 0x8B, 0x44, 0x24, 0x70, 0x48, 0x8B, 0x54, 
	0x24, 0x68, 0x48, 0x8B, 0x4C, 0x24, 0x60, 0xFF, 0x15, 0xAF, 0x1F, 0x00, 0x00, 0xEB, 0x05, 0xB8, 0x02, 0x00, 0x00, 0xC0, 0x48, 0x83, 0xC4, 0x50, 0x5F, 0xC3, 0xCC, 0xCC, 0xCC, 0xCC, 
	0xCC, 0xCC, 0xCC, 0xCC, 0xCC, 0xCC, 0x48, 0x83, 0xEC, 0x18, 0xFA, 0x0F, 0x20, 0xC0, 0x48, 0x89, 0x04, 0x24, 0x48, 0x8B, 0x04, 0x24, 0x48, 0x0F, 0xBA, 0xF0, 0x10, 0x0F, 0x22, 0xC0, 
	0x48, 0x8B, 0x04, 0x24, 0x48, 0x83, 0xC4, 0x18, 0xC3, 0xCC, 0xCC, 0xCC, 0xCC, 0xCC, 0xCC, 0xCC, 0xCC, 0xCC, 0xCC, 0xCC, 0xCC, 0xCC, 0xCC, 0xCC, 0x48, 0x89, 0x4C, 0x24, 0x08, 0x48, 
	0x8B, 0x44, 0x24, 0x08, 0x0F, 0x22, 0xC0, 0xFB, 0xC3, 0xCC, 0xCC, 0xCC, 0xCC, 0xCC, 0xCC, 0xCC, 0x66, 0x66, 0x0F, 0x1F, 0x84, 0x00, 0x00, 0x00, 0x00, 0x00, 0x48, 0x3B, 0x0D, 0xD9, 
	0x1E, 0x00, 0x00, 0x75, 0x10, 0x48, 0xC1, 0xC1, 0x10, 0x66, 0xF7, 0xC1, 0xFF, 0xFF, 0x75, 0x01, 0xC3, 0x48, 0xC1, 0xC9, 0x10, 0xE9, 0x02, 0x00, 0x00, 0x00, 0xCC, 0xCC, 0x48, 0x83, 
	0xEC, 0x38, 0x48, 0x83, 0x64, 0x24, 0x20, 0x00, 0x48, 0x8B, 0xD1, 0x4C, 0x8B, 0x0D, 0xB4, 0x1E, 0x00, 0x00, 0xB9, 0xF7, 0x00, 0x00, 0x00, 0x4C, 0x8B, 0x05, 0xA0, 0x1E, 0x00, 0x00, 
	0xFF, 0x15, 0xFA, 0x0F, 0x00, 0x00, 0xCC, 0xCC, 0x48, 0x83, 0xEC, 0x28, 0x4D, 0x8B, 0x41, 0x38, 0x48, 0x8B, 0xCA, 0x49, 0x8B, 0xD1, 0xE8, 0x0D, 0x00, 0x00, 0x00, 0xB8, 0x01, 0x00, 
	0x00, 0x00, 0x48, 0x83, 0xC4, 0x28, 0xC3, 0xCC, 0xCC, 0xCC, 0x40, 0x53, 0x41, 0x8B, 0x00, 0x48, 0x8B, 0xDA, 0x44, 0x8B, 0xD8, 0x4C, 0x8B, 0xC9, 0x41, 0x83, 0xE3, 0xF8, 0x4C, 0x8B, 
	0xD1, 0xA8, 0x04, 0x74, 0x13, 0x41, 0x8B, 0x40, 0x08, 0x4D, 0x63, 0x50, 0x04, 0xF7, 0xD8, 0x4C, 0x03, 0xD1, 0x48, 0x63, 0xC8, 0x4C, 0x23, 0xD1, 0x49, 0x63, 0xC3, 0x4A, 0x8B, 0x14, 
	0x10, 0x48, 0x8B, 0x43, 0x10, 0x8B, 0x48, 0x08, 0x48, 0x03, 0x4B, 0x08, 0x8A, 0x41, 0x03, 0xA8, 0x0F, 0x74, 0x0B, 0x0F, 0xB6, 0xC0, 0x83, 0xE0, 0xF0, 0x48, 0x98, 0x4C, 0x03, 0xC8, 
	0x4C, 0x33, 0xCA, 0x49, 0x8B, 0xC9, 0x5B, 0xE9, 0x3C, 0xFF, 0xFF, 0xFF, 0xFF, 0x25, 0xA6, 0x0E, 0x00, 0x00, 0xFF, 0x25, 0xA8, 0x0E, 0x00, 0x00, 0xFF, 0x25, 0xAA, 0x0E, 0x00, 0x00, 
	0xFF, 0x25, 0xB4, 0x0E, 0x00, 0x00, 0xFF, 0x25, 0xDE, 0x0E, 0x00, 0x00, 0xFF, 0x25, 0x30, 0x0F, 0x00, 0x00, 0xFF, 0x25, 0x32, 0x0F, 0x00, 0x00, 0xFF, 0x25, 0x34, 0x0F, 0x00, 0x00, 
	0xFF, 0x25, 0x36, 0x0F, 0x00, 0x00, 0xCC, 0xCC, 0xC2, 0x00, 0x00, 0xCC, 0xCC, 0xCC, 0xCC, 0xCC, 0xCC, 0xCC, 0x66, 0x66, 0x0F, 0x1F, 0x84, 0x00, 0x00, 0x00, 0x00, 0x00, 0xFF, 0xE0, 
	0xCC, 0xCC, 0xCC, 0xCC, 0xCC, 0xCC, 0xCC, 0xCC, 0xCC, 0xCC, 0xCC, 0xCC, 0xCC, 0xCC, 0x4E, 0x65, 0x77, 0x4B, 0x64, 0x45, 0x6E, 0x75, 0x6D, 0x65, 0x72, 0x61, 0x74, 0x65, 0x44, 0x65, 
	0x62, 0x75, 0x67, 0x67, 0x69, 0x6E, 0x67, 0x44, 0x65, 0x76, 0x69, 0x63, 0x65, 0x73, 0x0D, 0x0A, 0x00, 0xCC, 0xCC, 0xCC, 0xCC, 0xCC, 0xCC, 0xCC, 0xCC, 0xCC, 0xCC, 0xCC, 0xCC, 0xCC, 
	0xCC, 0xCC, 0x34, 0x38, 0x38, 0x42, 0x30, 0x35, 0x2A, 0x2A, 0x2A, 0x2A, 0x37, 0x35, 0x2A, 0x34, 0x38, 0x38, 0x42, 0x30, 0x35, 0x2A, 0x2A, 0x2A, 0x2A, 0x45, 0x38, 0x00, 0xCC, 0xCC, 
	0xCC, 0xCC, 0xCC, 0xCC, 0x50, 0x41, 0x47, 0x45, 0x00, 0xCC, 0xCC, 0xCC, 0xCC, 0xCC, 0xCC, 0xCC, 0xCC, 0xCC, 0xCC, 0xCC, 0x6E, 0x74, 0x6F, 0x73, 0x6B, 0x72, 0x6E, 0x6C, 0x2E, 0x65, 
	0x78, 0x65, 0x00, 0xCC, 0xCC, 0xCC, 0x45, 0x00, 0x78, 0x00, 0x52, 0x00, 0x65, 0x00, 0x67, 0x00, 0x69, 0x00, 0x73, 0x00, 0x74, 0x00, 0x65, 0x00, 0x72, 0x00, 0x41, 0x00, 0x74, 0x00, 
	0x74, 0x00, 0x72, 0x00, 0x69, 0x00, 0x62, 0x00, 0x75, 0x00, 0x74, 0x00, 0x65, 0x00, 0x49, 0x00, 0x6E, 0x00, 0x66, 0x00, 0x6F, 0x00, 0x72, 0x00, 0x6D, 0x00, 0x61, 0x00, 0x74, 0x00, 
	0x69, 0x00, 0x6F, 0x00, 0x6E, 0x00, 0x43, 0x00, 0x61, 0x00, 0x6C, 0x00, 0x6C, 0x00, 0x62, 0x00, 0x61, 0x00, 0x63, 0x00, 0x6B, 0x00, 0x00, 0x00, 0xCC, 0xCC, 0x5A, 0x00, 0x77, 0x00, 
	0x47, 0x00, 0x65, 0x00, 0x74, 0x00, 0x4E, 0x00, 0x65, 0x00, 0x78, 0x00, 0x74, 0x00, 0x54, 0x00, 0x68, 0x00, 0x72, 0x00, 0x65, 0x00, 0x61, 0x00, 0x64, 0x00, 0x00, 0x00, 0x5A, 0x00, 
	0x77, 0x00, 0x47, 0x00, 0x65, 0x00, 0x74, 0x00, 0x4E, 0x00, 0x6F, 0x00, 0x74, 0x00, 0x69, 0x00, 0x66, 0x00, 0x69, 0x00, 0x63, 0x00, 0x61, 0x00, 0x74, 0x00, 0x69, 0x00, 0x6F, 0x00, 
	0x6E, 0x00, 0x52, 0x00, 0x65, 0x00, 0x73, 0x00, 0x6F, 0x00, 0x75, 0x00, 0x72, 0x00, 0x63, 0x00, 0x65, 0x00, 0x4D, 0x00, 0x61, 0x00, 0x6E, 0x00, 0x61, 0x00, 0x67, 0x00, 0x65, 0x00, 
	0x72, 0x00, 0x00, 0x00, 0xCC, 0xCC, 0xCC, 0xCC, 0xCC, 0xCC, 0xCC, 0xCC, 0xCC, 0xCC, 0xCC, 0xCC, 0xCC, 0xCC, 0x34, 0x43, 0x38, 0x42, 0x45, 0x41, 0x34, 0x38, 0x38, 0x42, 0x46, 0x31, 
	0x33, 0x33, 0x46, 0x46, 0x38, 0x39, 0x37, 0x43, 0x2A, 0x2A, 0x36, 0x35, 0x2A, 0x2A, 0x2A, 0x2A, 0x2A, 0x2A, 0x2A, 0x2A, 0x34, 0x43, 0x38, 0x39, 0x2A, 0x2A, 0x2A, 0x2A, 0x2A, 0x2A, 
	0x36, 0x36, 0x34, 0x31, 0x2A, 0x2A, 0x2A, 0x2A, 0x2A, 0x2A, 0x2A, 0x34, 0x38, 0x2A, 0x2A, 0x2A, 0x2A, 0x2A, 0x2A, 0x30, 0x46, 0x2A, 0x2A, 0x34, 0x38, 0x38, 0x42, 0x30, 0x31, 0x00, 
	0xCC, 0xCC, 0xCC, 0xCC, 0xCC, 0xCC, 0xCC, 0xCC, 0x34, 0x30, 0x35, 0x33, 0x34, 0x38, 0x2A, 0x2A, 0x2A, 0x34, 0x38, 0x38, 0x42, 0x44, 0x41, 0x45, 0x38, 0x2A, 0x2A, 0x2A, 0x2A, 0x34, 
	0x38, 0x38, 0x35, 0x44, 0x42, 0x37, 0x34, 0x2A, 0x38, 0x39, 0x30, 0x33, 0x33, 0x33, 0x43, 0x30, 0x34, 0x38, 0x2A, 0x2A, 0x2A, 0x35, 0x42, 0x43, 0x33, 0x00, 0x5B, 0x68, 0x6F, 0x74, 
	0x67, 0x65, 0x5D, 0x3A, 0x69, 0x6D, 0x61, 0x67, 0x65, 0x42, 0x61, 0x73, 0x65, 0x20, 0x3D, 0x20, 0x25, 0x6C, 0x6C, 0x78, 0x2C, 0x73, 0x69, 0x7A, 0x65, 0x6F, 0x66, 0x69, 0x6D, 0x61, 
	0x67, 0x65, 0x20, 0x3D, 0x20, 0x25, 0x6C, 0x6C, 0x78, 0x2C, 0x25, 0x77, 0x5A, 0x0D, 0x0A, 0x00, 0xCC, 0xCC, 0xCC, 0xCC, 0xCC, 0xCC, 0xCC, 0xCC, 0xCC, 0xCC, 0xCC, 0xCC, 0xCC, 0xCC, 
	0x5C, 0x00, 0x44, 0x00, 0x72, 0x00, 0x69, 0x00, 0x76, 0x00, 0x65, 0x00, 0x72, 0x00, 0x5C, 0x00, 0x57, 0x00, 0x4D, 0x00, 0x49, 0x00, 0x78, 0x00, 0x57, 0x00, 0x44, 0x00, 0x4D, 0x00, 
	0x00, 0x00, 0x46, 0x46, 0x45, 0x31, 0x00, 0xCC, 0xCC, 0xCC, 0xCC, 0xCC, 0xCC, 0xCC, 0xCC, 0xCC, 0xCC, 0xCC, 0x2E, 0x74, 0x65, 0x78, 0x74, 0x00, 0xCC, 0xCC, 0xCC, 0xCC, 0xCC, 0xCC, 
	0xCC, 0xCC, 0xCC, 0xCC, 0x34, 0x00, 0x35, 0x00, 0x36, 0x00, 0x33, 0x00, 0x34, 0x00, 0x30, 0x00, 0x00, 0x00, 0xCC, 0xCC, 0x6E, 0x74, 0x6B, 0x72, 0x6E, 0x6C, 0x70, 0x61, 0x2E, 0x65, 
	0x78, 0x65, 0x00, 0xCC, 0xCC, 0xCC, 0x5A, 0x00, 0x77, 0x00, 0x49, 0x00, 0x73, 0x00, 0x50, 0x00, 0x72, 0x00, 0x6F, 0x00, 0x63, 0x00, 0x65, 0x00, 0x73, 0x00, 0x73, 0x00, 0x49, 0x00, 
	0x6E, 0x00, 0x4A, 0x00, 0x6F, 0x00, 0x62, 0x00, 0x00, 0x00, 0x00, 0x00, 0x00, 0x00, 0x00, 0x00, 0x00, 0x00, 0x00, 0x00, 0x00, 0x00, 0x00, 0x00, 0x00, 0x00, 0x00, 0x00, 0x00, 0x00, 
	0x00, 0x00, 0x00, 0x00, 0x00, 0x00, 0x00, 0x00, 0x00, 0x00, 0x00, 0x00, 0x00, 0x00, 0x00, 0x00, 0x00, 0x00, 0x00, 0x00, 0x00, 0x00, 0x00, 0x00, 0x00, 0x00, 0x00, 0x00, 0x00, 0x00, 
	0x00, 0x00, 0x00, 0x00, 0x00, 0x00, 0x00, 0x00, 0x00, 0x00, 0x00, 0x00, 0x00, 0x00, 0x00, 0x00, 0x00, 0x00, 0x00, 0x00, 0x00, 0x00, 0x00, 0x00, 0x00, 0x00, 0x00, 0x00, 0x00, 0x00, 
	0x00, 0x00, 0x00, 0x00, 0x00, 0x00, 0x00, 0x00, 0x00, 0x00, 0x00, 0x00, 0x00, 0x00, 0x00, 0x00, 0x00, 0x00, 0x00, 0x00, 0x00, 0x00, 0x00, 0x00, 0x00, 0x00, 0x00, 0x00, 0x00, 0x00, 
	0x00, 0x00, 0x00, 0x00, 0x00, 0x00, 0x00, 0x00, 0x00, 0x00, 0x00, 0x00, 0x00, 0x00, 0x00, 0x00, 0x00, 0x00, 0x00, 0x00, 0x00, 0x00, 0x00, 0x00, 0x00, 0x00, 0x00, 0x00, 0x00, 0x00, 
	0x00, 0x00, 0x00, 0x00, 0x00, 0x00, 0x00, 0x00, 0x00, 0x00, 0x00, 0x00, 0x00, 0x00, 0x00, 0x00, 0x00, 0x00, 0x00, 0x00, 0x00, 0x00, 0x00, 0x00, 0x00, 0x00, 0x00, 0x00, 0x00, 0x00, 
	0x00, 0x00, 0x00, 0x00, 0x00, 0x00, 0x00, 0x00, 0x00, 0x00, 0x00, 0x00, 0x00, 0x00, 0x00, 0x00, 0x00, 0x00, 0x00, 0x00, 0x00, 0x00, 0x00, 0x00, 0x00, 0x00, 0x00, 0x00, 0x00, 0x00, 
	0x00, 0x00, 0x00, 0x00, 0x00, 0x00, 0x00, 0x00, 0x00, 0x00, 0x00, 0x00, 0x00, 0x00, 0x00, 0x00, 0x00, 0x00, 0x00, 0x00, 0x00, 0x00, 0x00, 0x00, 0x00, 0x00, 0x00, 0x00, 0x00, 0x00, 
	0x00, 0x00, 0x00, 0x00, 0x00, 0x00, 0x00, 0x00, 0x00, 0x00, 0x00, 0x00, 0x00, 0x00, 0x00, 0x00, 0x00, 0x00, 0x00, 0x00, 0x00, 0x00, 0x00, 0x00, 0x00, 0x00, 0x00, 0x00, 0x00, 0x00, 
	0x00, 0x00, 0x00, 0x00, 0x00, 0x00, 0x00, 0x00, 0x00, 0x00, 0x00, 0x00, 0x00, 0x00, 0x00, 0x00, 0x00, 0x00, 0x00, 0x00, 0x00, 0x00, 0x00, 0x00, 0x00, 0x00, 0x00, 0x00, 0x00, 0x00, 
	0x00, 0x00, 0x00, 0x00, 0x00, 0x00, 0x00, 0x00, 0x00, 0x00, 0x00, 0x00, 0x00, 0x00, 0x00, 0x00, 0x00, 0x00, 0x00, 0x00, 0x00, 0x00, 0x00, 0x00, 0x00, 0x00, 0x00, 0x00, 0x00, 0x00, 
	0x00, 0x00, 0x00, 0x00, 0x00, 0x00, 0x00, 0x00, 0x00, 0x00, 0x00, 0x00, 0x00, 0x00, 0x28, 0x92, 0x00, 0x00, 0x00, 0x00, 0x00, 0x00, 0x38, 0x92, 0x00, 0x00, 0x00, 0x00, 0x00, 0x00, 
	0x46, 0x92, 0x00, 0x00, 0x00, 0x00, 0x00, 0x00, 0x5A, 0x92, 0x00, 0x00, 0x00, 0x00, 0x00, 0x00, 0x72, 0x92, 0x00, 0x00, 0x00, 0x00, 0x00, 0x00, 0x8E, 0x92, 0x00, 0x00, 0x00, 0x00, 
	0x00, 0x00, 0xA0, 0x92, 0x00, 0x00, 0x00, 0x00, 0x00, 0x00, 0xB4, 0x92, 0x00, 0x00, 0x00, 0x00, 0x00, 0x00, 0xC6, 0x92, 0x00, 0x00, 0x00, 0x00, 0x00, 0x00, 0xDC, 0x92, 0x00, 0x00, 
	0x00, 0x00, 0x00, 0x00, 0xF8, 0x92, 0x00, 0x00, 0x00, 0x00, 0x00, 0x00, 0x10, 0x93, 0x00, 0x00, 0x00, 0x00, 0x00, 0x00, 0x2A, 0x93, 0x00, 0x00, 0x00, 0x00, 0x00, 0x00, 0x34, 0x93, 
	0x00, 0x00, 0x00, 0x00, 0x00, 0x00, 0x4C, 0x93, 0x00, 0x00, 0x00, 0x00, 0x00, 0x00, 0x66, 0x93, 0x00, 0x00, 0x00, 0x00, 0x00, 0x00, 0x84, 0x93, 0x00, 0x00, 0x00, 0x00, 0x00, 0x00, 
	0x9E, 0x93, 0x00, 0x00, 0x00, 0x00, 0x00, 0x00, 0xB4, 0x93, 0x00, 0x00, 0x00, 0x00, 0x00, 0x00, 0xD0, 0x93, 0x00, 0x00, 0x00, 0x00, 0x00, 0x00, 0xE2, 0x93, 0x00, 0x00, 0x00, 0x00, 
	0x00, 0x00, 0xF8, 0x93, 0x00, 0x00, 0x00, 0x00, 0x00, 0x00, 0x08, 0x94, 0x00, 0x00, 0x00, 0x00, 0x00, 0x00, 0x12, 0x94, 0x00, 0x00, 0x00, 0x00, 0x00, 0x00, 0x26, 0x94, 0x00, 0x00, 
	0x00, 0x00, 0x00, 0x00, 0x46, 0x94, 0x00, 0x00, 0x00, 0x00, 0x00, 0x00, 0x60, 0x94, 0x00, 0x00, 0x00, 0x00, 0x00, 0x00, 0x78, 0x94, 0x00, 0x00, 0x00, 0x00, 0x00, 0x00, 0x90, 0x94, 
	0x00, 0x00, 0x00, 0x00, 0x00, 0x00, 0xA2, 0x94, 0x00, 0x00, 0x00, 0x00, 0x00, 0x00, 0xB2, 0x94, 0x00, 0x00, 0x00, 0x00, 0x00, 0x00, 0xC8, 0x94, 0x00, 0x00, 0x00, 0x00, 0x00, 0x00, 
	0xDE, 0x94, 0x00, 0x00, 0x00, 0x00, 0x00, 0x00, 0xF6, 0x94, 0x00, 0x00, 0x00, 0x00, 0x00, 0x00, 0x0E, 0x95, 0x00, 0x00, 0x00, 0x00, 0x00, 0x00, 0x20, 0x95, 0x00, 0x00, 0x00, 0x00, 
	0x00, 0x00, 0x3A, 0x95, 0x00, 0x00, 0x00, 0x00, 0x00, 0x00, 0x4A, 0x95, 0x00, 0x00, 0x00, 0x00, 0x00, 0x00, 0x60, 0x95, 0x00, 0x00, 0x00, 0x00, 0x00, 0x00, 0x78, 0x95, 0x00, 0x00, 
	0x00, 0x00, 0x00, 0x00, 0x84, 0x95, 0x00, 0x00, 0x00, 0x00, 0x00, 0x00, 0x8E, 0x95, 0x00, 0x00, 0x00, 0x00, 0x00, 0x00, 0x98, 0x95, 0x00, 0x00, 0x00, 0x00, 0x00, 0x00, 0xB4, 0x95, 
	0x00, 0x00, 0x00, 0x00, 0x00, 0x00, 0xCE, 0x95, 0x00, 0x00, 0x00, 0x00, 0x00, 0x00, 0x00, 0x00, 0x00, 0x00, 0x00, 0x00, 0x00, 0x00, 0x1C, 0x42, 0x00, 0x40, 0x01, 0x00, 0x00, 0x00, 
	0x30, 0x42, 0x00, 0x40, 0x01, 0x00, 0x00, 0x00, 0x00, 0x00, 0x00, 0x00, 0xC7, 0x33, 0x2E, 0x61, 0x00, 0x00, 0x00, 0x00, 0x02, 0x00, 0x00, 0x00, 0x48, 0x00, 0x00, 0x00, 0x90, 0x52, 
	0x00, 0x00, 0x90, 0x3C, 0x00, 0x00, 0x00, 0x00, 0x00, 0x00, 0xC7, 0x33, 0x2E, 0x61, 0x00, 0x00, 0x00, 0x00, 0x0D, 0x00, 0x00, 0x00, 0x3C, 0x01, 0x00, 0x00, 0xD8, 0x52, 0x00, 0x00, 
	0xD8, 0x3C, 0x00, 0x00, 0x00, 0x00, 0x00, 0x00, 0x00, 0x00, 0x00, 0x00, 0xD0, 0x00, 0x00, 0x00, 0x00, 0x00, 0x00, 0x00, 0x00, 0x00, 0x00, 0x00, 0x00, 0x00, 0x00, 0x00, 0x00, 0x00, 
	0x00, 0x00, 0x00, 0x00, 0x00, 0x00, 0x00, 0x00, 0x00, 0x00, 0x00, 0x00, 0x00, 0x00, 0x00, 0x00, 0x00, 0x00, 0x00, 0x00, 0x00, 0x00, 0x00, 0x00, 0x00, 0x00, 0x00, 0x00, 0x00, 0x00, 
	0x00, 0x00, 0x00, 0x00, 0x00, 0x00, 0x00, 0x00, 0x00, 0x00, 0x00, 0x00, 0x00, 0x00, 0x00, 0x00, 0x00, 0x00, 0x00, 0x00, 0x00, 0x00, 0x00, 0x00, 0x00, 0x00, 0x00, 0x00, 0x00, 0x00, 
	0x00, 0x00, 0x00, 0x00, 0x00, 0x00, 0x00, 0x00, 0x00, 0x00, 0x00, 0x60, 0x00, 0x40, 0x01, 0x00, 0x00, 0x00, 0x00, 0x00, 0x00, 0x00, 0x00, 0x00, 0x00, 0x00, 0x00, 0x00, 0x00, 0x00, 
	0x00, 0x00, 0x00, 0x00, 0x70, 0x51, 0x00, 0x40, 0x01, 0x00, 0x00, 0x00, 0x78, 0x51, 0x00, 0x40, 0x01, 0x00, 0x00, 0x00, 0x00, 0x00, 0x00, 0x00, 0x00, 0x00, 0x00, 0x00, 0x00, 0x00, 
	0x00, 0x00, 0x00, 0x00, 0x00, 0x00, 0x00, 0x01, 0x00, 0x00, 0x00, 0x00, 0x00, 0x00, 0x00, 0x00, 0x00, 0x00, 0x00, 0x00, 0x00, 0x00, 0x00, 0x00, 0x00, 0x00, 0x00, 0x00, 0x00, 0x00, 
	0x00, 0x00, 0x00, 0x00, 0x00, 0x00, 0x00, 0x00, 0x00, 0x00, 0x00, 0x00, 0x00, 0x00, 0x00, 0x00, 0x00, 0x00, 0x00, 0x00, 0x00, 0x00, 0x00, 0x00, 0x00, 0x00, 0x00, 0x00, 0x00, 0x00, 
	0x00, 0x00, 0x00, 0x00, 0x00, 0x00, 0x00, 0x00, 0x00, 0x00, 0x52, 0x53, 0x44, 0x53, 0xC4, 0xCB, 0x98, 0x63, 0x6F, 0x3B, 0x91, 0x4B, 0xB7, 0xD8, 0x0E, 0xE4, 0x45, 0x78, 0x97, 0x3F, 
	0x01, 0x00, 0x00, 0x00, 0x45, 0x3A, 0x5C, 0x64, 0x72, 0x69, 0x76, 0x65, 0x72, 0x5F, 0x70, 0x72, 0x6F, 0x6A, 0x65, 0x63, 0x74, 0x5C, 0x7A, 0x6A, 0x5C, 0x7A, 0x6A, 0x35, 0x5C, 0x7A, 
	0x73, 0x5C, 0x72, 0x77, 0x5C, 0x78, 0x36, 0x34, 0x5C, 0x44, 0x65, 0x62, 0x75, 0x67, 0x5C, 0x72, 0x77, 0x2E, 0x70, 0x64, 0x62, 0x00, 0x00, 0x00, 0x00, 0x00, 0x00, 0x10, 0x00, 0x00, 
	0x20, 0x32, 0x00, 0x00, 0x2E, 0x74, 0x65, 0x78, 0x74, 0x24, 0x6D, 0x6E, 0x00, 0x00, 0x00, 0x00, 0x20, 0x42, 0x00, 0x00, 0x20, 0x00, 0x00, 0x00, 0x2E, 0x74, 0x65, 0x78, 0x74, 0x24, 
	0x6D, 0x6E, 0x24, 0x30, 0x30, 0x00, 0x40, 0x42, 0x00, 0x00, 0x80, 0x02, 0x00, 0x00, 0x2E, 0x74, 0x65, 0x78, 0x74, 0x24, 0x73, 0x00, 0x00, 0x50, 0x00, 0x00, 0x70, 0x01, 0x00, 0x00, 
	0x2E, 0x69, 0x64, 0x61, 0x74, 0x61, 0x24, 0x35, 0x00, 0x00, 0x00, 0x00, 0x70, 0x51, 0x00, 0x00, 0x10, 0x00, 0x00, 0x00, 0x2E, 0x30, 0x30, 0x63, 0x66, 0x67, 0x00, 0x00, 0x80, 0x51, 
	0x00, 0x00, 0x10, 0x01, 0x00, 0x00, 0x2E, 0x72, 0x64, 0x61, 0x74, 0x61, 0x00, 0x00, 0x90, 0x52, 0x00, 0x00, 0x88, 0x01, 0x00, 0x00, 0x2E, 0x72, 0x64, 0x61, 0x74, 0x61, 0x24, 0x7A, 
	0x7A, 0x7A, 0x64, 0x62, 0x67, 0x00, 0x00, 0x00, 0x18, 0x54, 0x00, 0x00, 0x2C, 0x02, 0x00, 0x00, 0x2E, 0x78, 0x64, 0x61, 0x74, 0x61, 0x00, 0x00, 0x00, 0x60, 0x00, 0x00, 0x10, 0x00, 
	0x00, 0x00, 0x2E, 0x64, 0x61, 0x74, 0x61, 0x00, 0x00, 0x00, 0x10, 0x60, 0x00, 0x00, 0x68, 0x00, 0x00, 0x00, 0x2E, 0x62, 0x73, 0x73, 0x00, 0x00, 0x00, 0x00, 0x00, 0x70, 0x00, 0x00, 
	0xC8, 0x01, 0x00, 0x00, 0x2E, 0x70, 0x64, 0x61, 0x74, 0x61, 0x00, 0x00, 0x00, 0x80, 0x00, 0x00, 0x04, 0x00, 0x00, 0x00, 0x2E, 0x67, 0x66, 0x69, 0x64, 0x73, 0x24, 0x79, 0x00, 0x00, 
	0x00, 0x00, 0x00, 0x90, 0x00, 0x00, 0x90, 0x00, 0x00, 0x00, 0x49, 0x4E, 0x49, 0x54, 0x00, 0x00, 0x00, 0x00, 0x90, 0x90, 0x00, 0x00, 0x14, 0x00, 0x00, 0x00, 0x2E, 0x69, 0x64, 0x61, 
	0x74, 0x61, 0x24, 0x32, 0x00, 0x00, 0x00, 0x00, 0xA4, 0x90, 0x00, 0x00, 0x14, 0x00, 0x00, 0x00, 0x2E, 0x69, 0x64, 0x61, 0x74, 0x61, 0x24, 0x33, 0x00, 0x00, 0x00, 0x00, 0xB8, 0x90, 
	0x00, 0x00, 0x70, 0x01, 0x00, 0x00, 0x2E, 0x69, 0x64, 0x61, 0x74, 0x61, 0x24, 0x34, 0x00, 0x00, 0x00, 0x00, 0x28, 0x92, 0x00, 0x00, 0xC4, 0x03, 0x00, 0x00, 0x2E, 0x69, 0x64, 0x61, 
	0x74, 0x61, 0x24, 0x36, 0x00, 0x00, 0x00, 0x00, 0x00, 0x00, 0x00, 0x00, 0x1A, 0x1F, 0x05, 0x00, 0x02, 0x16, 0x00, 0x06, 0x0D, 0x01, 0x2A, 0x00, 0x06, 0x70, 0x00, 0x00, 0x68, 0x41, 
	0x00, 0x00, 0x40, 0x01, 0x00, 0x00, 0x02, 0x09, 0x03, 0x00, 0x01, 0x16, 0x00, 0x06, 0x09, 0x82, 0x00, 0x00, 0x02, 0x13, 0x03, 0x00, 0x01, 0x16, 0x00, 0x06, 0x13, 0x62, 0x00, 0x00, 
	0x02, 0x0A, 0x04, 0x00, 0x02, 0x16, 0x00, 0x06, 0x0A, 0xD2, 0x06, 0x70, 0x02, 0x18, 0x03, 0x00, 0x01, 0x16, 0x00, 0x06, 0x18, 0x62, 0x00, 0x00, 0x02, 0x09, 0x03, 0x00, 0x01, 0x06, 
	0x1E, 0x06, 0x09, 0xE2, 0x00, 0x00, 0x1A, 0x2A, 0x06, 0x00, 0x03, 0x16, 0x00, 0x06, 0x18, 0x01, 0x33, 0x00, 0x11, 0x70, 0x10, 0x60, 0x68, 0x41, 0x00, 0x00, 0x80, 0x01, 0x00, 0x00, 
	0x02, 0x19, 0x04, 0x00, 0x02, 0x16, 0x00, 0x06, 0x19, 0xB2, 0x15, 0x70, 0x1A, 0x1C, 0x04, 0x00, 0x02, 0x16, 0x00, 0x06, 0x0D, 0xF2, 0x06, 0x70, 0x68, 0x41, 0x00, 0x00, 0x78, 0x00, 
	0x00, 0x00, 0x02, 0x0E, 0x03, 0x00, 0x01, 0x16, 0x00, 0x06, 0x0E, 0x42, 0x00, 0x00, 0x1A, 0x1F, 0x05, 0x00, 0x02, 0x16, 0x00, 0x06, 0x0D, 0x01, 0x16, 0x00, 0x06, 0x70, 0x00, 0x00, 
	0x68, 0x41, 0x00, 0x00, 0xA8, 0x00, 0x00, 0x00, 0x1A, 0x29, 0x05, 0x00, 0x02, 0x16, 0x00, 0x06, 0x17, 0x01, 0x14, 0x00, 0x10, 0x70, 0x00, 0x00, 0x68, 0x41, 0x00, 0x00, 0x98, 0x00, 
	0x00, 0x00, 0x1A, 0x29, 0x05, 0x00, 0x02, 0x16, 0x00, 0x06, 0x17, 0x01, 0x12, 0x00, 0x10, 0x70, 0x00, 0x00, 0x68, 0x41, 0x00, 0x00, 0x80, 0x00, 0x00, 0x00, 0x02, 0x1C, 0x04, 0x00, 
	0x02, 0x16, 0x00, 0x06, 0x1C, 0xF2, 0x15, 0x70, 0x02, 0x18, 0x03, 0x00, 0x01, 0x16, 0x00, 0x06, 0x18, 0xE2, 0x00, 0x00, 0x1A, 0x1C, 0x06, 0x00, 0x03, 0x16, 0x00, 0x06, 0x0A, 0x01, 
	0x43, 0x00, 0x03, 0x70, 0x02, 0x60, 0x68, 0x41, 0x00, 0x00, 0x00, 0x02, 0x00, 0x00, 0x02, 0x0E, 0x03, 0x00, 0x01, 0x16, 0x00, 0x06, 0x0E, 0x82, 0x00, 0x00, 0x02, 0x0A, 0x04, 0x00, 
	0x02, 0x16, 0x00, 0x06, 0x0A, 0xB2, 0x06, 0x70, 0x1A, 0x2E, 0x05, 0x00, 0x02, 0x16, 0x00, 0x06, 0x1C, 0x01, 0x12, 0x00, 0x15, 0x70, 0x00, 0x00, 0x68, 0x41, 0x00, 0x00, 0x88, 0x00, 
	0x00, 0x00, 0x1A, 0x2E, 0x05, 0x00, 0x02, 0x16, 0x00, 0x06, 0x1C, 0x01, 0x18, 0x00, 0x15, 0x70, 0x00, 0x00, 0x68, 0x41, 0x00, 0x00, 0xB0, 0x00, 0x00, 0x00, 0x02, 0x19, 0x04, 0x00, 
	0x02, 0x16, 0x00, 0x06, 0x19, 0x52, 0x15, 0x70, 0x1A, 0x2F, 0x06, 0x00, 0x03, 0x16, 0x00, 0x06, 0x1D, 0x01, 0x51, 0x00, 0x16, 0x70, 0x15, 0x60, 0x68, 0x41, 0x00, 0x00, 0x70, 0x02, 
	0x00, 0x00, 0x1A, 0x24, 0x05, 0x00, 0x02, 0x16, 0x00, 0x06, 0x12, 0x01, 0x34, 0x00, 0x0B, 0x70, 0x00, 0x00, 0x68, 0x41, 0x00, 0x00, 0x90, 0x01, 0x00, 0x00, 0x1A, 0x2E, 0x05, 0x00, 
	0x02, 0x16, 0x00, 0x06, 0x1C, 0x01, 0x5A, 0x00, 0x15, 0x70, 0x00, 0x00, 0x68, 0x41, 0x00, 0x00, 0xC0, 0x02, 0x00, 0x00, 0x02, 0x0A, 0x04, 0x00, 0x02, 0x16, 0x00, 0x06, 0x0A, 0x12, 
	0x06, 0x70, 0x02, 0x0F, 0x05, 0x00, 0x03, 0x16, 0x00, 0x06, 0x0F, 0xA2, 0x0B, 0x70, 0x0A, 0x60, 0x00, 0x00, 0x02, 0x19, 0x04, 0x00, 0x02, 0x16, 0x00, 0x06, 0x19, 0x92, 0x15, 0x70, 
	0x02, 0x04, 0x03, 0x00, 0x01, 0x16, 0x00, 0x06, 0x04, 0x22, 0x00, 0x00, 0x02, 0x0D, 0x03, 0x00, 0x01, 0x16, 0x00, 0x06, 0x0D, 0x62, 0x00, 0x00, 0x02, 0x0A, 0x06, 0x00, 0x06, 0x16, 
	0x00, 0x06, 0x0A, 0x34, 0x06, 0x00, 0x0A, 0x32, 0x06, 0x70, 0x00, 0x00, 0x00, 0x00, 0x01, 0x00, 0x00, 0x00, 0x02, 0x04, 0x01, 0x00, 0x04, 0x62, 0x00, 0x00, 0x02, 0x02, 0x03, 0x00, 
	0x06, 0x16, 0x00, 0x06, 0x02, 0x30, 0x00, 0x00, 0x02, 0x04, 0x03, 0x00, 0x01, 0x16, 0x00, 0x06, 0x04, 0x42, 0x00, 0x00, 0x00, 0x00, 0x00, 0x00, 0x01, 0x00, 0x00, 0x00, 0x00, 0x00, 
	0x00, 0x00, 0x00, 0x00, 0x00, 0x00, 0x00, 0x00, 0x00, 0x00, 0x00, 0x00, 0x00, 0x00, 0x00, 0x00, 0x00, 0x00, 0x00, 0x00, 0x00, 0x00, 0x00, 0x00, 0x00, 0x00, 0x00, 0x00, 0x00, 0x00, 
	0x00, 0x00, 0x00, 0x00, 0x00, 0x00, 0x00, 0x00, 0x00, 0x00, 0x00, 0x00, 0x00, 0x00, 0x00, 0x00, 0x00, 0x00, 0x00, 0x00, 0x00, 0x00, 0x00, 0x00, 0x00, 0x00, 0x00, 0x00, 0x00, 0x00, 
	0x00, 0x00, 0x00, 0x00, 0x00, 0x00, 0x00, 0x00, 0x00, 0x00, 0x00, 0x00, 0x00, 0x00, 0x00, 0x00, 0x00, 0x00, 0x00, 0x00, 0x00, 0x00, 0x00, 0x00, 0x00, 0x00, 0x00, 0x00, 0x00, 0x00, 
	0x00, 0x00, 0x00, 0x00, 0x00, 0x00, 0x00, 0x00, 0x00, 0x00, 0x00, 0x00, 0x00, 0x00, 0x00, 0x00, 0x00, 0x00, 0x00, 0x00, 0x00, 0x00, 0x00, 0x00, 0x00, 0x00, 0x00, 0x00, 0x00, 0x00, 
	0x00, 0x00, 0x00, 0x00, 0x00, 0x00, 0x00, 0x00, 0x00, 0x00, 0x00, 0x00, 0x00, 0x00, 0x00, 0x00, 0x00, 0x00, 0x00, 0x00, 0x00, 0x00, 0x00, 0x00, 0x00, 0x00, 0x00, 0x00, 0x00, 0x00, 
	0x00, 0x00, 0x00, 0x00, 0x00, 0x00, 0x00, 0x00, 0x00, 0x00, 0x00, 0x00, 0x00, 0x00, 0x00, 0x00, 0x00, 0x00, 0x00, 0x00, 0x00, 0x00, 0x00, 0x00, 0x00, 0x00, 0x00, 0x00, 0x00, 0x00, 
	0x00, 0x00, 0x00, 0x00, 0x00, 0x00, 0x00, 0x00, 0x00, 0x00, 0x00, 0x00, 0x00, 0x00, 0x00, 0x00, 0x00, 0x00, 0x00, 0x00, 0x00, 0x00, 0x00, 0x00, 0x00, 0x00, 0x00, 0x00, 0x00, 0x00, 
	0x00, 0x00, 0x00, 0x00, 0x00, 0x00, 0x00, 0x00, 0x00, 0x00, 0x00, 0x00, 0x00, 0x00, 0x00, 0x00, 0x00, 0x00, 0x00, 0x00, 0x00, 0x00, 0x00, 0x00, 0x00, 0x00, 0x00, 0x00, 0x00, 0x00, 
	0x00, 0x00, 0x00, 0x00, 0x00, 0x00, 0x00, 0x00, 0x00, 0x00, 0x00, 0x00, 0x00, 0x00, 0x00, 0x00, 0x00, 0x00, 0x00, 0x00, 0x00, 0x00, 0x00, 0x00, 0x00, 0x00, 0x00, 0x00, 0x00, 0x00, 
	0x00, 0x00, 0x00, 0x00, 0x00, 0x00, 0x00, 0x00, 0x00, 0x00, 0x00, 0x00, 0x00, 0x00, 0x00, 0x00, 0x00, 0x00, 0x00, 0x00, 0x00, 0x00, 0x00, 0x00, 0x00, 0x00, 0x00, 0x00, 0x00, 0x00, 
	0x00, 0x00, 0x00, 0x00, 0x00, 0x00, 0x00, 0x00, 0x00, 0x00, 0x00, 0x00, 0x00, 0x00, 0x00, 0x00, 0x00, 0x00, 0x00, 0x00, 0x00, 0x00, 0x00, 0x00, 0x00, 0x00, 0x00, 0x00, 0x00, 0x00, 
	0x00, 0x00, 0x00, 0x00, 0x00, 0x00, 0x00, 0x00, 0x00, 0x00, 0x00, 0x00, 0x00, 0x00, 0x00, 0x00, 0x00, 0x00, 0x00, 0x00, 0x00, 0x00, 0x00, 0x00, 0x00, 0x00, 0x00, 0x00, 0x00, 0x00, 
	0x00, 0x00, 0x00, 0x00, 0x00, 0x00, 0x00, 0x00, 0x00, 0x00, 0x00, 0x00, 0x00, 0x00, 0x00, 0x00, 0x00, 0x00, 0x00, 0x00, 0x00, 0x00, 0x00, 0x00, 0x00, 0x00, 0x00, 0x00, 0x00, 0x00, 
	0x00, 0x00, 0x00, 0x00, 0x00, 0x00, 0x00, 0x00, 0x00, 0x00, 0x00, 0x00, 0x00, 0x00, 0x00, 0x00, 0x00, 0x00, 0x00, 0x00, 0x00, 0x00, 0x00, 0x00, 0x00, 0x00, 0x00, 0x00, 0x00, 0x00, 
	0x00, 0x00, 0x00, 0x00, 0x00, 0x00, 0x00, 0x00, 0x00, 0x00, 0x00, 0x00, 0x00, 0x00, 0x00, 0x00, 0x00, 0x00, 0x00, 0x00, 0x00, 0x00, 0x32, 0xA2, 0xDF, 0x2D, 0x99, 0x2B, 0x00, 0x00, 
	0xCD, 0x5D, 0x20, 0xD2, 0x66, 0xD4, 0xFF, 0xFF, 0x00, 0x00, 0x00, 0x00, 0x00, 0x00, 0x00, 0x00, 0x00, 0x00, 0x00, 0x00, 0x00, 0x00, 0x00, 0x00, 0x00, 0x00, 0x00, 0x00, 0x00, 0x00, 
	0x00, 0x00, 0x00, 0x00, 0x00, 0x00, 0x00, 0x00, 0x00, 0x00, 0x00, 0x00, 0x00, 0x00, 0x00, 0x00, 0x00, 0x00, 0x00, 0x00, 0x00, 0x00, 0x00, 0x00, 0x00, 0x00, 0x00, 0x00, 0x00, 0x00, 
	0x00, 0x00, 0x00, 0x00, 0x00, 0x00, 0x00, 0x00, 0x00, 0x00, 0x00, 0x00, 0x00, 0x00, 0x00, 0x00, 0x00, 0x00, 0x00, 0x00, 0x00, 0x00, 0x00, 0x00, 0x00, 0x00, 0x00, 0x00, 0x00, 0x00, 
	0x00, 0x00, 0x00, 0x00, 0x00, 0x00, 0x00, 0x00, 0x00, 0x00, 0x00, 0x00, 0x00, 0x00, 0x00, 0x00, 0x00, 0x00, 0x00, 0x00, 0x00, 0x00, 0x00, 0x00, 0x00, 0x00, 0x00, 0x00, 0x00, 0x00, 
	0x00, 0x00, 0x00, 0x00, 0x00, 0x00, 0x00, 0x00, 0x00, 0x00, 0x00, 0x00, 0x00, 0x00, 0x00, 0x00, 0x00, 0x00, 0x00, 0x00, 0x00, 0x00, 0x00, 0x00, 0x00, 0x00, 0x00, 0x00, 0x00, 0x00, 
	0x00, 0x00, 0x00, 0x00, 0x00, 0x00, 0x00, 0x00, 0x00, 0x00, 0x00, 0x00, 0x00, 0x00, 0x00, 0x00, 0x00, 0x00, 0x00, 0x00, 0x00, 0x00, 0x00, 0x00, 0x00, 0x00, 0x00, 0x00, 0x00, 0x00, 
	0x00, 0x00, 0x00, 0x00, 0x00, 0x00, 0x00, 0x00, 0x00, 0x00, 0x00, 0x00, 0x00, 0x00, 0x00, 0x00, 0x00, 0x00, 0x00, 0x00, 0x00, 0x00, 0x00, 0x00, 0x00, 0x00, 0x00, 0x00, 0x00, 0x00, 
	0x00, 0x00, 0x00, 0x00, 0x00, 0x00, 0x00, 0x00, 0x00, 0x00, 0x00, 0x00, 0x00, 0x00, 0x00, 0x00, 0x00, 0x00, 0x00, 0x00, 0x00, 0x00, 0x00, 0x00, 0x00, 0x00, 0x00, 0x00, 0x00, 0x00, 
	0x00, 0x00, 0x00, 0x00, 0x00, 0x00, 0x00, 0x00, 0x00, 0x00, 0x00, 0x00, 0x00, 0x00, 0x00, 0x00, 0x00, 0x00, 0x00, 0x00, 0x00, 0x00, 0x00, 0x00, 0x00, 0x00, 0x00, 0x00, 0x00, 0x00, 
	0x00, 0x00, 0x00, 0x00, 0x00, 0x00, 0x00, 0x00, 0x00, 0x00, 0x00, 0x00, 0x00, 0x00, 0x00, 0x00, 0x00, 0x00, 0x00, 0x00, 0x00, 0x00, 0x00, 0x00, 0x00, 0x00, 0x00, 0x00, 0x00, 0x00, 
	0x00, 0x00, 0x00, 0x00, 0x00, 0x00, 0x00, 0x00, 0x00, 0x00, 0x00, 0x00, 0x00, 0x00, 0x00, 0x00, 0x00, 0x00, 0x00, 0x00, 0x00, 0x00, 0x00, 0x00, 0x00, 0x00, 0x00, 0x00, 0x00, 0x00, 
	0x00, 0x00, 0x00, 0x00, 0x00, 0x00, 0x00, 0x00, 0x00, 0x00, 0x00, 0x00, 0x00, 0x00, 0x00, 0x00, 0x00, 0x00, 0x00, 0x00, 0x00, 0x00, 0x00, 0x00, 0x00, 0x00, 0x00, 0x00, 0x00, 0x00, 
	0x00, 0x00, 0x00, 0x00, 0x00, 0x00, 0x00, 0x00, 0x00, 0x00, 0x00, 0x00, 0x00, 0x00, 0x00, 0x00, 0x00, 0x00, 0x00, 0x00, 0x00, 0x00, 0x00, 0x00, 0x00, 0x00, 0x00, 0x00, 0x00, 0x00, 
	0x00, 0x00, 0x00, 0x00, 0x00, 0x00, 0x00, 0x00, 0x00, 0x00, 0x00, 0x00, 0x00, 0x00, 0x00, 0x00, 0x00, 0x00, 0x00, 0x00, 0x00, 0x00, 0x00, 0x00, 0x00, 0x00, 0x00, 0x00, 0x00, 0x00, 
	0x00, 0x00, 0x00, 0x00, 0x00, 0x00, 0x00, 0x00, 0x00, 0x00, 0x00, 0x00, 0x00, 0x00, 0x00, 0x00, 0x00, 0x00, 0x00, 0x00, 0x00, 0x00, 0x00, 0x00, 0x00, 0x00, 0x00, 0x00, 0x00, 0x00, 
	0x00, 0x00, 0x00, 0x00, 0x00, 0x00, 0x00, 0x00, 0x00, 0x00, 0x00, 0x00, 0x00, 0x00, 0x00, 0x00, 0x00, 0x00, 0x00, 0x00, 0x00, 0x00, 0x00, 0x00, 0x00, 0x00, 0x00, 0x00, 0x00, 0x00, 
	0x00, 0x00, 0x00, 0x00, 0x00, 0x00, 0x00, 0x00, 0x00, 0x00, 0x00, 0x00, 0x00, 0x00, 0x00, 0x00, 0x00, 0x00, 0x00, 0x00, 0x00, 0x00, 0x00, 0x00, 0x00, 0x10, 0x00, 0x00, 0x8C, 0x10, 
	0x00, 0x00, 0x18, 0x54, 0x00, 0x00, 0x90, 0x10, 0x00, 0x00, 0x21, 0x11, 0x00, 0x00, 0x3C, 0x54, 0x00, 0x00, 0x30, 0x11, 0x00, 0x00, 0xD6, 0x11, 0x00, 0x00, 0x30, 0x54, 0x00, 0x00, 
	0xE0, 0x11, 0x00, 0x00, 0x67, 0x12, 0x00, 0x00, 0x54, 0x54, 0x00, 0x00, 0x70, 0x12, 0x00, 0x00, 0xA9, 0x13, 0x00, 0x00, 0x48, 0x54, 0x00, 0x00, 0xB0, 0x13, 0x00, 0x00, 0x37, 0x14, 
	0x00, 0x00, 0x54, 0x54, 0x00, 0x00, 0x40, 0x14, 0x00, 0x00, 0x50, 0x16, 0x00, 0x00, 0x60, 0x54, 0x00, 0x00, 0x50, 0x16, 0x00, 0x00, 0x76, 0x16, 0x00, 0x00, 0xA4, 0x54, 0x00, 0x00, 
	0x80, 0x16, 0x00, 0x00, 0x42, 0x18, 0x00, 0x00, 0xB0, 0x54, 0x00, 0x00, 0x90, 0x18, 0x00, 0x00, 0x12, 0x1A, 0x00, 0x00, 0x84, 0x54, 0x00, 0x00, 0x20, 0x1A, 0x00, 0x00, 0x27, 0x1B, 
	0x00, 0x00, 0x90, 0x54, 0x00, 0x00, 0x30, 0x1B, 0x00, 0x00, 0x92, 0x1B, 0x00, 0x00, 0xA4, 0x54, 0x00, 0x00, 0xA0, 0x1B, 0x00, 0x00, 0x05, 0x1C, 0x00, 0x00, 0xA4, 0x54, 0x00, 0x00, 
	0x10, 0x1C, 0x00, 0x00, 0xF0, 0x24, 0x00, 0x00, 0x6C, 0x54, 0x00, 0x00, 0xF0, 0x24, 0x00, 0x00, 0x9C, 0x26, 0x00, 0x00, 0xC8, 0x54, 0x00, 0x00, 0xA0, 0x26, 0x00, 0x00, 0xE8, 0x27, 
	0x00, 0x00, 0x04, 0x55, 0x00, 0x00, 0xF0, 0x27, 0x00, 0x00, 0x72, 0x29, 0x00, 0x00, 0xF8, 0x54, 0x00, 0x00, 0x80, 0x29, 0x00, 0x00, 0x4B, 0x2B, 0x00, 0x00, 0xE0, 0x54, 0x00, 0x00, 
	0x60, 0x2B, 0x00, 0x00, 0xF9, 0x2B, 0x00, 0x00, 0x34, 0x55, 0x00, 0x00, 0x00, 0x2C, 0x00, 0x00, 0x0A, 0x30, 0x00, 0x00, 0x10, 0x55, 0x00, 0x00, 0x10, 0x30, 0x00, 0x00, 0xCB, 0x30, 
	0x00, 0x00, 0x28, 0x55, 0x00, 0x00, 0xF0, 0x30, 0x00, 0x00, 0x69, 0x32, 0x00, 0x00, 0x40, 0x55, 0x00, 0x00, 0x70, 0x32, 0x00, 0x00, 0x63, 0x35, 0x00, 0x00, 0x58, 0x55, 0x00, 0x00, 
	0x70, 0x35, 0x00, 0x00, 0x30, 0x36, 0x00, 0x00, 0xD0, 0x55, 0x00, 0x00, 0x30, 0x36, 0x00, 0x00, 0x6A, 0x38, 0x00, 0x00, 0x94, 0x55, 0x00, 0x00, 0x70, 0x38, 0x00, 0x00, 0xA4, 0x39, 
	0x00, 0x00, 0xC4, 0x55, 0x00, 0x00, 0xB0, 0x39, 0x00, 0x00, 0xCF, 0x3B, 0x00, 0x00, 0x7C, 0x55, 0x00, 0x00, 0xD0, 0x3B, 0x00, 0x00, 0xD3, 0x3C, 0x00, 0x00, 0x70, 0x55, 0x00, 0x00, 
	0xE0, 0x3C, 0x00, 0x00, 0x47, 0x3F, 0x00, 0x00, 0xAC, 0x55, 0x00, 0x00, 0x50, 0x3F, 0x00, 0x00, 0x82, 0x3F, 0x00, 0x00, 0xF8, 0x55, 0x00, 0x00, 0x90, 0x3F, 0x00, 0x00, 0xC6, 0x40, 
	0x00, 0x00, 0xE0, 0x55, 0x00, 0x00, 0xD0, 0x40, 0x00, 0x00, 0xF1, 0x40, 0x00, 0x00, 0xEC, 0x55, 0x00, 0x00, 0x20, 0x41, 0x00, 0x00, 0x3E, 0x41, 0x00, 0x00, 0x18, 0x56, 0x00, 0x00, 
	0x40, 0x41, 0x00, 0x00, 0x67, 0x41, 0x00, 0x00, 0x1C, 0x56, 0x00, 0x00, 0x68, 0x41, 0x00, 0x00, 0x85, 0x41, 0x00, 0x00, 0x30, 0x56, 0x00, 0x00, 0x88, 0x41, 0x00, 0x00, 0xE4, 0x41, 
	0x00, 0x00, 0x24, 0x56, 0x00, 0x00, 0x30, 0x42, 0x00, 0x00, 0x32, 0x42, 0x00, 0x00, 0x40, 0x56, 0x00, 0x00, 0x00, 0x90, 0x00, 0x00, 0x2A, 0x90, 0x00, 0x00, 0x04, 0x56, 0x00, 0x00, 
	0x00, 0x00, 0x00, 0x00, 0x00, 0x00, 0x00, 0x00, 0x00, 0x00, 0x00, 0x00, 0x00, 0x00, 0x00, 0x00, 0x00, 0x00, 0x00, 0x00, 0x00, 0x00, 0x00, 0x00, 0x00, 0x00, 0x00, 0x00, 0x00, 0x00, 
	0x00, 0x00, 0x00, 0x00, 0x00, 0x00, 0x00, 0x00, 0x00, 0x00, 0x00, 0x00, 0x00, 0x00, 0x00, 0x00, 0x00, 0x00, 0x00, 0x00, 0x00, 0x00, 0x00, 0x00, 0x00, 0x00, 0x0B, 0x00, 0x00, 0x00, 
	0x00, 0x00, 0x00, 0x00, 0x00, 0x00, 0x00, 0x00, 0x00, 0x00, 0x00, 0x00, 0x00, 0x00, 0x00, 0x00, 0x00, 0x00, 0x00, 0x00, 0x00, 0x00, 0x00, 0x00, 0x00, 0x00, 0x00, 0x00, 0x00, 0x00, 
	0x00, 0x00, 0x00, 0x00, 0x00, 0x00, 0x00, 0x00, 0x00, 0x00, 0x00, 0x00, 0x00, 0x00, 0x00, 0x00, 0x00, 0x00, 0x00, 0x00, 0x00, 0x00, 0x00, 0x00, 0x00, 0x00, 0x00, 0x00, 0x00, 0x00, 
	0x00, 0x00, 0x00, 0x00, 0x00, 0x00, 0x00, 0x00, 0x00, 0x00, 0x00, 0x00, 0x00, 0x00, 0x00, 0x00, 0x00, 0x00, 0x00, 0x00, 0x00, 0x00, 0x00, 0x00, 0x00, 0x00, 0x00, 0x00, 0x00, 0x00, 
	0x00, 0x00, 0x00, 0x00, 0x00, 0x00, 0x00, 0x00, 0x00, 0x00, 0x00, 0x00, 0x00, 0x00, 0x00, 0x00, 0x00, 0x00, 0x00, 0x00, 0x00, 0x00, 0x00, 0x00, 0x00, 0x00, 0x00, 0x00, 0x00, 0x00, 
	0x00, 0x00, 0x00, 0x00, 0x00, 0x00, 0x00, 0x00, 0x00, 0x00, 0x00, 0x00, 0x00, 0x00, 0x00, 0x00, 0x00, 0x00, 0x00, 0x00, 0x00, 0x00, 0x00, 0x00, 0x00, 0x00, 0x00, 0x00, 0x00, 0x00, 
	0x00, 0x00, 0x00, 0x00, 0x00, 0x00, 0x00, 0x00, 0x00, 0x00, 0x00, 0x00, 0x00, 0x00, 0x00, 0x00, 0x00, 0x00, 0x00, 0x00, 0x00, 0x00, 0x00, 0x00, 0x00, 0x00, 0x00, 0x00, 0x00, 0x00, 
	0x00, 0x00, 0x00, 0x00, 0x00, 0x00, 0x00, 0x00, 0x00, 0x00, 0x00, 0x00, 0x00, 0x00, 0x00, 0x00, 0x00, 0x00, 0x00, 0x00, 0x00, 0x00, 0x00, 0x00, 0x00, 0x00, 0x00, 0x00, 0x00, 0x00, 
	0x00, 0x00, 0x00, 0x00, 0x00, 0x00, 0x00, 0x00, 0x00, 0x00, 0x00, 0x00, 0x00, 0x00, 0x00, 0x00, 0x00, 0x00, 0x00, 0x00, 0x00, 0x00, 0x00, 0x00, 0x00, 0x00, 0x00, 0x00, 0x00, 0x00, 
	0x00, 0x00, 0x00, 0x00, 0x00, 0x00, 0x00, 0x00, 0x00, 0x00, 0x00, 0x00, 0x00, 0x00, 0x00, 0x00, 0x00, 0x00, 0x00, 0x00, 0x00, 0x00, 0x00, 0x00, 0x00, 0x00, 0x00, 0x00, 0x00, 0x00, 
	0x00, 0x00, 0x00, 0x00, 0x00, 0x00, 0x00, 0x00, 0x00, 0x00, 0x00, 0x00, 0x00, 0x00, 0x00, 0x00, 0x00, 0x00, 0x00, 0x00, 0x00, 0x00, 0x00, 0x00, 0x00, 0x00, 0x00, 0x00, 0x00, 0x00, 
	0x00, 0x00, 0x00, 0x00, 0x00, 0x00, 0x00, 0x00, 0x00, 0x00, 0x00, 0x00, 0x00, 0x00, 0x00, 0x00, 0x00, 0x00, 0x00, 0x00, 0x00, 0x00, 0x00, 0x00, 0x00, 0x00, 0x00, 0x00, 0x00, 0x00, 
	0x00, 0x00, 0x00, 0x00, 0x00, 0x00, 0x00, 0x00, 0x00, 0x00, 0x00, 0x00, 0x00, 0x00, 0x00, 0x00, 0x00, 0x00, 0x00, 0x00, 0x00, 0x00, 0x00, 0x00, 0x00, 0x00, 0x00, 0x00, 0x00, 0x00, 
	0x00, 0x00, 0x00, 0x00, 0x00, 0x00, 0x00, 0x00, 0x00, 0x00, 0x00, 0x00, 0x00, 0x00, 0x00, 0x00, 0x00, 0x00, 0x00, 0x00, 0x00, 0x00, 0x00, 0x00, 0x00, 0x00, 0x00, 0x00, 0x00, 0x00, 
	0x00, 0x00, 0x00, 0x00, 0x00, 0x00, 0x00, 0x00, 0x00, 0x00, 0x00, 0x00, 0x00, 0x00, 0x00, 0x00, 0x00, 0x00, 0x00, 0x00, 0x00, 0x00, 0x00, 0x00, 0x00, 0x00, 0x00, 0x00, 0x00, 0x00, 
	0x00, 0x00, 0x00, 0x00, 0x00, 0x00, 0x00, 0x00, 0x00, 0x00, 0x00, 0x00, 0x00, 0x00, 0x00, 0x00, 0x00, 0x00, 0x00, 0x00, 0x00, 0x00, 0x00, 0x00, 0x00, 0x00, 0x00, 0x00, 0x00, 0x00, 
	0x00, 0x00, 0x00, 0x00, 0x00, 0x00, 0x00, 0x00, 0x00, 0x00, 0x00, 0x00, 0x00, 0x00, 0x00, 0x00, 0x00, 0x00, 0x00, 0x00, 0x00, 0x00, 0x00, 0x00, 0x00, 0x00, 0x00, 0x00, 0x00, 0x00, 
	0x00, 0x00, 0x00, 0x00, 0x00, 0x00, 0x00, 0x00, 0x00, 0x00, 0x00, 0x00, 0x00, 0x00, 0x00, 0x00, 0x00, 0x00, 0x00, 0x00, 0x00, 0x00, 0x00, 0x00, 0x00, 0x00, 0x00, 0x00, 0x48, 0x89, 
	0x5C, 0x24, 0x08, 0x57, 0x48, 0x83, 0xEC, 0x20, 0x48, 0x8B, 0xDA, 0x48, 0x8B, 0xF9, 0xE8, 0x17, 0x00, 0x00, 0x00, 0x48, 0x8B, 0xD3, 0x48, 0x8B, 0xCF, 0x48, 0x8B, 0x5C, 0x24, 0x30, 
	0x48, 0x83, 0xC4, 0x20, 0x5F, 0xE9, 0x26, 0x86, 0xFF, 0xFF, 0xCC, 0xCC, 0x48, 0x8B, 0x05, 0xCD, 0xCF, 0xFF, 0xFF, 0x45, 0x33, 0xC9, 0x49, 0xB8, 0x32, 0xA2, 0xDF, 0x2D, 0x99, 0x2B, 
	0x00, 0x00, 0x48, 0x85, 0xC0, 0x74, 0x05, 0x49, 0x3B, 0xC0, 0x75, 0x38, 0x0F, 0x31, 0x48, 0xC1, 0xE2, 0x20, 0x48, 0x8D, 0x0D, 0xA9, 0xCF, 0xFF, 0xFF, 0x48, 0x0B, 0xC2, 0x48, 0x33, 
	0xC1, 0x48, 0x89, 0x05, 0x9C, 0xCF, 0xFF, 0xFF, 0x66, 0x44, 0x89, 0x0D, 0x9A, 0xCF, 0xFF, 0xFF, 0x48, 0x8B, 0x05, 0x8D, 0xCF, 0xFF, 0xFF, 0x48, 0x85, 0xC0, 0x75, 0x0A, 0x49, 0x8B, 
	0xC0, 0x48, 0x89, 0x05, 0x7E, 0xCF, 0xFF, 0xFF, 0x48, 0xF7, 0xD0, 0x48, 0x89, 0x05, 0x7C, 0xCF, 0xFF, 0xFF, 0xC3, 0xCC, 0xCC, 0xCC, 0xB8, 0x90, 0x00, 0x00, 0x00, 0x00, 0x00, 0x00, 
	0x00, 0x00, 0x00, 0x00, 0xDE, 0x95, 0x00, 0x00, 0x00, 0x50, 0x00, 0x00, 0x00, 0x00, 0x00, 0x00, 0x00, 0x00, 0x00, 0x00, 0x00, 0x00, 0x00, 0x00, 0x00, 0x00, 0x00, 0x00, 0x00, 0x00, 
	0x00, 0x00, 0x28, 0x92, 0x00, 0x00, 0x00, 0x00, 0x00, 0x00, 0x38, 0x92, 0x00, 0x00, 0x00, 0x00, 0x00, 0x00, 0x46, 0x92, 0x00, 0x00, 0x00, 0x00, 0x00, 0x00, 0x5A, 0x92, 0x00, 0x00, 
	0x00, 0x00, 0x00, 0x00, 0x72, 0x92, 0x00, 0x00, 0x00, 0x00, 0x00, 0x00, 0x8E, 0x92, 0x00, 0x00, 0x00, 0x00, 0x00, 0x00, 0xA0, 0x92, 0x00, 0x00, 0x00, 0x00, 0x00, 0x00, 0xB4, 0x92, 
	0x00, 0x00, 0x00, 0x00, 0x00, 0x00, 0xC6, 0x92, 0x00, 0x00, 0x00, 0x00, 0x00, 0x00, 0xDC, 0x92, 0x00, 0x00, 0x00, 0x00, 0x00, 0x00, 0xF8, 0x92, 0x00, 0x00, 0x00, 0x00, 0x00, 0x00, 
	0x10, 0x93, 0x00, 0x00, 0x00, 0x00, 0x00, 0x00, 0x2A, 0x93, 0x00, 0x00, 0x00, 0x00, 0x00, 0x00, 0x34, 0x93, 0x00, 0x00, 0x00, 0x00, 0x00, 0x00, 0x4C, 0x93, 0x00, 0x00, 0x00, 0x00, 
	0x00, 0x00, 0x66, 0x93, 0x00, 0x00, 0x00, 0x00, 0x00, 0x00, 0x84, 0x93, 0x00, 0x00, 0x00, 0x00, 0x00, 0x00, 0x9E, 0x93, 0x00, 0x00, 0x00, 0x00, 0x00, 0x00, 0xB4, 0x93, 0x00, 0x00, 
	0x00, 0x00, 0x00, 0x00, 0xD0, 0x93, 0x00, 0x00, 0x00, 0x00, 0x00, 0x00, 0xE2, 0x93, 0x00, 0x00, 0x00, 0x00, 0x00, 0x00, 0xF8, 0x93, 0x00, 0x00, 0x00, 0x00, 0x00, 0x00, 0x08, 0x94, 
	0x00, 0x00, 0x00, 0x00, 0x00, 0x00, 0x12, 0x94, 0x00, 0x00, 0x00, 0x00, 0x00, 0x00, 0x26, 0x94, 0x00, 0x00, 0x00, 0x00, 0x00, 0x00, 0x46, 0x94, 0x00, 0x00, 0x00, 0x00, 0x00, 0x00, 
	0x60, 0x94, 0x00, 0x00, 0x00, 0x00, 0x00, 0x00, 0x78, 0x94, 0x00, 0x00, 0x00, 0x00, 0x00, 0x00, 0x90, 0x94, 0x00, 0x00, 0x00, 0x00, 0x00, 0x00, 0xA2, 0x94, 0x00, 0x00, 0x00, 0x00, 
	0x00, 0x00, 0xB2, 0x94, 0x00, 0x00, 0x00, 0x00, 0x00, 0x00, 0xC8, 0x94, 0x00, 0x00, 0x00, 0x00, 0x00, 0x00, 0xDE, 0x94, 0x00, 0x00, 0x00, 0x00, 0x00, 0x00, 0xF6, 0x94, 0x00, 0x00, 
	0x00, 0x00, 0x00, 0x00, 0x0E, 0x95, 0x00, 0x00, 0x00, 0x00, 0x00, 0x00, 0x20, 0x95, 0x00, 0x00, 0x00, 0x00, 0x00, 0x00, 0x3A, 0x95, 0x00, 0x00, 0x00, 0x00, 0x00, 0x00, 0x4A, 0x95, 
	0x00, 0x00, 0x00, 0x00, 0x00, 0x00, 0x60, 0x95, 0x00, 0x00, 0x00, 0x00, 0x00, 0x00, 0x78, 0x95, 0x00, 0x00, 0x00, 0x00, 0x00, 0x00, 0x84, 0x95, 0x00, 0x00, 0x00, 0x00, 0x00, 0x00, 
	0x8E, 0x95, 0x00, 0x00, 0x00, 0x00, 0x00, 0x00, 0x98, 0x95, 0x00, 0x00, 0x00, 0x00, 0x00, 0x00, 0xB4, 0x95, 0x00, 0x00, 0x00, 0x00, 0x00, 0x00, 0xCE, 0x95, 0x00, 0x00, 0x00, 0x00, 
	0x00, 0x00, 0x00, 0x00, 0x00, 0x00, 0x00, 0x00, 0x00, 0x00, 0x89, 0x07, 0x52, 0x74, 0x6C, 0x47, 0x65, 0x74, 0x56, 0x65, 0x72, 0x73, 0x69, 0x6F, 0x6E, 0x00, 0x58, 0x00, 0x44, 0x62, 
	0x67, 0x50, 0x72, 0x69, 0x6E, 0x74, 0x45, 0x78, 0x00, 0x00, 0xE7, 0x04, 0x4D, 0x6D, 0x49, 0x73, 0x41, 0x64, 0x64, 0x72, 0x65, 0x73, 0x73, 0x56, 0x61, 0x6C, 0x69, 0x64, 0x00, 0x00, 
	0x98, 0x07, 0x52, 0x74, 0x6C, 0x49, 0x6E, 0x69, 0x74, 0x55, 0x6E, 0x69, 0x63, 0x6F, 0x64, 0x65, 0x53, 0x74, 0x72, 0x69, 0x6E, 0x67, 0x00, 0x00, 0xE3, 0x04, 0x4D, 0x6D, 0x47, 0x65, 
	0x74, 0x53, 0x79, 0x73, 0x74, 0x65, 0x6D, 0x52, 0x6F, 0x75, 0x74, 0x69, 0x6E, 0x65, 0x41, 0x64, 0x64, 0x72, 0x65, 0x73, 0x73, 0x00, 0x91, 0x00, 0x45, 0x78, 0x41, 0x6C, 0x6C, 0x6F, 
	0x63, 0x61, 0x74, 0x65, 0x50, 0x6F, 0x6F, 0x6C, 0x00, 0x00, 0xB8, 0x00, 0x45, 0x78, 0x46, 0x72, 0x65, 0x65, 0x50, 0x6F, 0x6F, 0x6C, 0x57, 0x69, 0x74, 0x68, 0x54, 0x61, 0x67, 0x00, 
	0xDF, 0x00, 0x45, 0x78, 0x51, 0x75, 0x65, 0x75, 0x65, 0x57, 0x6F, 0x72, 0x6B, 0x49, 0x74, 0x65, 0x6D, 0x00, 0xB1, 0x02, 0x49, 0x6F, 0x47, 0x65, 0x74, 0x43, 0x75, 0x72, 0x72, 0x65, 
	0x6E, 0x74, 0x50, 0x72, 0x6F, 0x63, 0x65, 0x73, 0x73, 0x00, 0xAF, 0x05, 0x4F, 0x62, 0x52, 0x65, 0x66, 0x65, 0x72, 0x65, 0x6E, 0x63, 0x65, 0x4F, 0x62, 0x6A, 0x65, 0x63, 0x74, 0x42, 
	0x79, 0x48, 0x61, 0x6E, 0x64, 0x6C, 0x65, 0x00, 0xBF, 0x05, 0x4F, 0x62, 0x66, 0x44, 0x65, 0x72, 0x65, 0x66, 0x65, 0x72, 0x65, 0x6E, 0x63, 0x65, 0x4F, 0x62, 0x6A, 0x65, 0x63, 0x74, 
	0x00, 0x00, 0x52, 0x06, 0x50, 0x73, 0x47, 0x65, 0x74, 0x50, 0x72, 0x6F, 0x63, 0x65, 0x73, 0x73, 0x45, 0x78, 0x69, 0x74, 0x53, 0x74, 0x61, 0x74, 0x75, 0x73, 0x00, 0x00, 0x33, 0x05, 
	0x4E, 0x74, 0x43, 0x6C, 0x6F, 0x73, 0x65, 0x00, 0x84, 0x04, 0x4B, 0x65, 0x53, 0x74, 0x61, 0x63, 0x6B, 0x41, 0x74, 0x74, 0x61, 0x63, 0x68, 0x50, 0x72, 0x6F, 0x63, 0x65, 0x73, 0x73, 
	0x00, 0x00, 0x92, 0x04, 0x4B, 0x65, 0x55, 0x6E, 0x73, 0x74, 0x61, 0x63, 0x6B, 0x44, 0x65, 0x74, 0x61, 0x63, 0x68, 0x50, 0x72, 0x6F, 0x63, 0x65, 0x73, 0x73, 0x00, 0x00, 0x8B, 0x06, 
	0x50, 0x73, 0x4C, 0x6F, 0x6F, 0x6B, 0x75, 0x70, 0x50, 0x72, 0x6F, 0x63, 0x65, 0x73, 0x73, 0x42, 0x79, 0x50, 0x72, 0x6F, 0x63, 0x65, 0x73, 0x73, 0x49, 0x64, 0x00, 0x00, 0x3A, 0x09, 
	0x5A, 0x77, 0x41, 0x6C, 0x6C, 0x6F, 0x63, 0x61, 0x74, 0x65, 0x56, 0x69, 0x72, 0x74, 0x75, 0x61, 0x6C, 0x4D, 0x65, 0x6D, 0x6F, 0x72, 0x79, 0x00, 0x85, 0x09, 0x5A, 0x77, 0x46, 0x72, 
	0x65, 0x65, 0x56, 0x69, 0x72, 0x74, 0x75, 0x61, 0x6C, 0x4D, 0x65, 0x6D, 0x6F, 0x72, 0x79, 0x00, 0x63, 0x06, 0x50, 0x73, 0x47, 0x65, 0x74, 0x50, 0x72, 0x6F, 0x63, 0x65, 0x73, 0x73, 
	0x57, 0x6F, 0x77, 0x36, 0x34, 0x50, 0x72, 0x6F, 0x63, 0x65, 0x73, 0x73, 0x00, 0x00, 0x71, 0x06, 0x50, 0x73, 0x47, 0x65, 0x74, 0x54, 0x68, 0x72, 0x65, 0x61, 0x64, 0x54, 0x65, 0x62, 
	0x00, 0x00, 0xD0, 0x04, 0x4D, 0x6D, 0x43, 0x6F, 0x70, 0x79, 0x56, 0x69, 0x72, 0x74, 0x75, 0x61, 0x6C, 0x4D, 0x65, 0x6D, 0x6F, 0x72, 0x79, 0x00, 0xC2, 0x06, 0x50, 0x73, 0x54, 0x68, 
	0x72, 0x65, 0x61, 0x64, 0x54, 0x79, 0x70, 0x65, 0x00, 0x00, 0x5A, 0x0A, 0x5F, 0x77, 0x63, 0x73, 0x75, 0x70, 0x72, 0x00, 0x91, 0x07, 0x52, 0x74, 0x6C, 0x49, 0x6E, 0x69, 0x74, 0x41, 
	0x6E, 0x73, 0x69, 0x53, 0x74, 0x72, 0x69, 0x6E, 0x67, 0x00, 0xDA, 0x06, 0x52, 0x74, 0x6C, 0x41, 0x6E, 0x73, 0x69, 0x53, 0x74, 0x72, 0x69, 0x6E, 0x67, 0x54, 0x6F, 0x55, 0x6E, 0x69, 
	0x63, 0x6F, 0x64, 0x65, 0x53, 0x74, 0x72, 0x69, 0x6E, 0x67, 0x00, 0x00, 0xFD, 0x06, 0x52, 0x74, 0x6C, 0x43, 0x6F, 0x6D, 0x70, 0x61, 0x72, 0x65, 0x55, 0x6E, 0x69, 0x63, 0x6F, 0x64, 
	0x65, 0x53, 0x74, 0x72, 0x69, 0x6E, 0x67, 0x00, 0x68, 0x07, 0x52, 0x74, 0x6C, 0x46, 0x72, 0x65, 0x65, 0x55, 0x6E, 0x69, 0x63, 0x6F, 0x64, 0x65, 0x53, 0x74, 0x72, 0x69, 0x6E, 0x67, 
	0x00, 0x00, 0xDD, 0x09, 0x5A, 0x77, 0x51, 0x75, 0x65, 0x72, 0x79, 0x56, 0x69, 0x72, 0x74, 0x75, 0x61, 0x6C, 0x4D, 0x65, 0x6D, 0x6F, 0x72, 0x79, 0x00, 0x00, 0x58, 0x06, 0x50, 0x73, 
	0x47, 0x65, 0x74, 0x50, 0x72, 0x6F, 0x63, 0x65, 0x73, 0x73, 0x50, 0x65, 0x62, 0x00, 0xF4, 0x04, 0x4D, 0x6D, 0x4D, 0x61, 0x70, 0x49, 0x6F, 0x53, 0x70, 0x61, 0x63, 0x65, 0x00, 0x00, 
	0xB7, 0x05, 0x4F, 0x62, 0x52, 0x65, 0x67, 0x69, 0x73, 0x74, 0x65, 0x72, 0x43, 0x61, 0x6C, 0x6C, 0x62, 0x61, 0x63, 0x6B, 0x73, 0x00, 0xA0, 0x05, 0x4F, 0x62, 0x47, 0x65, 0x74, 0x46, 
	0x69, 0x6C, 0x74, 0x65, 0x72, 0x56, 0x65, 0x72, 0x73, 0x69, 0x6F, 0x6E, 0x00, 0x00, 0xE0, 0x04, 0x4D, 0x6D, 0x47, 0x65, 0x74, 0x50, 0x68, 0x79, 0x73, 0x69, 0x63, 0x61, 0x6C, 0x41, 
	0x64, 0x64, 0x72, 0x65, 0x73, 0x73, 0x00, 0x00, 0x32, 0x06, 0x50, 0x73, 0x47, 0x65, 0x74, 0x43, 0x75, 0x72, 0x72, 0x65, 0x6E, 0x74, 0x50, 0x72, 0x6F, 0x63, 0x65, 0x73, 0x73, 0x49, 
	0x64, 0x00, 0x54, 0x06, 0x50, 0x73, 0x47, 0x65, 0x74, 0x50, 0x72, 0x6F, 0x63, 0x65, 0x73, 0x73, 0x49, 0x64, 0x00, 0x00, 0xB1, 0x05, 0x4F, 0x62, 0x52, 0x65, 0x66, 0x65, 0x72, 0x65, 
	0x6E, 0x63, 0x65, 0x4F, 0x62, 0x6A, 0x65, 0x63, 0x74, 0x42, 0x79, 0x4E, 0x61, 0x6D, 0x65, 0x00, 0x8F, 0x06, 0x50, 0x73, 0x50, 0x72, 0x6F, 0x63, 0x65, 0x73, 0x73, 0x54, 0x79, 0x70, 
	0x65, 0x00, 0x97, 0x02, 0x49, 0x6F, 0x44, 0x72, 0x69, 0x76, 0x65, 0x72, 0x4F, 0x62, 0x6A, 0x65, 0x63, 0x74, 0x54, 0x79, 0x70, 0x65, 0x00, 0x00, 0xE6, 0x04, 0x4D, 0x6D, 0x48, 0x69, 
	0x67, 0x68, 0x65, 0x73, 0x74, 0x55, 0x73, 0x65, 0x72, 0x41, 0x64, 0x64, 0x72, 0x65, 0x73, 0x73, 0x00, 0x00, 0x3E, 0x0A, 0x5F, 0x73, 0x74, 0x72, 0x69, 0x63, 0x6D, 0x70, 0x00, 0x00, 
	0x8E, 0x0A, 0x73, 0x74, 0x72, 0x73, 0x74, 0x72, 0x00, 0x00, 0x47, 0x0A, 0x5F, 0x73, 0x74, 0x72, 0x75, 0x70, 0x72, 0x00, 0xD9, 0x09, 0x5A, 0x77, 0x51, 0x75, 0x65, 0x72, 0x79, 0x53, 
	0x79, 0x73, 0x74, 0x65, 0x6D, 0x49, 0x6E, 0x66, 0x6F, 0x72, 0x6D, 0x61, 0x74, 0x69, 0x6F, 0x6E, 0x00, 0x00, 0xC2, 0x03, 0x4B, 0x65, 0x44, 0x65, 0x6C, 0x61, 0x79, 0x45, 0x78, 0x65, 
	0x63, 0x75, 0x74, 0x69, 0x6F, 0x6E, 0x54, 0x68, 0x72, 0x65, 0x61, 0x64, 0x00, 0x00, 0xB2, 0x03, 0x4B, 0x65, 0x42, 0x75, 0x67, 0x43, 0x68, 0x65, 0x63, 0x6B, 0x45, 0x78, 0x00, 0x00, 
	0x6E, 0x74, 0x6F, 0x73, 0x6B, 0x72, 0x6E, 0x6C, 0x2E, 0x65, 0x78, 0x65, 0x00, 0x00, 0x00, 0x00, 0x00, 0x00, 0x00, 0x00, 0x00, 0x00, 0x00, 0x00, 0x00, 0x00, 0x00, 0x00, 0x00, 0x00, 
	0x00, 0x00, 0x00, 0x00, 0x00, 0x50, 0x00, 0x00, 0x14, 0x00, 0x00, 0x00, 0x70, 0xA1, 0x78, 0xA1, 0x18, 0xA2, 0x30, 0xA2, 0x38, 0xA2, 0x00, 0x00, 0x00, 0x00, 0x00, 0x00, 0x00, 0x00, 
	0x00, 0x00, 0x00, 0x00, 0x00, 0x00, 0x00, 0x00, 0x00, 0x00, 0x00, 0x00, 0x00, 0x00, 0x00, 0x00, 0x00, 0x00, 0x00, 0x00, 0x00, 0x00, 0x00, 0x00, 0x00, 0x00, 0x00, 0x00, 0x00, 0x00, 
	0x00, 0x00, 0x00, 0x00, 0x00, 0x00, 0x00, 0x00, 0x00, 0x00, 0x00, 0x00, 0x00, 0x00, 0x00, 0x00, 0x00, 0x00, 0x00, 0x00, 0x00, 0x00, 0x00, 0x00, 0x00, 0x00, 0x00, 0x00, 0x00, 0x00, 
	0x00, 0x00, 0x00, 0x00, 0x00, 0x00, 0x00, 0x00, 0x00, 0x00, 0x00, 0x00, 0x00, 0x00, 0x00, 0x00, 0x00, 0x00, 0x00, 0x00, 0x00, 0x00, 0x00, 0x00, 0x00, 0x00, 0x00, 0x00, 0x00, 0x00, 
	0x00, 0x00, 0x00, 0x00, 0x00, 0x00, 0x00, 0x00, 0x00, 0x00, 0x00, 0x00, 0x00, 0x00, 0x00, 0x00, 0x00, 0x00, 0x00, 0x00, 0x00, 0x00, 0x00, 0x00, 0x00, 0x00, 0x00, 0x00, 0x00, 0x00, 
	0x00, 0x00, 0x00, 0x00, 0x00, 0x00, 0x00, 0x00, 0x00, 0x00, 0x00, 0x00, 0x00, 0x00, 0x00, 0x00, 0x00, 0x00, 0x00, 0x00, 0x00, 0x00, 0x00, 0x00, 0x00, 0x00, 0x00, 0x00, 0x00, 0x00, 
	0x00, 0x00, 0x00, 0x00, 0x00, 0x00, 0x00, 0x00, 0x00, 0x00, 0x00, 0x00, 0x00, 0x00, 0x00, 0x00, 0x00, 0x00, 0x00, 0x00, 0x00, 0x00, 0x00, 0x00, 0x00, 0x00, 0x00, 0x00, 0x00, 0x00, 
	0x00, 0x00, 0x00, 0x00, 0x00, 0x00, 0x00, 0x00, 0x00, 0x00, 0x00, 0x00, 0x00, 0x00, 0x00, 0x00, 0x00, 0x00, 0x00, 0x00, 0x00, 0x00, 0x00, 0x00, 0x00, 0x00, 0x00, 0x00, 0x00, 0x00, 
	0x00, 0x00, 0x00, 0x00, 0x00, 0x00, 0x00, 0x00, 0x00, 0x00, 0x00, 0x00, 0x00, 0x00, 0x00, 0x00, 0x00, 0x00, 0x00, 0x00, 0x00, 0x00, 0x00, 0x00, 0x00, 0x00, 0x00, 0x00, 0x00, 0x00, 
	0x00, 0x00, 0x00, 0x00, 0x00, 0x00, 0x00, 0x00, 0x00, 0x00, 0x00, 0x00, 0x00, 0x00, 0x00, 0x00, 0x00, 0x00, 0x00, 0x00, 0x00, 0x00, 0x00, 0x00, 0x00, 0x00, 0x00, 0x00, 0x00, 0x00, 
	0x00, 0x00, 0x00, 0x00, 0x00, 0x00, 0x00, 0x00, 0x00, 0x00, 0x00, 0x00, 0x00, 0x00, 0x00, 0x00, 0x00, 0x00, 0x00, 0x00, 0x00, 0x00, 0x00, 0x00, 0x00, 0x00, 0x00, 0x00, 0x00, 0x00, 
	0x00, 0x00, 0x00, 0x00, 0x00, 0x00, 0x00, 0x00, 0x00, 0x00, 0x00, 0x00, 0x00, 0x00, 0x00, 0x00, 0x00, 0x00, 0x00, 0x00, 0x00, 0x00, 0x00, 0x00, 0x00, 0x00, 0x00, 0x00, 0x00, 0x00, 
	0x00, 0x00, 0x00, 0x00, 0x00, 0x00, 0x00, 0x00, 0x00, 0x00, 0x00, 0x00, 0x00, 0x00, 0x00, 0x00, 0x00, 0x00, 0x00, 0x00, 0x00, 0x00, 0x00, 0x00, 0x00, 0x00, 0x00, 0x00, 0x00, 0x00, 
	0x00, 0x00, 0x00, 0x00, 0x00, 0x00, 0x00, 0x00, 0x00, 0x00, 0x00, 0x00, 0x00, 0x00, 0x00, 0x00, 0x00, 0x00, 0x00, 0x00, 0x00, 0x00, 0x00, 0x00, 0x00, 0x00, 0x00, 0x00, 0x00, 0x00, 
	0x00, 0x00, 0x00, 0x00, 0x00, 0x00, 0x00, 0x00, 0x00, 0x00, 0x00, 0x00, 0x00, 0x00, 0x00, 0x00, 0x00, 0x00, 0x00, 0x00, 0x00, 0x00, 0x00, 0x00, 0x00, 0x00, 0x00, 0x00, 0x00, 0x00, 
	0x00, 0x00, 0x00, 0x00, 0x00, 0x00, 0x00, 0x00, 0x00, 0x00, 0x00, 0x00, 0x00, 0x00, 0x00, 0x00, 0x00, 0x00, 0x00, 0x00, 0x00, 0x00, 0x00, 0x00, 0x00, 0x00, 0x00, 0x00, 0x00, 0x00, 
	0x00, 0x00, 0x00, 0x00, 0x00, 0x00, 0x00, 0x00, 0x00, 0x00, 0x00, 0x00, 0x00, 0x00, 0x00, 0x00, 0x00, 0x00, 0x00, 0x00, 0x00, 0x00, 0x00, 0x00, 0x00, 0x00, 0x00, 0x00, 0x00, 0x00, 
	0x00, 0x00, 0x00, 0x00, 0x00, 0x00, 0x38, 0x14, 0x00, 0x00, 0x00, 0x02, 0x02, 0x00, 0x30, 0x82, 0x14, 0x25, 0x06, 0x09, 0x2A, 0x86, 0x48, 0x86, 0xF7, 0x0D, 0x01, 0x07, 0x02, 0xA0, 
	0x82, 0x14, 0x16, 0x30, 0x82, 0x14, 0x12, 0x02, 0x01, 0x01, 0x31, 0x0B, 0x30, 0x09, 0x06, 0x05, 0x2B, 0x0E, 0x03, 0x02, 0x1A, 0x05, 0x00, 0x30, 0x68, 0x06, 0x0A, 0x2B, 0x06, 0x01, 
	0x04, 0x01, 0x82, 0x37, 0x02, 0x01, 0x04, 0xA0, 0x5A, 0x30, 0x58, 0x30, 0x33, 0x06, 0x0A, 0x2B, 0x06, 0x01, 0x04, 0x01, 0x82, 0x37, 0x02, 0x01, 0x0F, 0x30, 0x25, 0x03, 0x01, 0x00, 
	0xA0, 0x20, 0xA2, 0x1E, 0x80, 0x1C, 0x00, 0x3C, 0x00, 0x3C, 0x00, 0x3C, 0x00, 0x4F, 0x00, 0x62, 0x00, 0x73, 0x00, 0x6F, 0x00, 0x6C, 0x00, 0x65, 0x00, 0x74, 0x00, 0x65, 0x00, 0x3E, 
	0x00, 0x3E, 0x00, 0x3E, 0x30, 0x21, 0x30, 0x09, 0x06, 0x05, 0x2B, 0x0E, 0x03, 0x02, 0x1A, 0x05, 0x00, 0x04, 0x14, 0x97, 0x9A, 0xEF, 0xD0, 0x32, 0x83, 0xAC, 0xCE, 0x3F, 0xC2, 0x7E, 
	0x20, 0x9F, 0x1E, 0x8D, 0x5D, 0xA5, 0x76, 0x6B, 0xB0, 0xA0, 0x82, 0x11, 0x2D, 0x30, 0x82, 0x05, 0x7D, 0x30, 0x82, 0x04, 0x65, 0xA0, 0x03, 0x02, 0x01, 0x02, 0x02, 0x10, 0x77, 0x35, 
	0xA9, 0x05, 0xD3, 0xC9, 0x99, 0x56, 0x5C, 0xCC, 0x8B, 0xCD, 0x7F, 0x85, 0xD9, 0x20, 0x30, 0x0D, 0x06, 0x09, 0x2A, 0x86, 0x48, 0x86, 0xF7, 0x0D, 0x01, 0x01, 0x05, 0x05, 0x00, 0x30, 
	0x81, 0xB4, 0x31, 0x0B, 0x30, 0x09, 0x06, 0x03, 0x55, 0x04, 0x06, 0x13, 0x02, 0x55, 0x53, 0x31, 0x17, 0x30, 0x15, 0x06, 0x03, 0x55, 0x04, 0x0A, 0x13, 0x0E, 0x56, 0x65, 0x72, 0x69, 
	0x53, 0x69, 0x67, 0x6E, 0x2C, 0x20, 0x49, 0x6E, 0x63, 0x2E, 0x31, 0x1F, 0x30, 0x1D, 0x06, 0x03, 0x55, 0x04, 0x0B, 0x13, 0x16, 0x56, 0x65, 0x72, 0x69, 0x53, 0x69, 0x67, 0x6E, 0x20, 
	0x54, 0x72, 0x75, 0x73, 0x74, 0x20, 0x4E, 0x65, 0x74, 0x77, 0x6F, 0x72, 0x6B, 0x31, 0x3B, 0x30, 0x39, 0x06, 0x03, 0x55, 0x04, 0x0B, 0x13, 0x32, 0x54, 0x65, 0x72, 0x6D, 0x73, 0x20, 
	0x6F, 0x66, 0x20, 0x75, 0x73, 0x65, 0x20, 0x61, 0x74, 0x20, 0x68, 0x74, 0x74, 0x70, 0x73, 0x3A, 0x2F, 0x2F, 0x77, 0x77, 0x77, 0x2E, 0x76, 0x65, 0x72, 0x69, 0x73, 0x69, 0x67, 0x6E, 
	0x2E, 0x63, 0x6F, 0x6D, 0x2F, 0x72, 0x70, 0x61, 0x20, 0x28, 0x63, 0x29, 0x31, 0x30, 0x31, 0x2E, 0x30, 0x2C, 0x06, 0x03, 0x55, 0x04, 0x03, 0x13, 0x25, 0x56, 0x65, 0x72, 0x69, 0x53, 
	0x69, 0x67, 0x6E, 0x20, 0x43, 0x6C, 0x61, 0x73, 0x73, 0x20, 0x33, 0x20, 0x43, 0x6F, 0x64, 0x65, 0x20, 0x53, 0x69, 0x67, 0x6E, 0x69, 0x6E, 0x67, 0x20, 0x32, 0x30, 0x31, 0x30, 0x20, 
	0x43, 0x41, 0x30, 0x1E, 0x17, 0x0D, 0x31, 0x32, 0x31, 0x32, 0x30, 0x36, 0x30, 0x30, 0x30, 0x30, 0x30, 0x30, 0x5A, 0x17, 0x0D, 0x31, 0x33, 0x31, 0x32, 0x30, 0x36, 0x32, 0x33, 0x35, 
	0x39, 0x35, 0x39, 0x5A, 0x30, 0x81, 0xC0, 0x31, 0x0B, 0x30, 0x09, 0x06, 0x03, 0x55, 0x04, 0x06, 0x13, 0x02, 0x43, 0x4E, 0x31, 0x12, 0x30, 0x10, 0x06, 0x03, 0x55, 0x04, 0x08, 0x13, 
	0x09, 0x47, 0x75, 0x61, 0x6E, 0x67, 0x64, 0x6F, 0x6E, 0x67, 0x31, 0x11, 0x30, 0x0F, 0x06, 0x03, 0x55, 0x04, 0x07, 0x13, 0x08, 0x53, 0x68, 0x65, 0x6E, 0x7A, 0x68, 0x65, 0x6E, 0x31, 
	0x24, 0x30, 0x22, 0x06, 0x03, 0x55, 0x04, 0x0A, 0x14, 0x1B, 0x42, 0x6C, 0x75, 0x65, 0x6F, 0x6E, 0x65, 0x20, 0x54, 0x65, 0x63, 0x68, 0x6E, 0x6F, 0x6C, 0x6F, 0x67, 0x79, 0x20, 0x43, 
	0x6F, 0x2E, 0x2C, 0x20, 0x4C, 0x74, 0x64, 0x31, 0x3E, 0x30, 0x3C, 0x06, 0x03, 0x55, 0x04, 0x0B, 0x13, 0x35, 0x44, 0x69, 0x67, 0x69, 0x74, 0x61, 0x6C, 0x20, 0x49, 0x44, 0x20, 0x43, 
	0x6C, 0x61, 0x73, 0x73, 0x20, 0x33, 0x20, 0x2D, 0x20, 0x4D, 0x69, 0x63, 0x72, 0x6F, 0x73, 0x6F, 0x66, 0x74, 0x20, 0x53, 0x6F, 0x66, 0x74, 0x77, 0x61, 0x72, 0x65, 0x20, 0x56, 0x61, 
	0x6C, 0x69, 0x64, 0x61, 0x74, 0x69, 0x6F, 0x6E, 0x20, 0x76, 0x32, 0x31, 0x24, 0x30, 0x22, 0x06, 0x03, 0x55, 0x04, 0x03, 0x14, 0x1B, 0x42, 0x6C, 0x75, 0x65, 0x6F, 0x6E, 0x65, 0x20, 
	0x54, 0x65, 0x63, 0x68, 0x6E, 0x6F, 0x6C, 0x6F, 0x67, 0x79, 0x20, 0x43, 0x6F, 0x2E, 0x2C, 0x20, 0x4C, 0x74, 0x64, 0x30, 0x82, 0x01, 0x22, 0x30, 0x0D, 0x06, 0x09, 0x2A, 0x86, 0x48, 
	0x86, 0xF7, 0x0D, 0x01, 0x01, 0x01, 0x05, 0x00, 0x03, 0x82, 0x01, 0x0F, 0x00, 0x30, 0x82, 0x01, 0x0A, 0x02, 0x82, 0x01, 0x01, 0x00, 0xD7, 0x07, 0x27, 0xA6, 0x33, 0x68, 0x26, 0x23, 
	0x09, 0x44, 0x19, 0x11, 0x61, 0x80, 0x5E, 0xE3, 0xCD, 0x9C, 0xBE, 0x8D, 0xD8, 0x1F, 0xD3, 0x59, 0x98, 0xAE, 0xA1, 0xC0, 0xC3, 0x6E, 0x23, 0xAA, 0x5D, 0x56, 0x09, 0x29, 0x6D, 0xDD, 
	0x24, 0x6F, 0x19, 0xFF, 0xE9, 0xD7, 0x59, 0x57, 0x88, 0xBD, 0x23, 0x45, 0xCD, 0x6D, 0x60, 0x72, 0x48, 0x4C, 0x15, 0x0F, 0xD0, 0xF8, 0x00, 0x91, 0xCD, 0x34, 0x93, 0xAD, 0x23, 0xB0, 
	0x8D, 0x6E, 0xB7, 0xA2, 0x40, 0x12, 0x9E, 0x82, 0xBA, 0xFD, 0x47, 0x85, 0xB2, 0xDF, 0x43, 0x6B, 0x2C, 0x5E, 0xEC, 0x6E, 0x7E, 0x59, 0x9D, 0xEE, 0x1E, 0xAB, 0x99, 0xD4, 0xAA, 0xBF, 
	0x7F, 0x4D, 0x79, 0xFC, 0xE9, 0xDD, 0xF1, 0x78, 0x58, 0x60, 0xCD, 0x4E, 0x0A, 0x90, 0x69, 0xB8, 0xAC, 0x21, 0xDF, 0xCA, 0x33, 0xA9, 0xAC, 0xC9, 0xA9, 0xC2, 0x97, 0xB2, 0xB8, 0x8E, 
	0x4B, 0xBD, 0x1C, 0x78, 0x6B, 0xF0, 0x72, 0xC2, 0x9D, 0x1C, 0x5D, 0x09, 0x07, 0xF2, 0x77, 0xB8, 0x48, 0x1E, 0x5D, 0xAF, 0x34, 0x86, 0xD5, 0x25, 0x7C, 0x36, 0x3F, 0xDB, 0x92, 0xEE, 
	0xAC, 0x64, 0x6A, 0xB5, 0xE7, 0xEA, 0x3F, 0x27, 0x43, 0x90, 0x1C, 0x87, 0x9B, 0x85, 0x38, 0x2A, 0xAB, 0x53, 0xAB, 0xC8, 0xED, 0x5F, 0x39, 0x19, 0xED, 0x9B, 0x74, 0xFF, 0xFB, 0x0C, 
	0x71, 0x67, 0x3D, 0xAA, 0x28, 0xDF, 0x58, 0xC4, 0x1F, 0xF1, 0x88, 0x9C, 0xD1, 0xB6, 0x02, 0xAA, 0x77, 0x67, 0x70, 0xD9, 0x94, 0x84, 0x64, 0xCB, 0x2B, 0xC0, 0xDE, 0x9C, 0xEB, 0xE7, 
	0x98, 0x1B, 0x7E, 0x17, 0x0F, 0x77, 0x2A, 0x3B, 0x6C, 0x8B, 0xBC, 0x5A, 0xA1, 0x5D, 0x9F, 0xA6, 0x6D, 0x2F, 0x27, 0x79, 0xB8, 0xDB, 0xA8, 0xC5, 0x73, 0x9B, 0x53, 0x24, 0x05, 0xA4, 
	0xE2, 0xEB, 0x65, 0xCD, 0xBD, 0x4D, 0xFC, 0xE1, 0x02, 0x03, 0x01, 0x00, 0x01, 0xA3, 0x82, 0x01, 0x7B, 0x30, 0x82, 0x01, 0x77, 0x30, 0x09, 0x06, 0x03, 0x55, 0x1D, 0x13, 0x04, 0x02, 
	0x30, 0x00, 0x30, 0x0E, 0x06, 0x03, 0x55, 0x1D, 0x0F, 0x01, 0x01, 0xFF, 0x04, 0x04, 0x03, 0x02, 0x07, 0x80, 0x30, 0x40, 0x06, 0x03, 0x55, 0x1D, 0x1F, 0x04, 0x39, 0x30, 0x37, 0x30, 
	0x35, 0xA0, 0x33, 0xA0, 0x31, 0x86, 0x2F, 0x68, 0x74, 0x74, 0x70, 0x3A, 0x2F, 0x2F, 0x63, 0x73, 0x63, 0x33, 0x2D, 0x32, 0x30, 0x31, 0x30, 0x2D, 0x63, 0x72, 0x6C, 0x2E, 0x76, 0x65, 
	0x72, 0x69, 0x73, 0x69, 0x67, 0x6E, 0x2E, 0x63, 0x6F, 0x6D, 0x2F, 0x43, 0x53, 0x43, 0x33, 0x2D, 0x32, 0x30, 0x31, 0x30, 0x2E, 0x63, 0x72, 0x6C, 0x30, 0x44, 0x06, 0x03, 0x55, 0x1D, 
	0x20, 0x04, 0x3D, 0x30, 0x3B, 0x30, 0x39, 0x06, 0x0B, 0x60, 0x86, 0x48, 0x01, 0x86, 0xF8, 0x45, 0x01, 0x07, 0x17, 0x03, 0x30, 0x2A, 0x30, 0x28, 0x06, 0x08, 0x2B, 0x06, 0x01, 0x05, 
	0x05, 0x07, 0x02, 0x01, 0x16, 0x1C, 0x68, 0x74, 0x74, 0x70, 0x73, 0x3A, 0x2F, 0x2F, 0x77, 0x77, 0x77, 0x2E, 0x76, 0x65, 0x72, 0x69, 0x73, 0x69, 0x67, 0x6E, 0x2E, 0x63, 0x6F, 0x6D, 
	0x2F, 0x72, 0x70, 0x61, 0x30, 0x13, 0x06, 0x03, 0x55, 0x1D, 0x25, 0x04, 0x0C, 0x30, 0x0A, 0x06, 0x08, 0x2B, 0x06, 0x01, 0x05, 0x05, 0x07, 0x03, 0x03, 0x30, 0x71, 0x06, 0x08, 0x2B, 
	0x06, 0x01, 0x05, 0x05, 0x07, 0x01, 0x01, 0x04, 0x65, 0x30, 0x63, 0x30, 0x24, 0x06, 0x08, 0x2B, 0x06, 0x01, 0x05, 0x05, 0x07, 0x30, 0x01, 0x86, 0x18, 0x68, 0x74, 0x74, 0x70, 0x3A, 
	0x2F, 0x2F, 0x6F, 0x63, 0x73, 0x70, 0x2E, 0x76, 0x65, 0x72, 0x69, 0x73, 0x69, 0x67, 0x6E, 0x2E, 0x63, 0x6F, 0x6D, 0x30, 0x3B, 0x06, 0x08, 0x2B, 0x06, 0x01, 0x05, 0x05, 0x07, 0x30, 
	0x02, 0x86, 0x2F, 0x68, 0x74, 0x74, 0x70, 0x3A, 0x2F, 0x2F, 0x63, 0x73, 0x63, 0x33, 0x2D, 0x32, 0x30, 0x31, 0x30, 0x2D, 0x61, 0x69, 0x61, 0x2E, 0x76, 0x65, 0x72, 0x69, 0x73, 0x69, 
	0x67, 0x6E, 0x2E, 0x63, 0x6F, 0x6D, 0x2F, 0x43, 0x53, 0x43, 0x33, 0x2D, 0x32, 0x30, 0x31, 0x30, 0x2E, 0x63, 0x65, 0x72, 0x30, 0x1F, 0x06, 0x03, 0x55, 0x1D, 0x23, 0x04, 0x18, 0x30, 
	0x16, 0x80, 0x14, 0xCF, 0x99, 0xA9, 0xEA, 0x7B, 0x26, 0xF4, 0x4B, 0xC9, 0x8E, 0x8F, 0xD7, 0xF0, 0x05, 0x26, 0xEF, 0xE3, 0xD2, 0xA7, 0x9D, 0x30, 0x11, 0x06, 0x09, 0x60, 0x86, 0x48, 
	0x01, 0x86, 0xF8, 0x42, 0x01, 0x01, 0x04, 0x04, 0x03, 0x02, 0x04, 0x10, 0x30, 0x16, 0x06, 0x0A, 0x2B, 0x06, 0x01, 0x04, 0x01, 0x82, 0x37, 0x02, 0x01, 0x1B, 0x04, 0x08, 0x30, 0x06, 
	0x01, 0x01, 0x00, 0x01, 0x01, 0xFF, 0x30, 0x0D, 0x06, 0x09, 0x2A, 0x86, 0x48, 0x86, 0xF7, 0x0D, 0x01, 0x01, 0x05, 0x05, 0x00, 0x03, 0x82, 0x01, 0x01, 0x00, 0xC5, 0x5D, 0xA5, 0x98, 
	0xF1, 0x3B, 0x9C, 0xD6, 0x2D, 0x8E, 0xAE, 0x86, 0x7D, 0xE6, 0x6E, 0xB2, 0x7F, 0x49, 0xF0, 0x57, 0x81, 0x3C, 0x0A, 0xA1, 0x0F, 0x16, 0xF2, 0x76, 0xD0, 0x84, 0x0A, 0x2B, 0x26, 0x85, 
	0x37, 0x38, 0xD9, 0xB2, 0xCC, 0xC6, 0x40, 0xEC, 0xDA, 0x9D, 0x7E, 0x18, 0x8A, 0x85, 0xE0, 0xAA, 0x73, 0xAF, 0x0D, 0xB6, 0xB9, 0xD8, 0xFF, 0x76, 0xDE, 0x74, 0x6D, 0xC4, 0xB9, 0x66, 
	0xEB, 0x1B, 0x43, 0x78, 0x91, 0x5A, 0x15, 0x20, 0x76, 0x3E, 0x3B, 0x74, 0x45, 0xDD, 0x68, 0x0E, 0x27, 0x33, 0xA7, 0xFA, 0x47, 0x57, 0x29, 0xD9, 0x26, 0x8F, 0x1C, 0x9D, 0x10, 0x5B, 
	0x09, 0x70, 0xC0, 0x14, 0x78, 0x58, 0x6B, 0x0D, 0xDD, 0x3D, 0x5B, 0xF9, 0x20, 0x51, 0x74, 0x00, 0x72, 0x55, 0x0B, 0x0E, 0xB3, 0xD7, 0xCE, 0x8F, 0x55, 0xBF, 0xB5, 0x2E, 0xC0, 0x3C, 
	0x6D, 0x90, 0xE1, 0xA2, 0x9A, 0xBA, 0xCA, 0xBD, 0x96, 0xFE, 0xAC, 0x09, 0x12, 0xD7, 0x64, 0xF7, 0x71, 0x58, 0x1F, 0x09, 0x27, 0x42, 0x49, 0xC1, 0xBD, 0x37, 0xE0, 0x48, 0x98, 0x78, 
	0x07, 0x85, 0xE2, 0xA7, 0x12, 0x1E, 0x6E, 0x2E, 0x4B, 0xB6, 0x24, 0xC4, 0x62, 0x09, 0xDA, 0x7E, 0x6B, 0xDF, 0x95, 0xE1, 0x3F, 0x73, 0xB5, 0x56, 0x29, 0x78, 0x31, 0x15, 0x2B, 0x86, 
	0xAC, 0xA4, 0x69, 0xA9, 0x3B, 0x9C, 0xF4, 0x7B, 0x56, 0x78, 0x16, 0xD5, 0x15, 0x61, 0xC7, 0xA1, 0x1F, 0x94, 0xC1, 0x33, 0xC7, 0x2D, 0x9D, 0x00, 0x38, 0xA1, 0x4D, 0x09, 0x73, 0xCD, 
	0x06, 0xFF, 0xF7, 0x80, 0x91, 0x2F, 0x75, 0x72, 0x86, 0xC6, 0x50, 0xC9, 0x79, 0x56, 0xA2, 0xD6, 0x43, 0x92, 0x2B, 0xD0, 0xDD, 0xD3, 0x27, 0x4A, 0x6D, 0x7D, 0x9A, 0x4A, 0x66, 0xA1, 
	0xA4, 0xEE, 0x4E, 0x29, 0xED, 0xD8, 0x66, 0x26, 0x94, 0x6D, 0xDE, 0x50, 0x30, 0x82, 0x05, 0x9A, 0x30, 0x82, 0x03, 0x82, 0xA0, 0x03, 0x02, 0x01, 0x02, 0x02, 0x0A, 0x61, 0x19, 0x93, 
	0xE4, 0x00, 0x00, 0x00, 0x00, 0x00, 0x1C, 0x30, 0x0D, 0x06, 0x09, 0x2A, 0x86, 0x48, 0x86, 0xF7, 0x0D, 0x01, 0x01, 0x05, 0x05, 0x00, 0x30, 0x7F, 0x31, 0x0B, 0x30, 0x09, 0x06, 0x03, 
	0x55, 0x04, 0x06, 0x13, 0x02, 0x55, 0x53, 0x31, 0x13, 0x30, 0x11, 0x06, 0x03, 0x55, 0x04, 0x08, 0x13, 0x0A, 0x57, 0x61, 0x73, 0x68, 0x69, 0x6E, 0x67, 0x74, 0x6F, 0x6E, 0x31, 0x10, 
	0x30, 0x0E, 0x06, 0x03, 0x55, 0x04, 0x07, 0x13, 0x07, 0x52, 0x65, 0x64, 0x6D, 0x6F, 0x6E, 0x64, 0x31, 0x1E, 0x30, 0x1C, 0x06, 0x03, 0x55, 0x04, 0x0A, 0x13, 0x15, 0x4D, 0x69, 0x63, 
	0x72, 0x6F, 0x73, 0x6F, 0x66, 0x74, 0x20, 0x43, 0x6F, 0x72, 0x70, 0x6F, 0x72, 0x61, 0x74, 0x69, 0x6F, 0x6E, 0x31, 0x29, 0x30, 0x27, 0x06, 0x03, 0x55, 0x04, 0x03, 0x13, 0x20, 0x4D, 
	0x69, 0x63, 0x72, 0x6F, 0x73, 0x6F, 0x66, 0x74, 0x20, 0x43, 0x6F, 0x64, 0x65, 0x20, 0x56, 0x65, 0x72, 0x69, 0x66, 0x69, 0x63, 0x61, 0x74, 0x69, 0x6F, 0x6E, 0x20, 0x52, 0x6F, 0x6F, 
	0x74, 0x30, 0x1E, 0x17, 0x0D, 0x31, 0x31, 0x30, 0x32, 0x32, 0x32, 0x31, 0x39, 0x32, 0x35, 0x31, 0x37, 0x5A, 0x17, 0x0D, 0x32, 0x31, 0x30, 0x32, 0x32, 0x32, 0x31, 0x39, 0x33, 0x35, 
	0x31, 0x37, 0x5A, 0x30, 0x81, 0xCA, 0x31, 0x0B, 0x30, 0x09, 0x06, 0x03, 0x55, 0x04, 0x06, 0x13, 0x02, 0x55, 0x53, 0x31, 0x17, 0x30, 0x15, 0x06, 0x03, 0x55, 0x04, 0x0A, 0x13, 0x0E, 
	0x56, 0x65, 0x72, 0x69, 0x53, 0x69, 0x67, 0x6E, 0x2C, 0x20, 0x49, 0x6E, 0x63, 0x2E, 0x31, 0x1F, 0x30, 0x1D, 0x06, 0x03, 0x55, 0x04, 0x0B, 0x13, 0x16, 0x56, 0x65, 0x72, 0x69, 0x53, 
	0x69, 0x67, 0x6E, 0x20, 0x54, 0x72, 0x75, 0x73, 0x74, 0x20, 0x4E, 0x65, 0x74, 0x77, 0x6F, 0x72, 0x6B, 0x31, 0x3A, 0x30, 0x38, 0x06, 0x03, 0x55, 0x04, 0x0B, 0x13, 0x31, 0x28, 0x63, 
	0x29, 0x20, 0x32, 0x30, 0x30, 0x36, 0x20, 0x56, 0x65, 0x72, 0x69, 0x53, 0x69, 0x67, 0x6E, 0x2C, 0x20, 0x49, 0x6E, 0x63, 0x2E, 0x20, 0x2D, 0x20, 0x46, 0x6F, 0x72, 0x20, 0x61, 0x75, 
	0x74, 0x68, 0x6F, 0x72, 0x69, 0x7A, 0x65, 0x64, 0x20, 0x75, 0x73, 0x65, 0x20, 0x6F, 0x6E, 0x6C, 0x79, 0x31, 0x45, 0x30, 0x43, 0x06, 0x03, 0x55, 0x04, 0x03, 0x13, 0x3C, 0x56, 0x65, 
	0x72, 0x69, 0x53, 0x69, 0x67, 0x6E, 0x20, 0x43, 0x6C, 0x61, 0x73, 0x73, 0x20, 0x33, 0x20, 0x50, 0x75, 0x62, 0x6C, 0x69, 0x63, 0x20, 0x50, 0x72, 0x69, 0x6D, 0x61, 0x72, 0x79, 0x20, 
	0x43, 0x65, 0x72, 0x74, 0x69, 0x66, 0x69, 0x63, 0x61, 0x74, 0x69, 0x6F, 0x6E, 0x20, 0x41, 0x75, 0x74, 0x68, 0x6F, 0x72, 0x69, 0x74, 0x79, 0x20, 0x2D, 0x20, 0x47, 0x35, 0x30, 0x82, 
	0x01, 0x22, 0x30, 0x0D, 0x06, 0x09, 0x2A, 0x86, 0x48, 0x86, 0xF7, 0x0D, 0x01, 0x01, 0x01, 0x05, 0x00, 0x03, 0x82, 0x01, 0x0F, 0x00, 0x30, 0x82, 0x01, 0x0A, 0x02, 0x82, 0x01, 0x01, 
	0x00, 0xAF, 0x24, 0x08, 0x08, 0x29, 0x7A, 0x35, 0x9E, 0x60, 0x0C, 0xAA, 0xE7, 0x4B, 0x3B, 0x4E, 0xDC, 0x7C, 0xBC, 0x3C, 0x45, 0x1C, 0xBB, 0x2B, 0xE0, 0xFE, 0x29, 0x02, 0xF9, 0x57, 
	0x08, 0xA3, 0x64, 0x85, 0x15, 0x27, 0xF5, 0xF1, 0xAD, 0xC8, 0x31, 0x89, 0x5D, 0x22, 0xE8, 0x2A, 0xAA, 0xA6, 0x42, 0xB3, 0x8F, 0xF8, 0xB9, 0x55, 0xB7, 0xB1, 0xB7, 0x4B, 0xB3, 0xFE, 
	0x8F, 0x7E, 0x07, 0x57, 0xEC, 0xEF, 0x43, 0xDB, 0x66, 0x62, 0x15, 0x61, 0xCF, 0x60, 0x0D, 0xA4, 0xD8, 0xDE, 0xF8, 0xE0, 0xC3, 0x62, 0x08, 0x3D, 0x54, 0x13, 0xEB, 0x49, 0xCA, 0x59, 
	0x54, 0x85, 0x26, 0xE5, 0x2B, 0x8F, 0x1B, 0x9F, 0xEB, 0xF5, 0xA1, 0x91, 0xC2, 0x33, 0x49, 0xD8, 0x43, 0x63, 0x6A, 0x52, 0x4B, 0xD2, 0x8F, 0xE8, 0x70, 0x51, 0x4D, 0xD1, 0x89, 0x69, 
	0x7B, 0xC7, 0x70, 0xF6, 0xB3, 0xDC, 0x12, 0x74, 0xDB, 0x7B, 0x5D, 0x4B, 0x56, 0xD3, 0x96, 0xBF, 0x15, 0x77, 0xA1, 0xB0, 0xF4, 0xA2, 0x25, 0xF2, 0xAF, 0x1C, 0x92, 0x67, 0x18, 0xE5, 
	0xF4, 0x06, 0x04, 0xEF, 0x90, 0xB9, 0xE4, 0x00, 0xE4, 0xDD, 0x3A, 0xB5, 0x19, 0xFF, 0x02, 0xBA, 0xF4, 0x3C, 0xEE, 0xE0, 0x8B, 0xEB, 0x37, 0x8B, 0xEC, 0xF4, 0xD7, 0xAC, 0xF2, 0xF6, 
	0xF0, 0x3D, 0xAF, 0xDD, 0x75, 0x91, 0x33, 0x19, 0x1D, 0x1C, 0x40, 0xCB, 0x74, 0x24, 0x19, 0x21, 0x93, 0xD9, 0x14, 0xFE, 0xAC, 0x2A, 0x52, 0xC7, 0x8F, 0xD5, 0x04, 0x49, 0xE4, 0x8D, 
	0x63, 0x47, 0x88, 0x3C, 0x69, 0x83, 0xCB, 0xFE, 0x47, 0xBD, 0x2B, 0x7E, 0x4F, 0xC5, 0x95, 0xAE, 0x0E, 0x9D, 0xD4, 0xD1, 0x43, 0xC0, 0x67, 0x73, 0xE3, 0x14, 0x08, 0x7E, 0xE5, 0x3F, 
	0x9F, 0x73, 0xB8, 0x33, 0x0A, 0xCF, 0x5D, 0x3F, 0x34, 0x87, 0x96, 0x8A, 0xEE, 0x53, 0xE8, 0x25, 0x15, 0x02, 0x03, 0x01, 0x00, 0x01, 0xA3, 0x81, 0xCB, 0x30, 0x81, 0xC8, 0x30, 0x11, 
	0x06, 0x03, 0x55, 0x1D, 0x20, 0x04, 0x0A, 0x30, 0x08, 0x30, 0x06, 0x06, 0x04, 0x55, 0x1D, 0x20, 0x00, 0x30, 0x0F, 0x06, 0x03, 0x55, 0x1D, 0x13, 0x01, 0x01, 0xFF, 0x04, 0x05, 0x30, 
	0x03, 0x01, 0x01, 0xFF, 0x30, 0x0B, 0x06, 0x03, 0x55, 0x1D, 0x0F, 0x04, 0x04, 0x03, 0x02, 0x01, 0x86, 0x30, 0x1D, 0x06, 0x03, 0x55, 0x1D, 0x0E, 0x04, 0x16, 0x04, 0x14, 0x7F, 0xD3, 
	0x65, 0xA7, 0xC2, 0xDD, 0xEC, 0xBB, 0xF0, 0x30, 0x09, 0xF3, 0x43, 0x39, 0xFA, 0x02, 0xAF, 0x33, 0x31, 0x33, 0x30, 0x1F, 0x06, 0x03, 0x55, 0x1D, 0x23, 0x04, 0x18, 0x30, 0x16, 0x80, 
	0x14, 0x62, 0xFB, 0x0A, 0x21, 0x5B, 0x7F, 0x43, 0x6E, 0x11, 0xDA, 0x09, 0x54, 0x50, 0x6B, 0xF5, 0xD2, 0x96, 0x71, 0xF1, 0x9E, 0x30, 0x55, 0x06, 0x03, 0x55, 0x1D, 0x1F, 0x04, 0x4E, 
	0x30, 0x4C, 0x30, 0x4A, 0xA0, 0x48, 0xA0, 0x46, 0x86, 0x44, 0x68, 0x74, 0x74, 0x70, 0x3A, 0x2F, 0x2F, 0x63, 0x72, 0x6C, 0x2E, 0x6D, 0x69, 0x63, 0x72, 0x6F, 0x73, 0x6F, 0x66, 0x74, 
	0x2E, 0x63, 0x6F, 0x6D, 0x2F, 0x70, 0x6B, 0x69, 0x2F, 0x63, 0x72, 0x6C, 0x2F, 0x70, 0x72, 0x6F, 0x64, 0x75, 0x63, 0x74, 0x73, 0x2F, 0x4D, 0x69, 0x63, 0x72, 0x6F, 0x73, 0x6F, 0x66, 
	0x74, 0x43, 0x6F, 0x64, 0x65, 0x56, 0x65, 0x72, 0x69, 0x66, 0x52, 0x6F, 0x6F, 0x74, 0x2E, 0x63, 0x72, 0x6C, 0x30, 0x0D, 0x06, 0x09, 0x2A, 0x86, 0x48, 0x86, 0xF7, 0x0D, 0x01, 0x01, 
	0x05, 0x05, 0x00, 0x03, 0x82, 0x02, 0x01, 0x00, 0x81, 0x2A, 0x82, 0x16, 0x8C, 0x34, 0x67, 0x2B, 0xE5, 0x03, 0xEB, 0x34, 0x7B, 0x8C, 0xA2, 0xA3, 0x50, 0x8A, 0xF4, 0x55, 0x86, 0xF1, 
	0x1E, 0x8C, 0x8E, 0xAE, 0x7D, 0xEE, 0x03, 0x19, 0xCE, 0x72, 0x95, 0x18, 0x48, 0xAD, 0x62, 0x11, 0xFD, 0x20, 0xFD, 0x3F, 0x47, 0x06, 0x01, 0x5A, 0xE2, 0xE0, 0x6F, 0x8C, 0x15, 0x2C, 
	0x4E, 0x3C, 0x6A, 0x50, 0x6C, 0x0B, 0x36, 0xA3, 0xCF, 0x7A, 0x0D, 0x9C, 0x42, 0xBC, 0x5C, 0xF8, 0x19, 0xD5, 0x60, 0xE3, 0x69, 0xE6, 0xE2, 0x23, 0x41, 0x67, 0x8C, 0x68, 0x83, 0x76, 
	0x2B, 0x8F, 0x93, 0xA3, 0x2A, 0xB5, 0x7F, 0xBE, 0x59, 0xFB, 0xA9, 0xC9, 0xB2, 0x26, 0x8F, 0xCA, 0xA2, 0xF3, 0x82, 0x1B, 0x98, 0x3E, 0x91, 0x95, 0x27, 0x97, 0x86, 0x61, 0xEE, 0x5B, 
	0x5D, 0x07, 0x6B, 0xCD, 0x86, 0xA8, 0xE2, 0x65, 0x80, 0xA8, 0xE2, 0x15, 0xE2, 0xB2, 0xBE, 0x23, 0x05, 0x6A, 0xBA, 0x0C, 0xF3, 0x47, 0x93, 0x4D, 0xAC, 0xA4, 0x8C, 0x07, 0x79, 0x39, 
	0xC0, 0x61, 0x12, 0x3A, 0x05, 0x0D, 0x89, 0xA3, 0xEC, 0x9F, 0x57, 0x89, 0x84, 0xFB, 0xEC, 0xCA, 0x7C, 0x47, 0x66, 0x14, 0x91, 0xD8, 0xB6, 0x0F, 0x19, 0x5D, 0xE6, 0xB8, 0x4A, 0xAC, 
	0xBC, 0x47, 0xC8, 0x71, 0x43, 0x96, 0xE6, 0x32, 0x20, 0xA5, 0xDC, 0x77, 0x86, 0xFD, 0x3C, 0xE3, 0x8B, 0x71, 0xDB, 0x7B, 0x9B, 0x03, 0xFC, 0xB7, 0x1D, 0x32, 0x64, 0xEB, 0x16, 0x52, 
	0xA0, 0x43, 0xA3, 0xFA, 0x2E, 0xAD, 0x59, 0x92, 0x4E, 0x7C, 0xC7, 0xF2, 0x33, 0x42, 0x48, 0x38, 0x51, 0x3A, 0x7C, 0x38, 0xC7, 0x1B, 0x24, 0x22, 0x28, 0x40, 0x1E, 0x1A, 0x46, 0x1F, 
	0x17, 0xDB, 0x18, 0xF7, 0xF0, 0x27, 0x35, 0x6C, 0xB8, 0x63, 0xD9, 0xCD, 0xB9, 0x64, 0x5D, 0x2B, 0xA5, 0x5E, 0xEF, 0xC6, 0x29, 0xB4, 0xF2, 0xC7, 0xF8, 0x21, 0xCC, 0x04, 0xBA, 0x57, 
	0xFD, 0x01, 0xB6, 0xAB, 0xC6, 0x67, 0xF9, 0xE7, 0xD3, 0x99, 0x7F, 0xF4, 0xF5, 0x22, 0xFA, 0x72, 0xF5, 0xFD, 0xFF, 0x3A, 0x1C, 0x42, 0x3A, 0xA1, 0xF9, 0x80, 0x18, 0xA5, 0xEE, 0x8D, 
	0x1C, 0xD4, 0x66, 0x9E, 0x45, 0x01, 0xFE, 0xAA, 0xEE, 0xFF, 0xFB, 0x17, 0x8F, 0x30, 0xF7, 0xF1, 0xCD, 0x29, 0xC5, 0x9D, 0xEC, 0xB5, 0xD5, 0x49, 0x00, 0x3D, 0x85, 0xB8, 0xCB, 0xBB, 
	0x93, 0x3A, 0x27, 0x6A, 0x49, 0xC0, 0x30, 0xAE, 0x66, 0xC9, 0xF7, 0x23, 0x28, 0x32, 0x76, 0xF9, 0xA4, 0x83, 0x56, 0xC8, 0x48, 0xCE, 0x5A, 0x96, 0xAA, 0xA0, 0xCC, 0x0C, 0xC4, 0x7F, 
	0xB4, 0x8E, 0x97, 0xAF, 0x6D, 0xE3, 0x54, 0x27, 0xC3, 0x9F, 0x86, 0xC0, 0xD6, 0xE4, 0x73, 0x08, 0x97, 0x05, 0xDB, 0xD0, 0x54, 0x62, 0x5E, 0x03, 0x48, 0xC2, 0xD5, 0x9F, 0x7F, 0xA7, 
	0x66, 0x8C, 0xD0, 0x9D, 0xB0, 0x4F, 0xD4, 0xD3, 0x98, 0x5F, 0x4B, 0x7A, 0xC9, 0x7F, 0xB2, 0x29, 0x52, 0xD0, 0x12, 0x80, 0xC7, 0x0F, 0x54, 0xB6, 0x1E, 0x67, 0xCD, 0xC6, 0xA0, 0x6C, 
	0x11, 0x03, 0x84, 0xD3, 0x48, 0x75, 0xE7, 0x2A, 0xFE, 0xB0, 0x3B, 0x6E, 0x0A, 0x3A, 0xA6, 0x6B, 0x76, 0x99, 0x05, 0xA3, 0xF1, 0x77, 0x68, 0x61, 0x33, 0x14, 0x47, 0x06, 0xFC, 0x53, 
	0x7F, 0x52, 0xBD, 0x92, 0x14, 0x5C, 0x4A, 0x24, 0x6A, 0x67, 0x8C, 0xAF, 0x8D, 0x90, 0xAA, 0xD0, 0xF6, 0x79, 0x21, 0x1B, 0x93, 0x26, 0x7C, 0xC3, 0xCE, 0x1E, 0xBD, 0x88, 0x38, 0x92, 
	0xAE, 0x45, 0xC6, 0x19, 0x6A, 0x49, 0x50, 0xB3, 0x05, 0xF8, 0xAE, 0x59, 0x37, 0x8A, 0x6A, 0x25, 0x03, 0x94, 0xB1, 0x59, 0x81, 0x50, 0xE8, 0xBA, 0x83, 0x80, 0xB7, 0x23, 0x35, 0xF4, 
	0x76, 0xB9, 0x67, 0x1D, 0x59, 0x18, 0xAD, 0x20, 0x8D, 0x94, 0x30, 0x82, 0x06, 0x0A, 0x30, 0x82, 0x04, 0xF2, 0xA0, 0x03, 0x02, 0x01, 0x02, 0x02, 0x10, 0x52, 0x00, 0xE5, 0xAA, 0x25, 
	0x56, 0xFC, 0x1A, 0x86, 0xED, 0x96, 0xC9, 0xD4, 0x4B, 0x33, 0xC7, 0x30, 0x0D, 0x06, 0x09, 0x2A, 0x86, 0x48, 0x86, 0xF7, 0x0D, 0x01, 0x01, 0x05, 0x05, 0x00, 0x30, 0x81, 0xCA, 0x31, 
	0x0B, 0x30, 0x09, 0x06, 0x03, 0x55, 0x04, 0x06, 0x13, 0x02, 0x55, 0x53, 0x31, 0x17, 0x30, 0x15, 0x06, 0x03, 0x55, 0x04, 0x0A, 0x13, 0x0E, 0x56, 0x65, 0x72, 0x69, 0x53, 0x69, 0x67, 
	0x6E, 0x2C, 0x20, 0x49, 0x6E, 0x63, 0x2E, 0x31, 0x1F, 0x30, 0x1D, 0x06, 0x03, 0x55, 0x04, 0x0B, 0x13, 0x16, 0x56, 0x65, 0x72, 0x69, 0x53, 0x69, 0x67, 0x6E, 0x20, 0x54, 0x72, 0x75, 
	0x73, 0x74, 0x20, 0x4E, 0x65, 0x74, 0x77, 0x6F, 0x72, 0x6B, 0x31, 0x3A, 0x30, 0x38, 0x06, 0x03, 0x55, 0x04, 0x0B, 0x13, 0x31, 0x28, 0x63, 0x29, 0x20, 0x32, 0x30, 0x30, 0x36, 0x20, 
	0x56, 0x65, 0x72, 0x69, 0x53, 0x69, 0x67, 0x6E, 0x2C, 0x20, 0x49, 0x6E, 0x63, 0x2E, 0x20, 0x2D, 0x20, 0x46, 0x6F, 0x72, 0x20, 0x61, 0x75, 0x74, 0x68, 0x6F, 0x72, 0x69, 0x7A, 0x65, 
	0x64, 0x20, 0x75, 0x73, 0x65, 0x20, 0x6F, 0x6E, 0x6C, 0x79, 0x31, 0x45, 0x30, 0x43, 0x06, 0x03, 0x55, 0x04, 0x03, 0x13, 0x3C, 0x56, 0x65, 0x72, 0x69, 0x53, 0x69, 0x67, 0x6E, 0x20, 
	0x43, 0x6C, 0x61, 0x73, 0x73, 0x20, 0x33, 0x20, 0x50, 0x75, 0x62, 0x6C, 0x69, 0x63, 0x20, 0x50, 0x72, 0x69, 0x6D, 0x61, 0x72, 0x79, 0x20, 0x43, 0x65, 0x72, 0x74, 0x69, 0x66, 0x69, 
	0x63, 0x61, 0x74, 0x69, 0x6F, 0x6E, 0x20, 0x41, 0x75, 0x74, 0x68, 0x6F, 0x72, 0x69, 0x74, 0x79, 0x20, 0x2D, 0x20, 0x47, 0x35, 0x30, 0x1E, 0x17, 0x0D, 0x31, 0x30, 0x30, 0x32, 0x30, 
	0x38, 0x30, 0x30, 0x30, 0x30, 0x30, 0x30, 0x5A, 0x17, 0x0D, 0x32, 0x30, 0x30, 0x32, 0x30, 0x37, 0x32, 0x33, 0x35, 0x39, 0x35, 0x39, 0x5A, 0x30, 0x81, 0xB4, 0x31, 0x0B, 0x30, 0x09, 
	0x06, 0x03, 0x55, 0x04, 0x06, 0x13, 0x02, 0x55, 0x53, 0x31, 0x17, 0x30, 0x15, 0x06, 0x03, 0x55, 0x04, 0x0A, 0x13, 0x0E, 0x56, 0x65, 0x72, 0x69, 0x53, 0x69, 0x67, 0x6E, 0x2C, 0x20, 
	0x49, 0x6E, 0x63, 0x2E, 0x31, 0x1F, 0x30, 0x1D, 0x06, 0x03, 0x55, 0x04, 0x0B, 0x13, 0x16, 0x56, 0x65, 0x72, 0x69, 0x53, 0x69, 0x67, 0x6E, 0x20, 0x54, 0x72, 0x75, 0x73, 0x74, 0x20, 
	0x4E, 0x65, 0x74, 0x77, 0x6F, 0x72, 0x6B, 0x31, 0x3B, 0x30, 0x39, 0x06, 0x03, 0x55, 0x04, 0x0B, 0x13, 0x32, 0x54, 0x65, 0x72, 0x6D, 0x73, 0x20, 0x6F, 0x66, 0x20, 0x75, 0x73, 0x65, 
	0x20, 0x61, 0x74, 0x20, 0x68, 0x74, 0x74, 0x70, 0x73, 0x3A, 0x2F, 0x2F, 0x77, 0x77, 0x77, 0x2E, 0x76, 0x65, 0x72, 0x69, 0x73, 0x69, 0x67, 0x6E, 0x2E, 0x63, 0x6F, 0x6D, 0x2F, 0x72, 
	0x70, 0x61, 0x20, 0x28, 0x63, 0x29, 0x31, 0x30, 0x31, 0x2E, 0x30, 0x2C, 0x06, 0x03, 0x55, 0x04, 0x03, 0x13, 0x25, 0x56, 0x65, 0x72, 0x69, 0x53, 0x69, 0x67, 0x6E, 0x20, 0x43, 0x6C, 
	0x61, 0x73, 0x73, 0x20, 0x33, 0x20, 0x43, 0x6F, 0x64, 0x65, 0x20, 0x53, 0x69, 0x67, 0x6E, 0x69, 0x6E, 0x67, 0x20, 0x32, 0x30, 0x31, 0x30, 0x20, 0x43, 0x41, 0x30, 0x82, 0x01, 0x22, 
	0x30, 0x0D, 0x06, 0x09, 0x2A, 0x86, 0x48, 0x86, 0xF7, 0x0D, 0x01, 0x01, 0x01, 0x05, 0x00, 0x03, 0x82, 0x01, 0x0F, 0x00, 0x30, 0x82, 0x01, 0x0A, 0x02, 0x82, 0x01, 0x01, 0x00, 0xF5, 
	0x23, 0x4B, 0x5E, 0xA5, 0xD7, 0x8A, 0xBB, 0x32, 0xE9, 0xD4, 0x57, 0xF7, 0xEF, 0xE4, 0xC7, 0x26, 0x7E, 0xAD, 0x19, 0x98, 0xFE, 0xA8, 0x9D, 0x7D, 0x94, 0xF6, 0x36, 0x6B, 0x10, 0xD7, 
	0x75, 0x81, 0x30, 0x7F, 0x04, 0x68, 0x7F, 0xCB, 0x2B, 0x75, 0x1E, 0xCD, 0x1D, 0x08, 0x8C, 0xDF, 0x69, 0x94, 0xA7, 0x37, 0xA3, 0x9C, 0x7B, 0x80, 0xE0, 0x99, 0xE1, 0xEE, 0x37, 0x4D, 
	0x5F, 0xCE, 0x3B, 0x14, 0xEE, 0x86, 0xD4, 0xD0, 0xF5, 0x27, 0x35, 0xBC, 0x25, 0x0B, 0x38, 0xA7, 0x8C, 0x63, 0x9D, 0x17, 0xA3, 0x08, 0xA5, 0xAB, 0xB0, 0xFB, 0xCD, 0x6A, 0x62, 0x82, 
	0x4C, 0xD5, 0x21, 0xDA, 0x1B, 0xD9, 0xF1, 0xE3, 0x84, 0x3B, 0x8A, 0x2A, 0x4F, 0x85, 0x5B, 0x90, 0x01, 0x4F, 0xC9, 0xA7, 0x76, 0x10, 0x7F, 0x27, 0x03, 0x7C, 0xBE, 0xAE, 0x7E, 0x7D, 
	0xC1, 0xDD, 0xF9, 0x05, 0xBC, 0x1B, 0x48, 0x9C, 0x69, 0xE7, 0xC0, 0xA4, 0x3C, 0x3C, 0x41, 0x00, 0x3E, 0xDF, 0x96, 0xE5, 0xC5, 0xE4, 0x94, 0x71, 0xD6, 0x55, 0x01, 0xC7, 0x00, 0x26, 
	0x4A, 0x40, 0x3C, 0xB5, 0xA1, 0x26, 0xA9, 0x0C, 0xA7, 0x6D, 0x80, 0x8E, 0x90, 0x25, 0x7B, 0xCF, 0xBF, 0x3F, 0x1C, 0xEB, 0x2F, 0x96, 0xFA, 0xE5, 0x87, 0x77, 0xC6, 0xB5, 0x56, 0xB2, 
	0x7A, 0x3B, 0x54, 0x30, 0x53, 0x1B, 0xDF, 0x62, 0x34, 0xFF, 0x1E, 0xD1, 0xF4, 0x5A, 0x93, 0x28, 0x85, 0xE5, 0x4C, 0x17, 0x4E, 0x7E, 0x5B, 0xFD, 0xA4, 0x93, 0x99, 0x7F, 0xDF, 0xCD, 
	0xEF, 0xA4, 0x75, 0xEF, 0xEF, 0x15, 0xF6, 0x47, 0xE7, 0xF8, 0x19, 0x72, 0xD8, 0x2E, 0x34, 0x1A, 0xA6, 0xB4, 0xA7, 0x4C, 0x7E, 0xBD, 0xBB, 0x4F, 0x0C, 0x3D, 0x57, 0xF1, 0x30, 0xD6, 
	0xA6, 0x36, 0x8E, 0xD6, 0x80, 0x76, 0xD7, 0x19, 0x2E, 0xA5, 0xCD, 0x7E, 0x34, 0x2D, 0x89, 0x02, 0x03, 0x01, 0x00, 0x01, 0xA3, 0x82, 0x01, 0xFE, 0x30, 0x82, 0x01, 0xFA, 0x30, 0x12, 
	0x06, 0x03, 0x55, 0x1D, 0x13, 0x01, 0x01, 0xFF, 0x04, 0x08, 0x30, 0x06, 0x01, 0x01, 0xFF, 0x02, 0x01, 0x00, 0x30, 0x70, 0x06, 0x03, 0x55, 0x1D, 0x20, 0x04, 0x69, 0x30, 0x67, 0x30, 
	0x65, 0x06, 0x0B, 0x60, 0x86, 0x48, 0x01, 0x86, 0xF8, 0x45, 0x01, 0x07, 0x17, 0x03, 0x30, 0x56, 0x30, 0x28, 0x06, 0x08, 0x2B, 0x06, 0x01, 0x05, 0x05, 0x07, 0x02, 0x01, 0x16, 0x1C, 
	0x68, 0x74, 0x74, 0x70, 0x73, 0x3A, 0x2F, 0x2F, 0x77, 0x77, 0x77, 0x2E, 0x76, 0x65, 0x72, 0x69, 0x73, 0x69, 0x67, 0x6E, 0x2E, 0x63, 0x6F, 0x6D, 0x2F, 0x63, 0x70, 0x73, 0x30, 0x2A, 
	0x06, 0x08, 0x2B, 0x06, 0x01, 0x05, 0x05, 0x07, 0x02, 0x02, 0x30, 0x1E, 0x1A, 0x1C, 0x68, 0x74, 0x74, 0x70, 0x73, 0x3A, 0x2F, 0x2F, 0x77, 0x77, 0x77, 0x2E, 0x76, 0x65, 0x72, 0x69, 
	0x73, 0x69, 0x67, 0x6E, 0x2E, 0x63, 0x6F, 0x6D, 0x2F, 0x72, 0x70, 0x61, 0x30, 0x0E, 0x06, 0x03, 0x55, 0x1D, 0x0F, 0x01, 0x01, 0xFF, 0x04, 0x04, 0x03, 0x02, 0x01, 0x06, 0x30, 0x6D, 
	0x06, 0x08, 0x2B, 0x06, 0x01, 0x05, 0x05, 0x07, 0x01, 0x0C, 0x04, 0x61, 0x30, 0x5F, 0xA1, 0x5D, 0xA0, 0x5B, 0x30, 0x59, 0x30, 0x57, 0x30, 0x55, 0x16, 0x09, 0x69, 0x6D, 0x61, 0x67, 
	0x65, 0x2F, 0x67, 0x69, 0x66, 0x30, 0x21, 0x30, 0x1F, 0x30, 0x07, 0x06, 0x05, 0x2B, 0x0E, 0x03, 0x02, 0x1A, 0x04, 0x14, 0x8F, 0xE5, 0xD3, 0x1A, 0x86, 0xAC, 0x8D, 0x8E, 0x6B, 0xC3, 
	0xCF, 0x80, 0x6A, 0xD4, 0x48, 0x18, 0x2C, 0x7B, 0x19, 0x2E, 0x30, 0x25, 0x16, 0x23, 0x68, 0x74, 0x74, 0x70, 0x3A, 0x2F, 0x2F, 0x6C, 0x6F, 0x67, 0x6F, 0x2E, 0x76, 0x65, 0x72, 0x69, 
	0x73, 0x69, 0x67, 0x6E, 0x2E, 0x63, 0x6F, 0x6D, 0x2F, 0x76, 0x73, 0x6C, 0x6F, 0x67, 0x6F, 0x2E, 0x67, 0x69, 0x66, 0x30, 0x34, 0x06, 0x03, 0x55, 0x1D, 0x1F, 0x04, 0x2D, 0x30, 0x2B, 
	0x30, 0x29, 0xA0, 0x27, 0xA0, 0x25, 0x86, 0x23, 0x68, 0x74, 0x74, 0x70, 0x3A, 0x2F, 0x2F, 0x63, 0x72, 0x6C, 0x2E, 0x76, 0x65, 0x72, 0x69, 0x73, 0x69, 0x67, 0x6E, 0x2E, 0x63, 0x6F, 
	0x6D, 0x2F, 0x70, 0x63, 0x61, 0x33, 0x2D, 0x67, 0x35, 0x2E, 0x63, 0x72, 0x6C, 0x30, 0x34, 0x06, 0x08, 0x2B, 0x06, 0x01, 0x05, 0x05, 0x07, 0x01, 0x01, 0x04, 0x28, 0x30, 0x26, 0x30, 
	0x24, 0x06, 0x08, 0x2B, 0x06, 0x01, 0x05, 0x05, 0x07, 0x30, 0x01, 0x86, 0x18, 0x68, 0x74, 0x74, 0x70, 0x3A, 0x2F, 0x2F, 0x6F, 0x63, 0x73, 0x70, 0x2E, 0x76, 0x65, 0x72, 0x69, 0x73, 
	0x69, 0x67, 0x6E, 0x2E, 0x63, 0x6F, 0x6D, 0x30, 0x1D, 0x06, 0x03, 0x55, 0x1D, 0x25, 0x04, 0x16, 0x30, 0x14, 0x06, 0x08, 0x2B, 0x06, 0x01, 0x05, 0x05, 0x07, 0x03, 0x02, 0x06, 0x08, 
	0x2B, 0x06, 0x01, 0x05, 0x05, 0x07, 0x03, 0x03, 0x30, 0x28, 0x06, 0x03, 0x55, 0x1D, 0x11, 0x04, 0x21, 0x30, 0x1F, 0xA4, 0x1D, 0x30, 0x1B, 0x31, 0x19, 0x30, 0x17, 0x06, 0x03, 0x55, 
	0x04, 0x03, 0x13, 0x10, 0x56, 0x65, 0x72, 0x69, 0x53, 0x69, 0x67, 0x6E, 0x4D, 0x50, 0x4B, 0x49, 0x2D, 0x32, 0x2D, 0x38, 0x30, 0x1D, 0x06, 0x03, 0x55, 0x1D, 0x0E, 0x04, 0x16, 0x04, 
	0x14, 0xCF, 0x99, 0xA9, 0xEA, 0x7B, 0x26, 0xF4, 0x4B, 0xC9, 0x8E, 0x8F, 0xD7, 0xF0, 0x05, 0x26, 0xEF, 0xE3, 0xD2, 0xA7, 0x9D, 0x30, 0x1F, 0x06, 0x03, 0x55, 0x1D, 0x23, 0x04, 0x18, 
	0x30, 0x16, 0x80, 0x14, 0x7F, 0xD3, 0x65, 0xA7, 0xC2, 0xDD, 0xEC, 0xBB, 0xF0, 0x30, 0x09, 0xF3, 0x43, 0x39, 0xFA, 0x02, 0xAF, 0x33, 0x31, 0x33, 0x30, 0x0D, 0x06, 0x09, 0x2A, 0x86, 
	0x48, 0x86, 0xF7, 0x0D, 0x01, 0x01, 0x05, 0x05, 0x00, 0x03, 0x82, 0x01, 0x01, 0x00, 0x56, 0x22, 0xE6, 0x34, 0xA4, 0xC4, 0x61, 0xCB, 0x48, 0xB9, 0x01, 0xAD, 0x56, 0xA8, 0x64, 0x0F, 
	0xD9, 0x8C, 0x91, 0xC4, 0xBB, 0xCC, 0x0C, 0xE5, 0xAD, 0x7A, 0xA0, 0x22, 0x7F, 0xDF, 0x47, 0x38, 0x4A, 0x2D, 0x6C, 0xD1, 0x7F, 0x71, 0x1A, 0x7C, 0xEC, 0x70, 0xA9, 0xB1, 0xF0, 0x4F, 
	0xE4, 0x0F, 0x0C, 0x53, 0xFA, 0x15, 0x5E, 0xFE, 0x74, 0x98, 0x49, 0x24, 0x85, 0x81, 0x26, 0x1C, 0x91, 0x14, 0x47, 0xB0, 0x4C, 0x63, 0x8C, 0xBB, 0xA1, 0x34, 0xD4, 0xC6, 0x45, 0xE8, 
	0x0D, 0x85, 0x26, 0x73, 0x03, 0xD0, 0xA9, 0x8C, 0x64, 0x6D, 0xDC, 0x71, 0x92, 0xE6, 0x45, 0x05, 0x60, 0x15, 0x59, 0x51, 0x39, 0xFC, 0x58, 0x14, 0x6B, 0xFE, 0xD4, 0xA4, 0xED, 0x79, 
	0x6B, 0x08, 0x0C, 0x41, 0x72, 0xE7, 0x37, 0x22, 0x06, 0x09, 0xBE, 0x23, 0xE9, 0x3F, 0x44, 0x9A, 0x1E, 0xE9, 0x61, 0x9D, 0xCC, 0xB1, 0x90, 0x5C, 0xFC, 0x3D, 0xD2, 0x8D, 0xAC, 0x42, 
	0x3D, 0x65, 0x36, 0xD4, 0xB4, 0x3D, 0x40, 0x28, 0x8F, 0x9B, 0x10, 0xCF, 0x23, 0x26, 0xCC, 0x4B, 0x20, 0xCB, 0x90, 0x1F, 0x5D, 0x8C, 0x4C, 0x34, 0xCA, 0x3C, 0xD8, 0xE5, 0x37, 0xD6, 
	0x6F, 0xA5, 0x20, 0xBD, 0x34, 0xEB, 0x26, 0xD9, 0xAE, 0x0D, 0xE7, 0xC5, 0x9A, 0xF7, 0xA1, 0xB4, 0x21, 0x91, 0x33, 0x6F, 0x86, 0xE8, 0x58, 0xBB, 0x25, 0x7C, 0x74, 0x0E, 0x58, 0xFE, 
	0x75, 0x1B, 0x63, 0x3F, 0xCE, 0x31, 0x7C, 0x9B, 0x8F, 0x1B, 0x96, 0x9E, 0xC5, 0x53, 0x76, 0x84, 0x5B, 0x9C, 0xAD, 0x91, 0xFA, 0xAC, 0xED, 0x93, 0xBA, 0x5D, 0xC8, 0x21, 0x53, 0xC2, 
	0x82, 0x53, 0x63, 0xAF, 0x12, 0x0D, 0x50, 0x87, 0x11, 0x1B, 0x3D, 0x54, 0x52, 0x96, 0x8A, 0x2C, 0x9C, 0x3D, 0x92, 0x1A, 0x08, 0x9A, 0x05, 0x2E, 0xC7, 0x93, 0xA5, 0x48, 0x91, 0xD3, 
	0x31, 0x82, 0x02, 0x63, 0x30, 0x82, 0x02, 0x5F, 0x02, 0x01, 0x01, 0x30, 0x81, 0xC9, 0x30, 0x81, 0xB4, 0x31, 0x0B, 0x30, 0x09, 0x06, 0x03, 0x55, 0x04, 0x06, 0x13, 0x02, 0x55, 0x53, 
	0x31, 0x17, 0x30, 0x15, 0x06, 0x03, 0x55, 0x04, 0x0A, 0x13, 0x0E, 0x56, 0x65, 0x72, 0x69, 0x53, 0x69, 0x67, 0x6E, 0x2C, 0x20, 0x49, 0x6E, 0x63, 0x2E, 0x31, 0x1F, 0x30, 0x1D, 0x06, 
	0x03, 0x55, 0x04, 0x0B, 0x13, 0x16, 0x56, 0x65, 0x72, 0x69, 0x53, 0x69, 0x67, 0x6E, 0x20, 0x54, 0x72, 0x75, 0x73, 0x74, 0x20, 0x4E, 0x65, 0x74, 0x77, 0x6F, 0x72, 0x6B, 0x31, 0x3B, 
	0x30, 0x39, 0x06, 0x03, 0x55, 0x04, 0x0B, 0x13, 0x32, 0x54, 0x65, 0x72, 0x6D, 0x73, 0x20, 0x6F, 0x66, 0x20, 0x75, 0x73, 0x65, 0x20, 0x61, 0x74, 0x20, 0x68, 0x74, 0x74, 0x70, 0x73, 
	0x3A, 0x2F, 0x2F, 0x77, 0x77, 0x77, 0x2E, 0x76, 0x65, 0x72, 0x69, 0x73, 0x69, 0x67, 0x6E, 0x2E, 0x63, 0x6F, 0x6D, 0x2F, 0x72, 0x70, 0x61, 0x20, 0x28, 0x63, 0x29, 0x31, 0x30, 0x31, 
	0x2E, 0x30, 0x2C, 0x06, 0x03, 0x55, 0x04, 0x03, 0x13, 0x25, 0x56, 0x65, 0x72, 0x69, 0x53, 0x69, 0x67, 0x6E, 0x20, 0x43, 0x6C, 0x61, 0x73, 0x73, 0x20, 0x33, 0x20, 0x43, 0x6F, 0x64, 
	0x65, 0x20, 0x53, 0x69, 0x67, 0x6E, 0x69, 0x6E, 0x67, 0x20, 0x32, 0x30, 0x31, 0x30, 0x20, 0x43, 0x41, 0x02, 0x10, 0x77, 0x35, 0xA9, 0x05, 0xD3, 0xC9, 0x99, 0x56, 0x5C, 0xCC, 0x8B, 
	0xCD, 0x7F, 0x85, 0xD9, 0x20, 0x30, 0x09, 0x06, 0x05, 0x2B, 0x0E, 0x03, 0x02, 0x1A, 0x05, 0x00, 0xA0, 0x70, 0x30, 0x10, 0x06, 0x0A, 0x2B, 0x06, 0x01, 0x04, 0x01, 0x82, 0x37, 0x02, 
	0x01, 0x0C, 0x31, 0x02, 0x30, 0x00, 0x30, 0x19, 0x06, 0x09, 0x2A, 0x86, 0x48, 0x86, 0xF7, 0x0D, 0x01, 0x09, 0x03, 0x31, 0x0C, 0x06, 0x0A, 0x2B, 0x06, 0x01, 0x04, 0x01, 0x82, 0x37, 
	0x02, 0x01, 0x04, 0x30, 0x1C, 0x06, 0x0A, 0x2B, 0x06, 0x01, 0x04, 0x01, 0x82, 0x37, 0x02, 0x01, 0x0B, 0x31, 0x0E, 0x30, 0x0C, 0x06, 0x0A, 0x2B, 0x06, 0x01, 0x04, 0x01, 0x82, 0x37, 
	0x02, 0x01, 0x15, 0x30, 0x23, 0x06, 0x09, 0x2A, 0x86, 0x48, 0x86, 0xF7, 0x0D, 0x01, 0x09, 0x04, 0x31, 0x16, 0x04, 0x14, 0x28, 0x78, 0x80, 0x7C, 0x09, 0x28, 0x8C, 0x13, 0x82, 0x43, 
	0xF9, 0x57, 0x19, 0x55, 0x72, 0x03, 0x49, 0x57, 0x84, 0xEA, 0x30, 0x0D, 0x06, 0x09, 0x2A, 0x86, 0x48, 0x86, 0xF7, 0x0D, 0x01, 0x01, 0x01, 0x05, 0x00, 0x04, 0x82, 0x01, 0x00, 0x24, 
	0x85, 0xFB, 0x05, 0x34, 0x7B, 0x9F, 0xA5, 0x63, 0x11, 0xD8, 0x7A, 0xB9, 0x0E, 0xAE, 0xD4, 0xDB, 0xB1, 0x51, 0x8A, 0x5F, 0xE5, 0xD4, 0xFC, 0x47, 0xB1, 0xEA, 0x12, 0x89, 0x2B, 0xDA, 
	0xF7, 0x26, 0x6C, 0x3F, 0x14, 0x23, 0x40, 0x7C, 0xE2, 0x1F, 0x51, 0x7C, 0x81, 0xCB, 0x2D, 0xAA, 0xF9, 0x8E, 0x0E, 0x04, 0x6D, 0xEA, 0x1C, 0x4B, 0x01, 0x0D, 0x6B, 0x96, 0xF0, 0x00, 
	0xCF, 0xC9, 0xA3, 0x57, 0x2D, 0x8A, 0x6A, 0xBC, 0x2D, 0xEE, 0x1E, 0xFF, 0x08, 0xE4, 0x43, 0x19, 0x81, 0x41, 0x9B, 0x70, 0xBE, 0xE5, 0x39, 0x5F, 0xAC, 0x76, 0xCC, 0x40, 0xB5, 0x7C, 
	0x4B, 0x1A, 0x9E, 0x34, 0xF5, 0x8F, 0xB0, 0x7B, 0xCF, 0x31, 0x8F, 0x7D, 0x24, 0xF7, 0x24, 0xC3, 0xA0, 0x99, 0x23, 0x85, 0x76, 0xB9, 0xB5, 0x6B, 0x35, 0xD0, 0xEF, 0xEF, 0xAF, 0x9C, 
	0xAD, 0xB5, 0x93, 0x6C, 0xD3, 0x72, 0xB6, 0x46, 0x7C, 0x12, 0x3A, 0x0E, 0x0F, 0x56, 0x99, 0x8D, 0x86, 0x1E, 0x2A, 0xFC, 0xC1, 0x21, 0xB3, 0x00, 0xBA, 0x1C, 0x53, 0xCC, 0x47, 0x05, 
	0x34, 0x85, 0x82, 0xD3, 0xB3, 0xDE, 0xE8, 0x73, 0x1E, 0xB1, 0x4F, 0x74, 0xA3, 0x25, 0xAC, 0xF7, 0x12, 0xB9, 0x7F, 0x4C, 0x21, 0xEC, 0x02, 0x8D, 0xAC, 0x2C, 0xBA, 0xFC, 0x46, 0x95, 
	0x01, 0x49, 0x79, 0xEC, 0x2C, 0x07, 0x3F, 0x1F, 0xF3, 0x74, 0x8D, 0xC1, 0xCF, 0x53, 0x7A, 0x2B, 0x00, 0x0D, 0x03, 0x2B, 0x0E, 0x61, 0x4D, 0x23, 0x97, 0x10, 0x3B, 0x81, 0x6B, 0x2D, 
	0x00, 0xDF, 0xFA, 0x5D, 0xFC, 0xE4, 0x76, 0x7D, 0x38, 0x6A, 0x20, 0xD9, 0x7E, 0x5D, 0x5E, 0x0C, 0xFF, 0x50, 0x2A, 0xBF, 0x76, 0xD0, 0x47, 0xAA, 0xD2, 0x5B, 0x72, 0x98, 0xE7, 0x43, 
	0x10, 0x8C, 0xEC, 0xF4, 0x48, 0xDD, 0xB7, 0x83, 0x38, 0xF8, 0xF4, 0x83, 0xFD, 0x11, 0x6F, 0x00, 0x00, 0x00, 0x00, 0x00, 0x00, 0x00, 0x27, 0xB7, 0xCA, 0x38, 0x8C, 0x3E, 0x15, 0x15, 
	0xD8, 0x48, 0x35, 0xC7, 0x73, 0xC1, 0xEA, 0xEA, 0x15, 0x15, 0x15, 0x15, 0x15, 0x15, 0x15, 0x15, 0x15, 0x15, 0x15, 0x15, 0x15, 0x15, 0x15, 0x15, 0x15, 0x15, 0x15, 0x15, 0x15, 0x15, 
	0x15, 0x15, 0x15, 0x15, 0x15, 0x15, 0x15, 0x15, 0x15, 0x15, 0x15, 0x15, 0x15, 0x15, 0x15, 0x15, 0x15, 0x15, 0x15, 0x15, 0x15, 0x15, 0x15, 0x15, 0x15, 0x15, 0x15, 0x15, 0x15, 0x15, 
	0x15, 0x15, 0x15, 0x15, 0x15, 0x15, 0x15, 0x15, 0x15, 0x15, 0x15, 0x15, 0x15, 0x15, 0x15, 0x15, 0x15, 0x15, 0x15, 0x15, 0x15, 0x15, 0x15, 0x15, 0x15, 0x15, 0x15, 0x15, 0x15, 0x15, 
	0x15, 0x15, 0x15, 0x15, 0x15, 0x15, 0x15, 0x15, 0x15, 0x15, 0x15, 0x15, 0x15, 0x15, 0x15, 0x15, 0x15, 0x15, 0x15, 0x15, 0x15, 0x15, 0x15, 0x15, 0x15, 0x15, 0x15, 0x15, 0x15, 0x15, 
	0x15, 0x15, 0x15, 0x15, 0x15, 0x15, 0x15, 0x15, 0x15, 0x15, 0x15, 0x15, 0x15, 0x15, 0x15, 0x15, 0x15, 0x15, 0x15, 0x15, 0x15, 0x15, 0x15, 0x15, 0x15, 0x15, 0x15, 0x15, 0x15, 0x15, 
	0x15, 0x15, 0x15, 0x15, 0x15, 0x15, 0x15, 0x15, 0x15, 0x15, 0x15, 0x15, 0x15, 0x15, 0x15, 0x15, 0x15, 0x15, 0x15, 0x15, 0x15, 0x15, 0x15, 0x15, 0x15, 0x15, 0x15, 0x15, 0x15, 0x15, 
	0x15, 0x15, 0x15, 0x15, 0x15, 0x15, 0x15, 0x15, 0x15, 0x15, 0x15, 0x15, 0x15, 0x15, 0x15, 0x15, 0x15, 0x15, 0x15, 0x15, 0x15, 0x15, 0x15, 0x15, 0x15, 0x15, 0x15, 0x15, 0x15, 0x15, 
	0x15, 0x15, 0x15, 0x15, 0x15, 0x15, 0x15, 0x15, 0x15, 0x15, 0x15, 0x15, 0x15, 0x15, 0x15, 0x15, 0x15, 0x15, 0x15, 0x15, 0x15, 0x15, 0x15, 0x15, 0x15, 0x15, 0x15, 0x15, 0x15, 0x15, 
	0x15, 0x15, 0x15, 0x15, 0x15, 0x15, 0x15, 0x15, 0x15, 0x15, 0x15, 0x15, 0x15, 0x15, 0x15, 0x15, 0x15, 0x15, 0x15, 0x15, 0x15, 0x15, 0x15, 0x15, 0x15, 0x15, 0x15, 0x15, 0x15, 0x15, 
	0x15, 0x15, 0x15, 0x15, 0x15, 0x15, 0x15, 0x15, 0x15, 0x15, 0x15, 0x15, 0x15, 0x15, 0x15, 0x15, 0x15, 0x15, 0x15, 0x15, 0x15, 0x15, 0x15, 0x15, 0x15, 0x15, 0x15, 0x15, 0x15, 0x15, 
	0x15, 0x15, 0x15, 0x15, 0x15, 0x15, 0x15, 0x15, 0x15, 0x15, 0x15, 0x15, 0x15, 0x15, 0x15, 0x15, 0x15, 0x15, 0x15, 0x15, 0x15, 0x15, 0x15, 0x15, 0x15, 0x15, 0x15, 0x15, 0x15, 0x15, 
	0x15, 0x15, 0x15, 0x15, 0x15, 0x15, 0x15, 0x15, 0x15, 0x15, 0x15, 0x15, 0x15, 0x15, 0x15, 0x15, 0x15, 0x15, 0x15, 0x15, 0x15, 0x15, 0x15, 0x15, 0x15, 0x15, 0x15, 0x15, 0x15, 0x15, 
	0x15, 0x15, 0x15, 0x15, 0x15, 0x15, 0x15, 0x15, 0x15, 0x15, 0x15, 0x15, 0x15, 0x15, 0x15, 0x15, 0x15, 0x15, 0x15, 0x15, 0x15, 0x15, 0x15, 0x15, 0x15, 0x15, 0x15, 0x15, 0x15, 0x15, 
	0x15, 0x15, 0x15, 0x15, 0x15, 0x15, 0x15, 0x15, 0x15, 0x15, 0x15, 0x15, 0x15, 0x15, 0x15, 0x15, 0x15, 0x15, 0x15, 0x15, 0x15, 0x15, 0x15, 0x15, 0x15, 0x15, 0x15, 0x15, 0x15, 0x15, 
	0x15, 0x15, 0x15, 0x15, 0x15, 0x15, 0x15, 0x15, 0x15, 0x15, 0x15, 0x15, 0x15, 0x15, 0x15, 0x15, 0x15, 0x15, 0x15, 0x15, 0x15, 0x15, 0x15, 0x15, 0x15, 0x15, 0x15, 0x15, 0x15, 0x05, 
	0x15, 0x15, 0x43, 0x05, 0x15, 0x15, 0x05, 0x36, 0x15, 0x15, 0x65, 0x05, 0x15, 0x15, 0x65, 0x06, 0x15, 0x15, 0x09, 0x36, 0x15, 0x15, 0x65, 0x06, 0x15, 0x15, 0x63, 0x00, 0x15, 0x15, 
	0x39, 0x36, 0x15, 0x15, 0x85, 0x00, 0x15, 0x15, 0xBB, 0x00, 0x15, 0x15, 0x45, 0x36, 0x15, 0x15, 0xA5, 0x00, 0x15, 0x15, 0xC2, 0x00, 0x15, 0x15, 0x41, 0x36, 0x15, 0x15, 0xE5, 0x00, 
	0x15, 0x15, 0xE7, 0x00, 0x15, 0x15, 0x75, 0x36, 0x15, 0x15, 0x15, 0xD5, 0x15, 0x15, 0x3F, 0xD5, 0x15, 0x15, 0x29, 0x36, 0x15, 0x15, 0x15, 0x15, 0x15, 0x15, 0x15, 0x15, 0x15, 0x15, 
	0x15, 0x15, 0x15, 0x15, 0x15, 0x15, 0x15, 0x15, 0x15, 0x15, 0x15, 0x15, 0x15, 0x15, 0x15, 0x15, 0x15, 0x15, 0x15, 0x15, 0x15, 0x15, 0x15, 0x15, 0x15, 0x15, 0x15, 0x15, 0x15, 0x15, 
	0x15, 0x15, 0x15, 0x15, 0x15, 0x15, 0x15, 0x15, 0x15, 0x15, 0x15, 0x15, 0x15, 0x15, 0x15, 0x15, 0x15, 0x15, 0x15, 0x15, 0x15, 0x15, 0x15, 0x15, 0x15, 0x15, 0x15, 0x15, 0x15, 0x15, 
	0x15, 0x15, 0x15, 0x15, 0x15, 0x15, 0x15, 0x15, 0x15, 0x15, 0x15, 0x15, 0x15, 0x15, 0x15, 0x15, 0x15, 0x15, 0x15, 0x15, 0x15, 0x15, 0x15, 0x15, 0x15, 0x15, 0x15, 0x15, 0x15, 0x15, 
	0x15, 0x15, 0x15, 0x15, 0x15, 0x15, 0x15, 0x15, 0x15, 0x15, 0x15, 0x15, 0x15, 0x15, 0x15, 0x15, 0x15, 0x15, 0x15, 0x15, 0x15, 0x15, 0x15, 0x15, 0x15, 0x15, 0x15, 0x15, 0x15, 0x15, 
	0x15, 0x15, 0x15, 0x15, 0x15, 0x15, 0x15, 0x15, 0x15, 0x15, 0x15, 0x15, 0x15, 0x15, 0x15, 0x15, 0x15, 0x15, 0x15, 0x15, 0x15, 0x15, 0x15, 0x15, 0x15, 0x15, 0x15, 0x15, 0x15, 0x15, 
	0x15, 0x15, 0x15, 0x15, 0x15, 0x15, 0x15, 0x15, 0x15, 0x15, 0x15, 0x15, 0x15, 0x15, 0x15, 0x15, 0x15, 0x15, 0x15, 0x15, 0x15, 0x15, 0x15, 0x15, 0x15, 0x15, 0x15, 0x15, 0x15, 0x15, 
	0x15, 0x15, 0x15, 0x15, 0x15, 0x15, 0x15, 0x15, 0x15, 0x15, 0x15, 0x15, 0x15, 0x15, 0x15, 0x15, 0x15, 0x15, 0x15, 0x15, 0x15, 0x15, 0x15, 0x15, 0x15, 0x15, 0x15, 0x15, 0x15, 0x15, 
	0x15, 0x15, 0x15, 0x15, 0x15, 0x15, 0x15, 0x15, 0x15, 0x15, 0x15, 0x15, 0x15, 0x15, 0x15, 0x15, 0x15, 0x15, 0x15, 0x15, 0x15, 0x15, 0x15, 0x15, 0x15, 0x15, 0x15, 0x15, 0x15, 0x15, 
	0x15, 0x15, 0x15, 0x15, 0x15, 0x15, 0x15, 0x15, 0x15, 0x15, 0x15, 0x15, 0x15, 0x15, 0x15, 0x15, 0x15, 0x15, 0x15, 0x15, 0x15, 0x15, 0x15, 0x15, 0x15, 0x15, 0x15, 0x15, 0x15, 0x15, 
	0x15, 0x15, 0x15, 0x15, 0x15, 0x15, 0x15, 0x15, 0x15, 0x15, 0x15, 0x15, 0x15, 0x15, 0x15, 0x15, 0x15, 0x15, 0x15, 0x15, 0x15, 0x15, 0x15, 0x15, 0x15, 0x15, 0x15, 0x15, 0x15, 0x15, 
	0x15, 0x15, 0x15, 0x15, 0x15, 0x15, 0x15, 0x15, 0x15, 0x15, 0x15, 0x15, 0x15, 0x15, 0x15, 0x15, 0x15, 0x15, 0x15, 0x15, 0x15, 0x15, 0x15, 0x15, 0x15, 0x15, 0x15, 0x15, 0x15, 0x15, 
	0x15, 0x15, 0x15, 0x15, 0x15, 0x15, 0x15, 0x15, 0x15, 0x15, 0x15, 0x15, 0x15, 0x15, 0x15, 0x15, 0x15, 0x15, 0x15, 0x15, 0x15, 0x15, 0x15, 0x15, 0x15, 0x15, 0x15, 0x15, 0x15, 0x15, 
	0x15, 0x15, 0x15, 0x15, 0x15, 0x15, 0x15, 0x15, 0x15, 0x15, 0x15, 0x15, 0x15, 0x15, 0x15, 0x15, 0x15, 0x15, 0x15, 0x15, 0x15, 0x15, 0x15, 0x15, 0x15, 0x15, 0x15, 0x15, 0x15, 0x15, 
	0x15, 0x15, 0x15, 0x15, 0x15, 0x15, 0x15, 0x15, 0x15, 0x15, 0x15, 0x15, 0x15, 0x15, 0x15, 0x15, 0x15, 0x15, 0x15, 0x15, 0x15, 0x15, 0x15, 0x15, 0x15, 0x15, 0x15, 0x15, 0x15, 0x15, 
	0x1E, 0x15, 0x15, 0x15, 0x15, 0x15, 0x15, 0x15, 0x15, 0x15, 0x15, 0x15, 0x15, 0x15, 0x15, 0x15, 0x15, 0x15, 0x15, 0x15, 0x15, 0x15, 0x15, 0x15, 0x15, 0x15, 0x15, 0x15, 0x15, 0x15, 
	0x15, 0x15, 0x15, 0x15, 0x15, 0x15, 0x15, 0x15, 0x15, 0x15, 0x15, 0x15, 0x15, 0x15, 0x15, 0x15, 0x15, 0x15, 0x15, 0x15, 0x15, 0x15, 0x15, 0x15, 0x15, 0x15, 0x15, 0x15, 0x15, 0x15, 
	0x15, 0x15, 0x15, 0x15, 0x15, 0x15, 0x15, 0x15, 0x15, 0x15, 0x15, 0x15, 0x15, 0x15, 0x15, 0x15, 0x15, 0x15, 0x15, 0x15, 0x15, 0x15, 0x15, 0x15, 0x15, 0x15, 0x15, 0x15, 0x15, 0x15, 
	0x15, 0x15, 0x15, 0x15, 0x15, 0x15, 0x15, 0x15, 0x15, 0x15, 0x15, 0x15, 0x15, 0x15, 0x15, 0x15, 0x15, 0x15, 0x15, 0x15, 0x15, 0x15, 0x15, 0x15, 0x15, 0x15, 0x15, 0x15, 0x15, 0x15, 
	0x15, 0x15, 0x15, 0x15, 0x15, 0x15, 0x15, 0x15, 0x15, 0x15, 0x15, 0x15, 0x15, 0x15, 0x15, 0x15, 0x15, 0x15, 0x15, 0x15, 0x15, 0x15, 0x15, 0x15, 0x15, 0x15, 0x15, 0x15, 0x15, 0x15, 
	0x15, 0x15, 0x15, 0x15, 0x15, 0x15, 0x15, 0x15, 0x15, 0x15, 0x15, 0x15, 0x15, 0x15, 0x15, 0x15, 0x15, 0x15, 0x15, 0x15, 0x15, 0x15, 0x15, 0x15, 0x15, 0x15, 0x15, 0x15, 0x15, 0x15, 
	0x15, 0x15, 0x15, 0x15, 0x15, 0x15, 0x15, 0x15, 0x15, 0x15, 0x15, 0x15, 0x15, 0x15, 0x15, 0x15, 0x15, 0x15, 0x15, 0x15, 0x15, 0x15, 0x15, 0x15, 0x15, 0x15, 0x15, 0x15, 0x15, 0x15, 
	0x15, 0x15, 0x15, 0x15, 0x15, 0x15, 0x15, 0x15, 0x15, 0x15, 0x15, 0x15, 0x15, 0x15, 0x15, 0x15, 0x15, 0x15, 0x15, 0x15, 0x15, 0x15, 0x15, 0x15, 0x15, 0x15, 0x15, 0x15, 0x15, 0x15, 
	0x15, 0x15, 0x15, 0x15, 0x15, 0x15, 0x15, 0x15, 0x15, 0x15, 0x15, 0x15, 0x15, 0x15, 0x15, 0x15, 0x15, 0x15, 0x15, 0x15, 0x15, 0x15, 0x15, 0x15, 0x15, 0x15, 0x15, 0x15, 0x15, 0x15, 
	0x15, 0x15, 0x15, 0x15, 0x15, 0x15, 0x15, 0x15, 0x15, 0x15, 0x15, 0x15, 0x15, 0x15, 0x15, 0x15, 0x15, 0x15, 0x15, 0x15, 0x15, 0x15, 0x15, 0x15, 0x15, 0x15, 0x15, 0x15, 0x15, 0x15, 
	0x15, 0x15, 0x15, 0x15, 0x15, 0x15, 0x15, 0x15, 0x15, 0x15, 0x15, 0x15, 0x15, 0x15, 0x15, 0x15, 0x15, 0x15, 0x15, 0x15, 0x15, 0x15, 0x15, 0x15, 0x15, 0x15, 0x15, 0x15, 0x15, 0x15, 
	0x15, 0x15, 0x15, 0x15, 0x15, 0x15, 0x15, 0x15, 0x15, 0x15, 0x15, 0x15, 0x15, 0x15, 0x15, 0x15, 0x15, 0x15, 0x15, 0x15, 0x15, 0x15, 0x15, 0x15, 0x15, 0x15, 0x15, 0x15, 0x15, 0x15, 
	0x15, 0x15, 0x15, 0x15, 0x15, 0x15, 0x15, 0x15, 0x15, 0x15, 0x15, 0x15, 0x15, 0x15, 0x15, 0x15, 0x15, 0x15, 0x15, 0x15, 0x15, 0x15, 0x15, 0x15, 0x15, 0x15, 0x15, 0x15, 0x15, 0x15, 
	0x15, 0x15, 0x15, 0x15, 0x15, 0x15, 0x15, 0x15, 0x15, 0x15, 0x15, 0x15, 0x15, 0x15, 0x15, 0x15, 0x15, 0x15, 0x15, 0x15, 0x15, 0x15, 0x15, 0x15, 0x15, 0x15, 0x15, 0x15, 0x15, 0x15, 
	0x15, 0x15, 0x15, 0x15, 0x15, 0x15, 0x15, 0x15, 0x15, 0x15, 0x15, 0x15, 0x15, 0x15, 0x15, 0x15, 0x15, 0x15, 0x15, 0x15, 0x15, 0x15, 0x15, 0x15, 0x15, 0x15, 0x15, 0x15, 0x15, 0x15, 
	0x15, 0x15, 0x15, 0x15, 0x15, 0x15, 0x15, 0x15, 0x15, 0x15, 0x15, 0x15, 0x15, 0x15, 0x15, 0x15, 0x15, 0x15, 0x15, 0x15, 0x15, 0x15, 0x15, 0x15, 0x15, 0x15, 0x15, 0x15, 0x15, 0x15, 
	0x15, 0x15, 0x15, 0x15, 0x15, 0x15, 0x15, 0x15, 0x15, 0x15, 0x15, 0x15, 0x15, 0x15, 0x15, 0x15, 0x15, 0x15, 0x15, 0x15, 0x15, 0x15, 0x15, 0x15, 0x15, 0x15, 0x15, 0x15, 0x15, 0x15, 
	0x15, 0x15, 0x5D, 0x9C, 0x49, 0x31, 0x1D, 0x42, 0x5D, 0x96, 0xF9, 0x35, 0x5D, 0x9E, 0xCF, 0x5D, 0x9E, 0xEC, 0xFD, 0x02, 0x15, 0x15, 0x15, 0x5D, 0x9E, 0xC6, 0x5D, 0x9E, 0xDA, 0x5D, 
	0x9E, 0x49, 0x31, 0x25, 0x5D, 0x96, 0xD1, 0x35, 0x4A, 0xFC, 0xC3, 0x5A, 0xEA, 0xEA, 0xD9, 0xD9, 0x5D, 0x9E, 0x10, 0x10, 0xC1, 0xEA, 0xEA, 0x50, 0x26, 0xDC, 0x5C, 0xAD, 0x27, 0xB7, 
	0xCA, 0x38, 0x8C, 0x3E, 0x15, 0x15, 0x5D, 0x90, 0xD5, 0x61, 0x10, 0x5C, 0x2E, 0xD5, 0x60, 0x2D, 0x1A, 0x24, 0x5D, 0xD4, 0xF7, 0x35, 0x5D, 0x98, 0x18, 0xF4, 0xC6, 0xEA, 0xEA, 0x5D, 
	0x1E, 0xD7, 0x5D, 0x26, 0xD4, 0x5D, 0x9C, 0x10, 0xC1, 0xC6, 0xEA, 0xEA, 0x73, 0x51, 0x9C, 0x18, 0xC7, 0xC6, 0xEA, 0xEA, 0x5D, 0x9E, 0x10, 0xD0, 0xC6, 0xEA, 0xEA, 0x5D, 0x90, 0xD5, 
	0x60, 0x1F, 0x5C, 0x9E, 0xD5, 0x5D, 0x9C, 0x10, 0xA3, 0xC6, 0xEA, 0xEA, 0x5D, 0xE2, 0xC5, 0x5D, 0x9C, 0x10, 0xA1, 0xC6, 0xEA, 0xEA, 0xD6, 0xD9, 0xD9, 0xD9, 0xAD, 0xD5, 0x15, 0x15, 
	0x15, 0x15, 0x15, 0x15, 0x15, 0x15, 0x15, 0x15, 0x09, 0xD7, 0x15, 0x15, 0x15, 0x35, 0x15, 0x15, 0x15, 0x15, 0x15, 0x15, 0x15, 0x15, 0x15, 0x15, 0x15, 0x15, 0x15, 0x15, 0x15, 0x15, 
	0x15, 0x15, 0x15, 0x15, 0x15, 0x15, 0x3D, 0xD4, 0x15, 0x15, 0x15, 0x15, 0x15, 0x15, 0x2F, 0xD4, 0x15, 0x15, 0x15, 0x15, 0x15, 0x15, 0x5B, 0xD4, 0x15, 0x15, 0x15, 0x15, 0x15, 0x15, 
	0x73, 0xD4, 0x15, 0x15, 0x15, 0x15, 0x15, 0x15, 0x95, 0xD4, 0x15, 0x15, 0x15, 0x15, 0x15, 0x15, 0x89, 0xD4, 0x15, 0x15, 0x15, 0x15, 0x15, 0x15, 0xA1, 0xD4, 0x15, 0x15, 0x15, 0x15, 
	0x15, 0x15, 0xD1, 0xD4, 0x15, 0x15, 0x15, 0x15, 0x15, 0x15, 0xDB, 0xD4, 0x15, 0x15, 0x15, 0x15, 0x15, 0x15, 0xCF, 0xD4, 0x15, 0x15, 0x15, 0x15, 0x15, 0x15, 0xFD, 0xD4, 0x15, 0x15, 
	0x15, 0x15, 0x15, 0x15, 0xED, 0xD4, 0x15, 0x15, 0x15, 0x15, 0x15, 0x15, 0x19, 0xD7, 0x15, 0x15, 0x15, 0x15, 0x15, 0x15, 0x15, 0x15, 0x15, 0x15, 0x15, 0x15, 0x15, 0x15, 0x84, 0x15, 
	0x50, 0x6D, 0x54, 0x79, 0x79, 0x7A, 0x76, 0x74, 0x61, 0x70, 0x45, 0x7A, 0x7A, 0x79, 0x15, 0x15, 0xAD, 0x15, 0x50, 0x6D, 0x53, 0x67, 0x70, 0x70, 0x45, 0x7A, 0x7A, 0x79, 0x42, 0x7C, 
	0x61, 0x7D, 0x41, 0x74, 0x72, 0x15, 0x8D, 0x12, 0x47, 0x61, 0x79, 0x5C, 0x7B, 0x7C, 0x61, 0x40, 0x7B, 0x7C, 0x76, 0x7A, 0x71, 0x70, 0x46, 0x61, 0x67, 0x7C, 0x7B, 0x72, 0x15, 0x15, 
	0x38, 0x12, 0x47, 0x61, 0x79, 0x51, 0x70, 0x79, 0x70, 0x61, 0x70, 0x47, 0x70, 0x72, 0x7C, 0x66, 0x61, 0x67, 0x6C, 0x43, 0x74, 0x79, 0x60, 0x70, 0x15, 0x15, 0xBA, 0x10, 0x5A, 0x77, 
	0x47, 0x70, 0x73, 0x70, 0x67, 0x70, 0x7B, 0x76, 0x70, 0x5A, 0x77, 0x7F, 0x70, 0x76, 0x61, 0x57, 0x6C, 0x5D, 0x74, 0x7B, 0x71, 0x79, 0x70, 0x15, 0xAA, 0x10, 0x5A, 0x77, 0x73, 0x51, 
	0x70, 0x67, 0x70, 0x73, 0x70, 0x67, 0x70, 0x7B, 0x76, 0x70, 0x5A, 0x77, 0x7F, 0x70, 0x76, 0x61, 0x15, 0x15, 0x4A, 0x1C, 0x4F, 0x62, 0x56, 0x67, 0x70, 0x74, 0x61, 0x70, 0x53, 0x7C, 
	0x79, 0x70, 0x15, 0x15, 0x41, 0x1C, 0x4F, 0x62, 0x56, 0x79, 0x7A, 0x66, 0x70, 0x15, 0xB5, 0x1C, 0x4F, 0x62, 0x5A, 0x65, 0x70, 0x7B, 0x5E, 0x70, 0x6C, 0x15, 0x66, 0x1C, 0x4F, 0x62, 
	0x51, 0x70, 0x79, 0x70, 0x61, 0x70, 0x5E, 0x70, 0x6C, 0x15, 0x67, 0x1C, 0x4F, 0x62, 0x51, 0x70, 0x79, 0x70, 0x61, 0x70, 0x53, 0x7C, 0x79, 0x70, 0x15, 0x15, 0x88, 0x17, 0x5C, 0x7A, 
	0x53, 0x7C, 0x79, 0x70, 0x5A, 0x77, 0x7F, 0x70, 0x76, 0x61, 0x41, 0x6C, 0x65, 0x70, 0x15, 0x15, 0xA7, 0x16, 0x5E, 0x70, 0x57, 0x60, 0x72, 0x56, 0x7D, 0x70, 0x76, 0x7E, 0x50, 0x6D, 
	0x15, 0x15, 0x7B, 0x61, 0x7A, 0x66, 0x7E, 0x67, 0x7B, 0x79, 0x3B, 0x70, 0x6D, 0x70, 0x15, 0x15, 0x15, 0x15, 0x15, 0x15, 0x15, 0x15, 0x15, 0x15, 0x15, 0x15, 0x15, 0x15, 0x15, 0x15, 
	0x15, 0x15, 0x15, 0x15, 0x15, 0x15, 0x15, 0x15, 0x15, 0x15, 0x15, 0x15, 0x15, 0x15, 0x15, 0x15, 0x15, 0x15, 0x15, 0x15, 0x15, 0x15, 0x15, 0x15, 0x15, 0x15, 0x15, 0x15, 0x15, 0x15, 
	0x15, 0x15, 0x15, 0x15, 0x15, 0x15, 0x15, 0x15, 0x15, 0x15, 0x15, 0x15, 0x15, 0x15, 0x15, 0x15, 0x15, 0x15, 0x15, 0x15, 0x15, 0x15, 0x15, 0x15, 0x15, 0x15, 0x15, 0x15, 0x15, 0x15, 
	0x15, 0x15, 0x15, 0x15, 0x15, 0x15, 0x15, 0x15, 0x15, 0x15, 0x15, 0x15, 0x15, 0x15, 0x15, 0x15, 0x15, 0x15, 0x15, 0x15, 0x15, 0x15, 0x15, 0x15, 0x15, 0x15, 0x15, 0x15, 0x15, 0x15, 
	0x15, 0x15, 0x15, 0x15, 0x15, 0x15, 0x15, 0x15, 0x15, 0x15, 0x15, 0x15, 0x15, 0x15, 0x15, 0x15, 0x15, 0x15, 0x15, 0x15, 0x15, 0x15, 0x15, 0x15, 0x15, 0x15, 0x15, 0x15, 0x15, 0x15, 
	0x15, 0x15, 0x15, 0x15, 0x15, 0x15, 0x15, 0x15, 0x15, 0x15, 0x15, 0x15, 0x15, 0x15, 0x15, 0x15, 0x15, 0x15, 0x15, 0x15, 0x15, 0x15, 0x15, 0x15, 0x15, 0x15, 0x15, 0x15, 0x15, 0x15, 
	0x15, 0x15, 0x15, 0x15, 0x15, 0x15, 0x15, 0x15, 0x15, 0x15, 0x15, 0x15, 0x15, 0x15, 0x15, 0x15, 0x15, 0x15, 0x15, 0x15, 0x15, 0x15, 0x15, 0x15, 0x15, 0x15, 0x15, 0x15, 0x15, 0x15, 
	0x15, 0x15, 0x15, 0x15, 0x15, 0x15, 0x15, 0x15, 0x15, 0x15, 0x15, 0x15, 0x15, 0x15, 0x15, 0x15, 0x15, 0x15, 0x15, 0x15, 0x15, 0x15, 0x15, 0x15, 0x15, 0x15, 0x15, 0x15, 0x15, 0x15, 
	0x15, 0x15, 0x15, 0x15, 0x15, 0x15, 0x15, 0x15, 0x15, 0x15, 0x15, 0x15, 0x15, 0x15, 0x15, 0x15, 0x15, 0x15, 0x15, 0x15, 0x15, 0x15, 0x15, 0x15, 0x15, 0x15, 0x15, 0x15, 0x15, 0x15, 
	0x15, 0x15, 0x15, 0x15, 0x15, 0x15, 0x15, 0x15, 0x15, 0x15, 0x15, 0x15, 0x15, 0x15, 0x15, 0x15, 0x15, 0x15, 0x15, 0x15, 0x15, 0x15, 0x15, 0x15, 0x15, 0x15, 0x15, 0x15, 0x15, 0x15, 
	0x15, 0x15, 0x15, 0x15, 0x15, 0x15, 0x15, 0x15, 0x15, 0x15, 0x15, 0x15, 0x15, 0x15, 0x15, 0x15, 0x15, 0x15, 0x15, 0x15, 0x15, 0x15, 0x15, 0x15, 0x15, 0x15, 0x15, 0x15, 0x15, 0x15, 
	0x15, 0x15, 0x15, 0x15, 0x15, 0x15, 0x15, 0x15, 0x15, 0x15, 0x15, 0x15, 0x15, 0x15, 0x15, 0x15, 0x15, 0x15, 0x15, 0x15, 0x15, 0x15, 0x15, 0x15, 0x15, 0x15, 0x15, 0x15, 0x15, 0x15, 
	0x15, 0x15, 0x15, 0x15, 0x15, 0x15, 0x15, 0x15, 0x15, 0x15, 0x15, 0x15, 0x15, 0x15, 0x15, 0x15, 0x15, 0x15, 0x15, 0x15, 0x15, 0x15, 0x15, 0x15, 0x15, 0x15, 0x15, 0x15, 0x15, 0x15, 
	0x15, 0x15, 0x15, 0x15, 0x15, 0x15, 0x15, 0x15, 0x15, 0x15, 0x15, 0x15, 0x15, 0x15, 0x15, 0x15, 0x15, 0x15, 0x15, 0x15, 0x15, 0x15, 0x15, 0x15, 0x15, 0x15, 0x15, 0x15, 0x15, 0x15, 
	0x15, 0x15, 0x15, 0x15, 0x15, 0x15, 0x15, 0x15, 0x15, 0x15, 0x15, 0x15, 0x15, 0x15, 0x15, 0x15, 0x15, 0x15, 0x15, 0x15, 0x15, 0x15, 0x15, 0x15, 0x15, 0x15, 0x15, 0x15, 0x15, 0x15, 
	0x15, 0x15, 0x15, 0x15, 0x15, 0x15, 0x15, 0x15, 0x15, 0x15, 0x15, 0x15, 0x15, 0x15, 0x15, 0x15, 0x15, 0x15, 0x15, 0x15, 0x15, 0x15, 0x15, 0x15, 0x15, 0x15, 0x15, 0x15, 0x15, 0x15, 
	0x15, 0x15, 0x15, 0x15, 0x15, 0x15, 0x15, 0x35, 0x15, 0x15, 0x01, 0x15, 0x15, 0x15, 0x65, 0xB5, 0x6D, 0xB5, 0x0D, 0xB4, 0x25, 0xB4, 0x2D, 0xB4, 0x15, 0x15, 0x15, 0x15, 0x15, 0x15, 
	0x15, 0x15, 0x15, 0x15, 0x15, 0x15, 0x15, 0x15, 0x15, 0x15, 0x15, 0x15, 0x15, 0x15, 0x15, 0x15, 0x15, 0x15, 0x15, 0x15, 0x15, 0x15, 0x15, 0x15, 0x15, 0x15, 0x15, 0x15, 0x15, 0x15, 
	0x15, 0x15, 0x15, 0x15, 0x15, 0x15, 0x15, 0x15, 0x15, 0x15, 0x15, 0x15, 0x15, 0x15, 0x15, 0x15, 0x15, 0x15, 0x15, 0x15, 0x15, 0x15, 0x15, 0x15, 0x15, 0x15, 0x15, 0x15, 0x15, 0x15, 
	0x15, 0x15, 0x15, 0x15, 0x15, 0x15, 0x15, 0x15, 0x15, 0x15, 0x15, 0x15, 0x15, 0x15, 0x15, 0x15, 0x15, 0x15, 0x15, 0x15, 0x15, 0x15, 0x15, 0x15, 0x15, 0x15, 0x15, 0x15, 0x15, 0x15, 
	0x15, 0x15, 0x15, 0x15, 0x15, 0x15, 0x15, 0x15, 0x15, 0x15, 0x15, 0x15, 0x15, 0x15, 0x15, 0x15, 0x15, 0x15, 0x15, 0x15, 0x15, 0x15, 0x15, 0x15, 0x15, 0x15, 0x15, 0x15, 0x15, 0x15, 
	0x15, 0x15, 0x15, 0x15, 0x15, 0x15, 0x15, 0x15, 0x15, 0x15, 0x15, 0x15, 0x15, 0x15, 0x15, 0x15, 0x15, 0x15, 0x15, 0x15, 0x15, 0x15, 0x15, 0x15, 0x15, 0x15, 0x15, 0x15, 0x15, 0x15, 
	0x15, 0x15, 0x15, 0x15, 0x15, 0x15, 0x15, 0x15, 0x15, 0x15, 0x15, 0x15, 0x15, 0x15, 0x15, 0x15, 0x15, 0x15, 0x15, 0x15, 0x15, 0x15, 0x15, 0x15, 0x15, 0x15, 0x15, 0x15, 0x15, 0x15, 
	0x15, 0x15, 0x15, 0x15, 0x15, 0x15, 0x15, 0x15, 0x15, 0x15, 0x15, 0x15, 0x15, 0x15, 0x15, 0x15, 0x15, 0x15, 0x15, 0x15, 0x15, 0x15, 0x15, 0x15, 0x15, 0x15, 0x15, 0x15, 0x15, 0x15, 
	0x15, 0x15, 0x15, 0x15, 0x15, 0x15, 0x15, 0x15, 0x15, 0x15, 0x15, 0x15, 0x15, 0x15, 0x15, 0x15, 0x15, 0x15, 0x15, 0x15, 0x15, 0x15, 0x15, 0x15, 0x15, 0x15, 0x15, 0x15, 0x15, 0x15, 
	0x15, 0x15, 0x15, 0x15, 0x15, 0x15, 0x15, 0x15, 0x15, 0x15, 0x15, 0x15, 0x15, 0x15, 0x15, 0x15, 0x15, 0x15, 0x15, 0x15, 0x15, 0x15, 0x15, 0x15, 0x15, 0x15, 0x15, 0x15, 0x15, 0x15, 
	0x15, 0x15, 0x15, 0x15, 0x15, 0x15, 0x15, 0x15, 0x15, 0x15, 0x15, 0x15, 0x15, 0x15, 0x15, 0x15, 0x15, 0x15, 0x15, 0x15, 0x15, 0x15, 0x15, 0x15, 0x15, 0x15, 0x15, 0x15, 0x15, 0x15, 
	0x15, 0x15, 0x15, 0x15, 0x15, 0x15, 0x15, 0x15, 0x15, 0x15, 0x15, 0x15, 0x15, 0x15, 0x15, 0x15, 0x15, 0x15, 0x15, 0x15, 0x15, 0x15, 0x15, 0x15, 0x15, 0x15, 0x15, 0x15, 0x15, 0x15, 
	0x15, 0x15, 0x15, 0x15, 0x15, 0x15, 0x15, 0x15, 0x15, 0x15, 0x15, 0x15, 0x15, 0x15, 0x15, 0x15, 0x15, 0x15, 0x15, 0x15, 0x15, 0x15, 0x15, 0x15, 0x15, 0x15, 0x15, 0x15, 0x15, 0x15, 
	0x15, 0x15, 0x15, 0x15, 0x15, 0x15, 0x15, 0x15, 0x15, 0x15, 0x15, 0x15, 0x15, 0x15, 0x15, 0x15, 0x15, 0x15, 0x15, 0x15, 0x15, 0x15, 0x15, 0x15, 0x15, 0x15, 0x15, 0x15, 0x15, 0x15, 
	0x15, 0x15, 0x15, 0x15, 0x15, 0x15, 0x15, 0x15, 0x15, 0x15, 0x15, 0x15, 0x15, 0x15, 0x15, 0x15, 0x15, 0x15, 0x15, 0x15, 0x15, 0x15, 0x15, 0x15, 0x15, 0x15, 0x15, 0x15, 0x15, 0x15, 
	0x15, 0x15, 0x15, 0x15, 0x15, 0x15, 0x15, 0x15, 0x15, 0x15, 0x15, 0x15, 0x15, 0x15, 0x15, 0x15, 0x15, 0x15, 0x15, 0x15, 0x15, 0x15, 0x15, 0x15, 0x15, 0x15, 0x15, 0x15, 0x15, 0x15, 
	0x15, 0x15, 0x15, 0x15, 0x15, 0x15, 0x15, 0x15, 0x15, 0x15, 0x15, 0x15, 0x15, 0x15, 0x15, 0x15, 0x15, 0x15, 0x15, 0x15, 0x15, 0x15, 0x15, 0x15, 0x15, 0x15, 0x15, 0x15, 0x15, 0x15, 
	0x15, 0x15, 0x15, 0x15, 0x15, 0x15, 0x15, 0x15, 0x25, 0x12, 0x15, 0x15, 0x15, 0x17, 0x17, 0x15, 0x25, 0x97, 0x12, 0x36, 0x13, 0x1C, 0x3F, 0x93, 0x5D, 0x93, 0xE2, 0x18, 0x14, 0x12, 
	0x17, 0xB5, 0x97, 0x12, 0x01, 0x25, 0x97, 0x12, 0x05, 0x17, 0x14, 0x14, 0x24, 0x1E, 0x25, 0x1C, 0x13, 0x10, 0x3E, 0x1B, 0x16, 0x17, 0x0F, 0x10, 0x15, 0x25, 0x97, 0x14, 0xE5, 0x13, 
	0x1F, 0x3E, 0x13, 0x14, 0x11, 0x14, 0x97, 0x22, 0x17, 0x14, 0x11, 0xB5, 0x97, 0x14, 0xF5, 0x25, 0x97, 0x14, 0xC9, 0x25, 0x97, 0x14, 0xA0, 0x13, 0x1F, 0x3E, 0x13, 0x14, 0x11, 0x14, 
	0x97, 0x22, 0x17, 0x14, 0x1A, 0x25, 0x97, 0x14, 0xB0, 0x16, 0x14, 0x15, 0xB5, 0x97, 0x14, 0x8B, 0xB4, 0x97, 0x14, 0x8F, 0x11, 0x05, 0xB3, 0xA0, 0x93, 0xC0, 0xA1, 0xB4, 0x31, 0x73, 
	0xBB, 0x10, 0xB7, 0x02, 0xCF, 0x9B, 0x75, 0xC3, 0x11, 0x97, 0x14, 0x91, 0x24, 0x97, 0x14, 0x95, 0x25, 0x97, 0x14, 0x69, 0x13, 0x1F, 0x3E, 0x13, 0x14, 0x11, 0x14, 0x97, 0x22, 0x17, 
	0x16, 0x14, 0x24, 0x97, 0x14, 0x79, 0x11, 0x97, 0x14, 0x7D, 0x15, 0x15, 0x15, 0x15, 0xE7, 0x33, 0x81, 0x82, 0xBA, 0x5A, 0xA9, 0xB0, 0x78, 0x14, 0x95, 0xF4, 0x97, 0xB7, 0xE6, 0x67, 
	0xF5, 0x54, 0x34, 0xBF, 0x15, 0x11, 0x15, 0x15, 0x76, 0x20, 0x7B, 0x94, 0xDD, 0x73, 0xDD, 0xC3, 0x6B, 0x16, 0xD9, 0xCE, 0xF9, 0x6E, 0xD1, 0x17, 0x8D, 0x47, 0xAC, 0x9B, 0x15, 0x19, 
	0x15, 0x15, 0xA1, 0x3C, 0x69, 0xD8, 0x5C, 0xC0, 0x95, 0xBB, 0x1B, 0x22, 0x54, 0x32, 0x45, 0xE8, 0x4C, 0x35, 0xDD, 0x00, 0x67, 0xBF, 0x15, 0x05, 0x15, 0x15, 0xA6, 0x7F, 0x06, 0x87, 
	0xE9, 0x52, 0x9E, 0x09, 0x0E, 0x50, 0xF0, 0xEF, 0x3E, 0xF3, 0xB9, 0xDD, 0x98, 0x8B, 0x12, 0x8B, 0x15, 0x35, 0x15, 0x15, 0xA7, 0x6A, 0x68, 0x36, 0x5A, 0xA7, 0x5E, 0x9C, 0x5C, 0x39, 
	0x28, 0x69, 0x91, 0x4F, 0x54, 0x1A, 0xC5, 0x00, 0xE6, 0xD4, 0x15, 0x25, 0x15, 0x15, 0xA4, 0x4D, 0x5E, 0xE4, 0x3A, 0x55, 0x54, 0x27, 0xC5, 0x44, 0x5A, 0xF5, 0x64, 0x7F, 0xF4, 0xCC, 
	0xF2, 0xA0, 0x78, 0x14, 0x15, 0x55, 0x15, 0x15, 0xBE, 0x38, 0x72, 0x6A, 0x95, 0xF6, 0xDF, 0xDE, 0x65, 0x0F, 0xF5, 0x2E, 0xA9, 0x79, 0xE5, 0x5F, 0xBE, 0xE6, 0x87, 0xB3, 0x15, 0x45, 
	0x15, 0x15, 0x78, 0xA9, 0x4A, 0xE3, 0xF6, 0x5A, 0x59, 0xED, 0x20, 0xCE, 0x68, 0x24, 0x1C, 0x5E, 0xF8, 0xEA, 0x55, 0xBD, 0xF7, 0xF7, 0x15, 0x75, 0x15, 0x15, 0x44, 0x57, 0x12, 0xF1, 
	0x34, 0xE4, 0xA7, 0xC2, 0x8D, 0x3D, 0x0A, 0x04, 0x0A, 0x76, 0xC8, 0x69, 0x37, 0x01, 0xB0, 0x53, 0x15, 0x65, 0x15, 0x15, 0x8C, 0xB9, 0x72, 0x66, 0x50, 0x02, 0xDE, 0xFC, 0x2C, 0x15, 
	0x6D, 0x20, 0x2D, 0x1F, 0x86, 0xBA, 0x18, 0xC5, 0x68, 0x35, 0x15, 0x63, 0x15, 0x15, 0xDD, 0x66, 0xC7, 0x51, 0x00, 0xBE, 0x44, 0x1A, 0x13, 0x40, 0xA0, 0x8C, 0x91, 0x0A, 0xAE, 0x2E, 
	0x02, 0xFF, 0x2D, 0x22, 0x15, 0x6D, 0x15, 0x15, 0xD8, 0x9E, 0xD1, 0x39, 0x17, 0x8F, 0x35, 0xE0, 0x79, 0xBA, 0x00, 0xA2, 0xB7, 0x1B, 0x00, 0x57, 0x43, 0x37, 0x61, 0x67, 0x15, 0x6F, 
	0x15, 0x15, 0x18, 0xE9, 0xE4, 0xC1, 0x2D, 0xE0, 0xBD, 0x87, 0xCD, 0xB5, 0xDD, 0x65, 0x0C, 0x83, 0xAE, 0x8D, 0xDA, 0xA2, 0x75, 0x65, 0x15, 0x6B, 0x15, 0x15, 0x61, 0xA0, 0xD9, 0xA3, 
	0x2F, 0xF7, 0x35, 0x9D, 0x25, 0xA2, 0xBD, 0x1D, 0xCB, 0xE2, 0x09, 0x87, 0x7B, 0x93, 0x44, 0x25, 0x15, 0x95, 0x15, 0x15, 0x15, 0x15, 0x15, 0x15, 0x15, 0x15, 0x15, 0x15, 0x15, 0x15, 
	0x15, 0x15, 0x15, 0x15, 0x15, 0x15, 0x15, 0x15, 0x15, 0x15, 0x25, 0x34, 0x25, 0x1C, 0x13, 0x10, 0x3E, 0x1B, 0x16, 0x17, 0x0F, 0x10, 0x15, 0x11, 0x01, 0x2D, 0x63, 0x27, 0x08, 0xA7, 
	0x9E, 0x48, 0x72, 0xCF, 0xF1, 0xBC, 0xBA, 0xE9, 0x50, 0x92, 0x5B, 0x1A, 0x31, 0x04, 0xF1, 0xB5, 0x97, 0x16, 0x35, 0x25, 0x97, 0x16, 0x09, 0x25, 0x97, 0x17, 0x11, 0xB5, 0x16, 0x17, 
	0x14, 0x17, 0x17, 0x05, 0x29, 0x6C, 0x99, 0x2A, 0x45, 0xF8, 0x1F, 0x9C, 0x5E, 0x00, 0x8F, 0xA7, 0xC4, 0x04, 0xC5, 0x66, 0x25, 0x18, 0x13, 0x1C, 0x3F, 0x93, 0x5D, 0x93, 0xE2, 0x18, 
	0x14, 0x14, 0x10, 0x10, 0x15, 0x25, 0x22, 0x24, 0x20, 0x25, 0x26, 0x13, 0x16, 0x40, 0x11, 0x16, 0x06, 0x39, 0x42, 0x51, 0x5E, 0x41, 0x70, 0x66, 0x61, 0x56, 0x70, 0x67, 0x61, 0x35, 
	0x54, 0x71, 0x78, 0x7C, 0x7B, 0x7C, 0x66, 0x61, 0x67, 0x74, 0x61, 0x7A, 0x67, 0x39, 0x24, 0x26, 0x25, 0x27, 0x24, 0x25, 0x21, 0x22, 0x22, 0x23, 0x20, 0x21, 0x2D, 0x2C, 0x25, 0x25, 
	0x25, 0x25, 0x25, 0x0B, 0x02, 0x18, 0x24, 0x26, 0x25, 0x2D, 0x24, 0x20, 0x24, 0x26, 0x21, 0x27, 0x21, 0x22, 0x4F, 0x02, 0x18, 0x27, 0x26, 0x25, 0x2D, 0x24, 0x20, 0x25, 0x25, 0x25, 
	0x25, 0x25, 0x25, 0x4F, 0x25, 0x22, 0x24, 0x20, 0x25, 0x26, 0x13, 0x16, 0x40, 0x11, 0x16, 0x06, 0x39, 0x42, 0x51, 0x5E, 0x41, 0x70, 0x66, 0x61, 0x56, 0x70, 0x67, 0x61, 0x35, 0x54, 
	0x71, 0x78, 0x7C, 0x7B, 0x7C, 0x66, 0x61, 0x67, 0x74, 0x61, 0x7A, 0x67, 0x39, 0x24, 0x26, 0x25, 0x27, 0x24, 0x25, 0x21, 0x22, 0x22, 0x23, 0x20, 0x21, 0x2D, 0x2C, 0x25, 0x25, 0x25, 
	0x25, 0x25, 0x97, 0x14, 0x37, 0x25, 0x18, 0x13, 0x1C, 0x3F, 0x93, 0x5D, 0x93, 0xE2, 0x18, 0x14, 0x14, 0x14, 0x10, 0x15, 0x16, 0x97, 0x14, 0x1A, 0x15, 0x25, 0x97, 0x14, 0x1F, 0x17, 
	0x97, 0x14, 0x14, 0x15, 0xAA, 0x4C, 0xA5, 0x92, 0xC4, 0x6B, 0xEA, 0x61, 0xC7, 0xA2, 0xAB, 0xFE, 0x36, 0x9F, 0xF6, 0x0C, 0xD5, 0x3F, 0x1D, 0x27, 0x74, 0x6F, 0x91, 0x1E, 0xEE, 0x50, 
	0xBD, 0xCD, 0x4D, 0x8A, 0x5C, 0x5E, 0xE2, 0x15, 0xFC, 0x6F, 0xDA, 0x50, 0xE0, 0x30, 0xE1, 0xE7, 0x85, 0x6C, 0x97, 0xE8, 0x7D, 0x41, 0xC4, 0x63, 0xC7, 0x45, 0xF3, 0x4F, 0xAB, 0xD3, 
	0xBD, 0x99, 0x90, 0x03, 0x27, 0xE4, 0x2E, 0xC9, 0x13, 0xBF, 0x4B, 0xB5, 0xE7, 0x3A, 0xF1, 0x95, 0xB3, 0xEA, 0x82, 0x98, 0xFF, 0xC8, 0x59, 0x83, 0x25, 0xDB, 0x69, 0x96, 0xAA, 0x46, 
	0xCD, 0x2B, 0xE4, 0xFD, 0x9B, 0xF9, 0x1C, 0x7B, 0x91, 0x7F, 0x64, 0xB6, 0xEC, 0x0E, 0x0B, 0xD8, 0xCD, 0x16, 0xBC, 0xBA, 0xC0, 0xCA, 0x33, 0x08, 0x0E, 0x9C, 0x28, 0xBA, 0x65, 0x26, 
	0x42, 0x7D, 0xEA, 0xD4, 0x3E, 0xD6, 0x3C, 0xDD, 0xB1, 0x5E, 0x4F, 0xAD, 0xA9, 0x55, 0x0D, 0x97, 0x10, 0x4F, 0x67, 0x03, 0xB4, 0xD1, 0x15, 0xA4, 0x16, 0x35, 0x22, 0xCF, 0x8C, 0x50, 
	0x32, 0xFC, 0x55, 0x5F, 0xB6, 0x09, 0x25, 0x0E, 0x81, 0x3B, 0xD8, 0x46, 0x3E, 0x9B, 0x23, 0x18, 0x5D, 0xE7, 0x05, 0x07, 0x6E, 0x29, 0x50, 0x0E, 0x59, 0xA0, 0x41, 0x43, 0x8D, 0x84, 
	0x45, 0x42, 0xED, 0x89, 0x10, 0xB4, 0xDA, 0x2B, 0x94, 0xD7, 0x61, 0xB0, 0x4E, 0xAA, 0xAA, 0xBE, 0xE8, 0x89, 0xA2, 0xC1, 0x09, 0x8E, 0x3B, 0x0A, 0xA5, 0x33, 0xA7, 0x38, 0xCB, 0x65, 
	0xCE, 0x56, 0x3C, 0xB9, 0xEA, 0xB4, 0xFD, 0xBA, 0xB3, 0xA3, 0x0B, 0xC2, 0xF2, 0x5E, 0x76, 0x11, 0x52, 0x48, 0x79, 0x4C, 0x86, 0xE2, 0xCA, 0x01, 0xC8, 0x59, 0x32, 0xDE, 0x1C, 0x76, 
	0xC0, 0xB3, 0x4E, 0x9C, 0xC4, 0x66, 0x00, 0xEB, 0x8B, 0x15, 0xEA, 0x8B, 0x52, 0x71, 0xF9, 0x19, 0xCD, 0x60, 0x7B, 0x00, 0x17, 0x16, 0x14, 0x15, 0x14, 0xB6, 0x31, 0x25, 0x37, 0x25, 
	0x1E, 0x13, 0x16, 0x40, 0x08, 0x1A, 0x11, 0x11, 0x16, 0x17, 0x11, 0x25, 0x25, 0x06, 0x13, 0x16, 0x40, 0x08, 0x30, 0x11, 0x19, 0x25, 0x1F, 0x13, 0x1D, 0x3E, 0x13, 0x14, 0x10, 0x10, 
	0x12, 0x16, 0x16, 0x25, 0x18, 0x13, 0x1C, 0x3F, 0x93, 0x5D, 0x93, 0xE2, 0x18, 0x14, 0x14, 0x10, 0x10, 0x15, 0x16, 0x97, 0x14, 0x14, 0x15, 0x5E, 0xCE, 0x1A, 0xCF, 0x8C, 0x22, 0x28, 
	0x19, 0xE4, 0x75, 0xC9, 0x5F, 0x89, 0xC9, 0xBB, 0xC8, 0x7B, 0xE3, 0xC0, 0xBB, 0x4C, 0x67, 0xA9, 0xBE, 0x31, 0x1F, 0x6C, 0x08, 0x6E, 0xCF, 0x4B, 0x7A, 0x36, 0x4E, 0x89, 0xE7, 0xBD, 
	0x05, 0xC7, 0xC3, 0xC2, 0x5E, 0xAB, 0xD0, 0x73, 0x5B, 0xAD, 0x45, 0x68, 0xC2, 0x91, 0x42, 0x8D, 0xA6, 0xF3, 0x8C, 0xF4, 0x67, 0xBE, 0xBD, 0x50, 0xE1, 0xA3, 0x66, 0x69, 0x30, 0x9A, 
	0xDE, 0x1E, 0xDE, 0xAD, 0x29, 0xF1, 0x1D, 0x98, 0xA3, 0xF6, 0xD8, 0xE8, 0x76, 0x33, 0x4C, 0x88, 0x15, 0xBF, 0x57, 0x7F, 0x17, 0x34, 0x60, 0x43, 0xF9, 0xC6, 0xD6, 0xDA, 0x58, 0x25, 
	0xA0, 0x43, 0x04, 0xE6, 0x90, 0x4A, 0xC3, 0xF0, 0x9A, 0x54, 0x5E, 0x0D, 0x4E, 0x28, 0x52, 0x02, 0x3B, 0x61, 0x30, 0x1C, 0xA4, 0xED, 0x58, 0xEB, 0xE7, 0x3D, 0x13, 0x44, 0xAD, 0x8B, 
	0x0C, 0x71, 0x81, 0x81, 0x0B, 0x22, 0x3F, 0xE6, 0xE5, 0x51, 0x4D, 0xC8, 0x94, 0x73, 0x19, 0xD2, 0x54, 0xA1, 0x57, 0x4A, 0x2F, 0xBC, 0xAE, 0xEF, 0x4E, 0xEF, 0x84, 0xB0, 0x90, 0x87, 
	0x86, 0xB6, 0xD0, 0x4B, 0xD9, 0x91, 0xC8, 0x72, 0xAA, 0xA8, 0x01, 0xE8, 0xB2, 0x03, 0x7A, 0xF2, 0xF0, 0x28, 0x00, 0xEC, 0x24, 0xF4, 0x8F, 0xC1, 0xAC, 0x97, 0x7F, 0x1A, 0xCA, 0xCA, 
	0xDB, 0x41, 0x93, 0x83, 0x1B, 0x9F, 0xA8, 0x60, 0xA2, 0x0D, 0x63, 0x86, 0xC7, 0x5E, 0x6F, 0xA5, 0x39, 0xCE, 0xD0, 0xB1, 0x03, 0xC3, 0x2C, 0xD5, 0xA2, 0x06, 0xB1, 0xE0, 0xBD, 0x41, 
	0x89, 0x3F, 0xCA, 0x26, 0x19, 0x45, 0xE8, 0xDA, 0xC7, 0x3E, 0xBA, 0xB2, 0x08, 0xB4, 0x5E, 0x47, 0x8D, 0x17, 0xD2, 0x62, 0x9D, 0xB0, 0xC2, 0x44, 0x36, 0xF5, 0x5B, 0xD3, 0xF0, 0xD6, 
	0x8E, 0x72, 0x63, 0xB1, 0x93, 0xB7, 0x32, 0x1D, 0x63, 0x24, 0x97, 0x14, 0xF1, 0x25, 0x97, 0x14, 0xF5, 0x17, 0x14, 0x14, 0x25, 0x5E, 0x25, 0x22, 0x24, 0x20, 0x25, 0x26, 0x13, 0x16, 
	0x40, 0x11, 0x16, 0x06, 0x39, 0x42, 0x51, 0x5E, 0x41, 0x70, 0x66, 0x61, 0x56, 0x70, 0x67, 0x61, 0x35, 0x54, 0x71, 0x78, 0x7C, 0x7B, 0x7C, 0x66, 0x61, 0x67, 0x74, 0x61, 0x7A, 0x67, 
	0x39, 0x24, 0x26, 0x25, 0x27, 0x24, 0x25, 0x21, 0x22, 0x22, 0x23, 0x20, 0x21, 0x2D, 0x2C, 0x25, 0x25, 0x25, 0x25, 0x17, 0x05, 0x29, 0x6C, 0x99, 0x2A, 0x45, 0xF8, 0x1F, 0x9C, 0x5E, 
	0x00, 0x8F, 0xA7, 0xC4, 0x04, 0xC5, 0x66, 0x25, 0x1C, 0x13, 0x10, 0x3E, 0x1B, 0x16, 0x17, 0x0F, 0x10, 0x15, 0xB5, 0x65, 0x25, 0x05, 0x13, 0x1F, 0x3E, 0x13, 0x14, 0x11, 0x14, 0x97, 
	0x22, 0x17, 0x14, 0x19, 0x24, 0x17, 0x25, 0x15, 0x25, 0x0C, 0x13, 0x1C, 0x3F, 0x93, 0x5D, 0x93, 0xE2, 0x18, 0x14, 0x1C, 0x16, 0x24, 0x19, 0x13, 0x1F, 0x3E, 0x13, 0x14, 0x11, 0x14, 
	0x97, 0x22, 0x17, 0x14, 0x11, 0x25, 0x09, 0x13, 0x1F, 0x3E, 0x13, 0x14, 0x11, 0x14, 0x97, 0x22, 0x17, 0x14, 0x1E, 0x24, 0x1B, 0x25, 0x19, 0x13, 0x1F, 0x3E, 0x13, 0x14, 0x11, 0x14, 
	0x97, 0x22, 0x17, 0x14, 0x00, 0x25, 0x36, 0x13, 0x1C, 0x3F, 0x93, 0x5D, 0x93, 0xE2, 0x18, 0x14, 0x1C, 0x11, 0x24, 0x03, 0x11, 0x01, 0x19, 0x6A, 0x62, 0x33, 0x08, 0x48, 0x0F, 0x97, 
	0xF5, 0x11, 0x10, 0x2D, 0xC8, 0x01, 0x91, 0x8D, 0xC1, 0xAA, 0x8B, 0x4F, 0x25, 0x18, 0x13, 0x1C, 0x3F, 0x93, 0x5D, 0x93, 0xE2, 0x18, 0x14, 0x14, 0x14, 0x10, 0x15, 0x11, 0x97, 0x14, 
	0x15, 0x4F, 0xB5, 0xF7, 0xCA, 0x75, 0xDD, 0xB3, 0x51, 0x69, 0x41, 0xFE, 0x6A, 0x97, 0xBC, 0xBF, 0x08, 0x1C, 0x8B, 0xD2, 0xB9, 0x26, 0x75, 0x1D, 0xD7, 0x73, 0xE1, 0x2D, 0xEA, 0xB9, 
	0x5D, 0x25, 0xEA, 0x57, 0xDB, 0x58, 0xF0, 0xFB, 0xA2, 0x04, 0x28, 0xCE, 0x86, 0xB3, 0x34, 0xB9, 0xA6, 0xB6, 0xC8, 0x8F, 0xB5, 0x28, 0xD5, 0xB3, 0x0C, 0xDF, 0xE2, 0x8A, 0x49, 0x3F, 
	0xDF, 0xCC, 0x17, 0x20, 0x63, 0x01, 0x39, 0xA3, 0x67, 0xFF, 0xCA, 0x36, 0x2E, 0x1E, 0x54, 0x2C, 0x66, 0x1B, 0x6A, 0xDD, 0xB8, 0xB2, 0x5E, 0xEA, 0xD9, 0x83, 0x48, 0x8F, 0x9F, 0x79, 
	0x6B, 0xCA, 0xB6, 0x8E, 0xC2, 0xBF, 0xB8, 0x8A, 0x66, 0xEB, 0x30, 0x58, 0xC7, 0x9B, 0x18, 0x4E, 0x52, 0xBF, 0x91, 0xA5, 0xC7, 0x37, 0xFC, 0xA0, 0x28, 0x65, 0x61, 0x0A, 0x4C, 0xAB, 
	0xB8, 0x4B, 0x72, 0x00, 0x0B, 0xCF, 0x6B, 0xE5, 0x84, 0x6B, 0x0F, 0xAE, 0xD2, 0xCD, 0x2E, 0xA6, 0x96, 0x4C, 0xBC, 0xBF, 0xED, 0x4C, 0x69, 0xA8, 0x8E, 0xF8, 0x48, 0x08, 0x97, 0xC5, 
	0xE6, 0x6A, 0x49, 0x8D, 0x51, 0x92, 0x83, 0x12, 0x0A, 0xDF, 0x0C, 0x08, 0xEF, 0x94, 0xF8, 0xF5, 0xDA, 0x9C, 0xE9, 0x33, 0x50, 0xFD, 0xB3, 0x60, 0x0B, 0xE3, 0xA6, 0xFE, 0x3E, 0x35, 
	0x19, 0x94, 0x25, 0x4A, 0x31, 0x4A, 0x2A, 0xF6, 0xF2, 0x5D, 0xEB, 0x7E, 0xCB, 0xBA, 0x2F, 0x9C, 0xEC, 0x80, 0xCD, 0x23, 0x58, 0x83, 0xFD, 0x5E, 0x0D, 0x2A, 0xD0, 0x76, 0x93, 0x6B, 
	0xCF, 0xB2, 0x90, 0x3D, 0xC4, 0xF5, 0xE6, 0xFC, 0xD0, 0xC7, 0xB5, 0x8F, 0xDD, 0x09, 0xAE, 0x84, 0x4E, 0xF4, 0x57, 0xAA, 0x98, 0x3F, 0x71, 0x94, 0x2E, 0xC8, 0x4A, 0xAB, 0x36, 0xF6, 
	0xDC, 0xB6, 0x0D, 0xE3, 0xF7, 0x7F, 0x47, 0xA8, 0x54, 0x7A, 0x00, 0xA4, 0x88, 0xA2, 0x7E, 0xDD, 0x31, 0x15, 
};